
h:/IOT2/IOT2/pottySense/lasPotential/target/5.9.0/p2/lasPotential.elf:     file format elf32-littlearm

Sections:
Idx Name          Size      VMA       LMA       File off  Algn
  0 .module_info  00000018  085fd000  085fd000  0000d000  2**0
                  CONTENTS, ALLOC, LOAD, READONLY, DATA
  1 .text         0000008c  085fd018  085fd018  0000d018  2**2
                  CONTENTS, ALLOC, LOAD, READONLY, CODE
  2 .dynalib      00000008  023fe168  085fd0a8  0000e168  2**3
                  CONTENTS, ALLOC, LOAD, READONLY, DATA
  3 .psram_text   00001e88  023fe170  085fd0b0  0000e170  2**2
                  CONTENTS, ALLOC, LOAD, CODE
  4 .data_alt     00000000  023ffff8  023ffff8  00020000  2**0
                  CONTENTS
  5 .bss_alt      00000000  023ffff8  023ffff8  00020000  2**0
                  CONTENTS
  6 .data         00000070  1007addc  085fef38  0001addc  2**2
                  CONTENTS, ALLOC, LOAD, DATA
  7 .bss          000001b0  1007ae4c  1007ae4c  0002ae4c  2**2
                  ALLOC
  8 .secure_ram_text 00000000  1007e000  1007e000  00020000  2**0
                  CONTENTS
  9 .backup       00000004  1007b400  085fefa8  0001b400  2**2
                  CONTENTS, ALLOC, LOAD, DATA
 10 .module_info_suffix_align 0000100c  085fefac  085fefac  0001efac  2**0
                  ALLOC
 11 .module_info_product 00000006  085fffb8  085fffb8  0001efac  2**0
                  ALLOC
 12 .module_info_suffix 0000003e  085fffbe  085fffbe  0001ffbe  2**0
                  CONTENTS, ALLOC, LOAD, READONLY, DATA
 13 .module_info_crc 00000004  085ffffc  085ffffc  0001fffc  2**0
                  CONTENTS, ALLOC, LOAD, READONLY, DATA
 14 .debug_info   0012fd62  00000000  00000000  00020000  2**0
                  CONTENTS, READONLY, DEBUGGING, OCTETS
 15 .debug_abbrev 0001330f  00000000  00000000  0014fd62  2**0
                  CONTENTS, READONLY, DEBUGGING, OCTETS
 16 .debug_loc    00038f2c  00000000  00000000  00163071  2**0
                  CONTENTS, READONLY, DEBUGGING, OCTETS
 17 .debug_aranges 00002b68  00000000  00000000  0019bf9d  2**0
                  CONTENTS, READONLY, DEBUGGING, OCTETS
 18 .debug_ranges 0000ac30  00000000  00000000  0019eb05  2**0
                  CONTENTS, READONLY, DEBUGGING, OCTETS
 19 .debug_macro  00028bec  00000000  00000000  001a9735  2**0
                  CONTENTS, READONLY, DEBUGGING, OCTETS
 20 .debug_line   00043544  00000000  00000000  001d2321  2**0
                  CONTENTS, READONLY, DEBUGGING, OCTETS
 21 .debug_str    000e4080  00000000  00000000  00215865  2**0
                  CONTENTS, READONLY, DEBUGGING, OCTETS
 22 .debug_frame  00007894  00000000  00000000  002f98e8  2**2
                  CONTENTS, READONLY, DEBUGGING, OCTETS

Disassembly of section .text:

085fd018 <module_user_pre_init>:
 * Initializes this user module. Returns the start of the heap.
 */
__attribute__((section(".xip.text"))) void* module_user_pre_init() {
    // NOTE: Must invoke APIs in ROM
    // Copy .data
    if ( (&link_global_data_start != &link_global_data_initial_values) && (link_global_data_size != 0))
 85fd018:	4813      	ldr	r0, [pc, #76]	; (85fd068 <module_user_pre_init+0x50>)
 85fd01a:	4914      	ldr	r1, [pc, #80]	; (85fd06c <module_user_pre_init+0x54>)
__attribute__((section(".xip.text"))) void* module_user_pre_init() {
 85fd01c:	b508      	push	{r3, lr}
    if ( (&link_global_data_start != &link_global_data_initial_values) && (link_global_data_size != 0))
 85fd01e:	4288      	cmp	r0, r1
 85fd020:	d005      	beq.n	85fd02e <module_user_pre_init+0x16>
 85fd022:	4a13      	ldr	r2, [pc, #76]	; (85fd070 <module_user_pre_init+0x58>)
 85fd024:	4282      	cmp	r2, r0
 85fd026:	d002      	beq.n	85fd02e <module_user_pre_init+0x16>
    {
        _memcpy(&link_global_data_start, &link_global_data_initial_values, link_global_data_size);
 85fd028:	4b12      	ldr	r3, [pc, #72]	; (85fd074 <module_user_pre_init+0x5c>)
 85fd02a:	1a12      	subs	r2, r2, r0
 85fd02c:	4798      	blx	r3
    }

    // Initialize .bss
    _memset(&link_bss_location, 0, link_bss_size );
 85fd02e:	4812      	ldr	r0, [pc, #72]	; (85fd078 <module_user_pre_init+0x60>)
 85fd030:	4a12      	ldr	r2, [pc, #72]	; (85fd07c <module_user_pre_init+0x64>)
 85fd032:	2100      	movs	r1, #0
 85fd034:	4b12      	ldr	r3, [pc, #72]	; (85fd080 <module_user_pre_init+0x68>)
 85fd036:	1a12      	subs	r2, r2, r0
 85fd038:	4798      	blx	r3

    // Copy .dynalib
    if ( (&link_dynalib_start != &link_dynalib_flash_start) && (link_dynalib_size != 0))
 85fd03a:	4812      	ldr	r0, [pc, #72]	; (85fd084 <module_user_pre_init+0x6c>)
 85fd03c:	4912      	ldr	r1, [pc, #72]	; (85fd088 <module_user_pre_init+0x70>)
 85fd03e:	4288      	cmp	r0, r1
 85fd040:	d005      	beq.n	85fd04e <module_user_pre_init+0x36>
 85fd042:	4a12      	ldr	r2, [pc, #72]	; (85fd08c <module_user_pre_init+0x74>)
 85fd044:	4282      	cmp	r2, r0
 85fd046:	d002      	beq.n	85fd04e <module_user_pre_init+0x36>
    {
        _memcpy(&link_dynalib_start, &link_dynalib_flash_start, link_dynalib_size);
 85fd048:	4b0a      	ldr	r3, [pc, #40]	; (85fd074 <module_user_pre_init+0x5c>)
 85fd04a:	1a12      	subs	r2, r2, r0
 85fd04c:	4798      	blx	r3
    }

    // Copy .psram_text
    if ( (&link_psram_code_start != &link_psram_code_flash_start) && (link_psram_code_size != 0))
 85fd04e:	4810      	ldr	r0, [pc, #64]	; (85fd090 <module_user_pre_init+0x78>)
 85fd050:	4910      	ldr	r1, [pc, #64]	; (85fd094 <module_user_pre_init+0x7c>)
 85fd052:	4288      	cmp	r0, r1
 85fd054:	d005      	beq.n	85fd062 <module_user_pre_init+0x4a>
 85fd056:	4a10      	ldr	r2, [pc, #64]	; (85fd098 <module_user_pre_init+0x80>)
 85fd058:	4282      	cmp	r2, r0
 85fd05a:	d002      	beq.n	85fd062 <module_user_pre_init+0x4a>
    {
        _memcpy(&link_psram_code_start, &link_psram_code_flash_start, link_psram_code_size);
 85fd05c:	4b05      	ldr	r3, [pc, #20]	; (85fd074 <module_user_pre_init+0x5c>)
 85fd05e:	1a12      	subs	r2, r2, r0
 85fd060:	4798      	blx	r3
    }

    return &link_global_data_start;
}
 85fd062:	4801      	ldr	r0, [pc, #4]	; (85fd068 <module_user_pre_init+0x50>)
 85fd064:	bd08      	pop	{r3, pc}
 85fd066:	bf00      	nop
 85fd068:	1007addc 	.word	0x1007addc
 85fd06c:	085fef38 	.word	0x085fef38
 85fd070:	1007ae4c 	.word	0x1007ae4c
 85fd074:	10110d2d 	.word	0x10110d2d
 85fd078:	1007ae4c 	.word	0x1007ae4c
 85fd07c:	1007affc 	.word	0x1007affc
 85fd080:	10110ea1 	.word	0x10110ea1
 85fd084:	023fe168 	.word	0x023fe168
 85fd088:	085fd0a8 	.word	0x085fd0a8
 85fd08c:	023fe170 	.word	0x023fe170
 85fd090:	023fe170 	.word	0x023fe170
 85fd094:	085fd0b0 	.word	0x085fd0b0
 85fd098:	023ffff8 	.word	0x023ffff8

085fd09c <dynalib_preinit>:
 85fd09c:	085fd019 00000000                       .._.....

Disassembly of section .psram_text:

023fe170 <strlen>:
 23fe170:	4603      	mov	r3, r0
 23fe172:	f813 2b01 	ldrb.w	r2, [r3], #1
 23fe176:	2a00      	cmp	r2, #0
 23fe178:	d1fb      	bne.n	23fe172 <strlen+0x2>
 23fe17a:	1a18      	subs	r0, r3, r0
 23fe17c:	3801      	subs	r0, #1
 23fe17e:	4770      	bx	lr

023fe180 <module_user_init>:
extern constructor_ptr_t link_constructors_location[];
extern constructor_ptr_t link_constructors_end;
#define link_constructors_size   ((unsigned long)&link_constructors_end  -  (unsigned long)&link_constructors_location )

void module_user_init()
{
 23fe180:	b570      	push	{r4, r5, r6, lr}
    module_user_init_hook();
 23fe182:	f001 f8a5 	bl	23ff2d0 <module_user_init_hook>

    // invoke constructors
    unsigned ctor_num;
    for (ctor_num=0; ctor_num < link_constructors_size/sizeof(constructor_ptr_t); ctor_num++ )
 23fe186:	2500      	movs	r5, #0
 23fe188:	4e05      	ldr	r6, [pc, #20]	; (23fe1a0 <module_user_init+0x20>)
 23fe18a:	4c06      	ldr	r4, [pc, #24]	; (23fe1a4 <module_user_init+0x24>)
 23fe18c:	1ba4      	subs	r4, r4, r6
 23fe18e:	08a4      	lsrs	r4, r4, #2
 23fe190:	42ac      	cmp	r4, r5
 23fe192:	d100      	bne.n	23fe196 <module_user_init+0x16>
    {
        link_constructors_location[ctor_num]();
    }
}
 23fe194:	bd70      	pop	{r4, r5, r6, pc}
        link_constructors_location[ctor_num]();
 23fe196:	f856 3b04 	ldr.w	r3, [r6], #4
 23fe19a:	4798      	blx	r3
    for (ctor_num=0; ctor_num < link_constructors_size/sizeof(constructor_ptr_t); ctor_num++ )
 23fe19c:	3501      	adds	r5, #1
 23fe19e:	e7f7      	b.n	23fe190 <module_user_init+0x10>
 23fe1a0:	023fffd0 	.word	0x023fffd0
 23fe1a4:	023ffff8 	.word	0x023ffff8

023fe1a8 <module_user_setup>:

/**
 * Export these functions with a fuller name so they don't clash with the setup/loop wrappers in the system module.
 */
void module_user_setup() {
    setup();
 23fe1a8:	f000 b814 	b.w	23fe1d4 <setup>

023fe1ac <module_user_loop>:
}

void module_user_loop() {
 23fe1ac:	b508      	push	{r3, lr}
    loop();
 23fe1ae:	f000 f853 	bl	23fe258 <loop>
    _post_loop();
}
 23fe1b2:	e8bd 4008 	ldmia.w	sp!, {r3, lr}
    _post_loop();
 23fe1b6:	f001 b843 	b.w	23ff240 <_post_loop>

023fe1ba <_Znaj>:
 23fe1ba:	f000 be81 	b.w	23feec0 <malloc>

023fe1be <_ZdlPvj>:
	free(p);
}

void operator delete(void *p, size_t size)
{
	free(p);
 23fe1be:	f000 be8d 	b.w	23feedc <free>

023fe1c2 <__cxa_guard_acquire>:

/* Provide default implemenation for __cxa_guard_acquire() and
 * __cxa_guard_release(). Note: these must be revisited if a multitasking
 * OS is ported to this platform. */
__extension__ typedef int __guard __attribute__((mode (__DI__)));
int __cxa_guard_acquire(__guard *g) {return !*(char *)(g);};
 23fe1c2:	7800      	ldrb	r0, [r0, #0]
 23fe1c4:	fab0 f080 	clz	r0, r0
 23fe1c8:	0940      	lsrs	r0, r0, #5
 23fe1ca:	4770      	bx	lr

023fe1cc <__cxa_guard_release>:
void __cxa_guard_release (__guard *g) {*(char *)g = 1;};
 23fe1cc:	2301      	movs	r3, #1
 23fe1ce:	7003      	strb	r3, [r0, #0]
 23fe1d0:	4770      	bx	lr
	...

023fe1d4 <setup>:
/// OBJECTS//////
///////////////
Adafruit_NeoPixel pixel(PIXELCOUNT, SPI1, WS2812B);

void setup()
{
 23fe1d4:	b538      	push	{r3, r4, r5, lr}
  Serial.begin();
 23fe1d6:	f001 f987 	bl	23ff4e8 <_Z16_fetch_usbserialv>
 23fe1da:	f44f 5116 	mov.w	r1, #9600	; 0x2580
 23fe1de:	f001 f973 	bl	23ff4c8 <_ZN9USBSerial5beginEl>
        HAL_Core_Button_Mirror_Pin_Disable((uint8_t)bootloader, 0, nullptr);
    }

    // This function is similar to the global millis() but returns a 64-bit value
    static uint64_t millis() {
        return hal_timer_millis(nullptr);
 23fe1e2:	2000      	movs	r0, #0
 23fe1e4:	f000 fb5c 	bl	23fe8a0 <hal_timer_millis>
        while (_while() && !_condition()) {
 23fe1e8:	f242 7510 	movw	r5, #10000	; 0x2710
        return hal_timer_millis(nullptr);
 23fe1ec:	4604      	mov	r4, r0
 23fe1ee:	2000      	movs	r0, #0
 23fe1f0:	f000 fb56 	bl	23fe8a0 <hal_timer_millis>
        return waitConditionWhile(_condition, [=]{ return (millis()-start)<timeout; });
 23fe1f4:	1b00      	subs	r0, r0, r4
 23fe1f6:	f161 0100 	sbc.w	r1, r1, #0
        while (_while() && !_condition()) {
 23fe1fa:	42a8      	cmp	r0, r5
 23fe1fc:	f171 0300 	sbcs.w	r3, r1, #0
 23fe200:	d207      	bcs.n	23fe212 <setup+0x3e>
  waitFor(Serial.isConnected, 10000);
 23fe202:	f001 f971 	bl	23ff4e8 <_Z16_fetch_usbserialv>
 23fe206:	f001 f963 	bl	23ff4d0 <_ZN9USBSerial11isConnectedEv>
 23fe20a:	b910      	cbnz	r0, 23fe212 <setup+0x3e>
            spark_process();
 23fe20c:	f000 fe3c 	bl	23fee88 <spark_process>
        while (_while() && !_condition()) {
 23fe210:	e7ed      	b.n	23fe1ee <setup+0x1a>
 23fe212:	f001 f969 	bl	23ff4e8 <_Z16_fetch_usbserialv>
 23fe216:	f001 f95b 	bl	23ff4d0 <_ZN9USBSerial11isConnectedEv>

  /////////
  // pinMode
  /////////
  pinMode(LAS, OUTPUT);
 23fe21a:	2101      	movs	r1, #1
 23fe21c:	2003      	movs	r0, #3
 23fe21e:	f001 fb7f 	bl	23ff920 <pinMode>
  pinMode(PHOTO, INPUT);
 23fe222:	2100      	movs	r1, #0
 23fe224:	200b      	movs	r0, #11
 23fe226:	f001 fb7b 	bl	23ff920 <pinMode>

  /////////
  // neopixel
  /////////
  pixel.begin();
 23fe22a:	480a      	ldr	r0, [pc, #40]	; (23fe254 <setup+0x80>)
 23fe22c:	f000 f8c4 	bl	23fe3b8 <_ZN17Adafruit_NeoPixel5beginEv>
  pixel.setBrightness(10);
 23fe230:	210a      	movs	r1, #10
 23fe232:	4808      	ldr	r0, [pc, #32]	; (23fe254 <setup+0x80>)
 23fe234:	f000 fa73 	bl	23fe71e <_ZN17Adafruit_NeoPixel13setBrightnessEh>
  for (int i = 0; i < PIXELCOUNT; i++)
 23fe238:	2400      	movs	r4, #0
  {
    pixel.setPixelColor(i, blue);
 23fe23a:	4d06      	ldr	r5, [pc, #24]	; (23fe254 <setup+0x80>)
 23fe23c:	b2a1      	uxth	r1, r4
 23fe23e:	22ff      	movs	r2, #255	; 0xff
 23fe240:	4628      	mov	r0, r5
 23fe242:	f000 fa29 	bl	23fe698 <_ZN17Adafruit_NeoPixel13setPixelColorEtm>
  for (int i = 0; i < PIXELCOUNT; i++)
 23fe246:	3401      	adds	r4, #1
    pixel.show();
 23fe248:	4628      	mov	r0, r5
 23fe24a:	f000 f91b 	bl	23fe484 <_ZN17Adafruit_NeoPixel4showEv>
  for (int i = 0; i < PIXELCOUNT; i++)
 23fe24e:	2c0c      	cmp	r4, #12
 23fe250:	d1f4      	bne.n	23fe23c <setup+0x68>
  }
}
 23fe252:	bd38      	pop	{r3, r4, r5, pc}
 23fe254:	1007ae64 	.word	0x1007ae64

023fe258 <loop>:

void loop()
{
 23fe258:	b5f8      	push	{r3, r4, r5, r6, r7, lr}
  if (reading > 38)
 23fe25a:	4d1c      	ldr	r5, [pc, #112]	; (23fe2cc <loop+0x74>)
  {
    for (int i = 0; i < PIXELCOUNT; i++)
 23fe25c:	2400      	movs	r4, #0
  if (reading > 38)
 23fe25e:	682b      	ldr	r3, [r5, #0]
 23fe260:	2b26      	cmp	r3, #38	; 0x26
 23fe262:	dd26      	ble.n	23fe2b2 <loop+0x5a>
    {
      pixel.setPixelColor(i, yellow);
 23fe264:	4f1a      	ldr	r7, [pc, #104]	; (23fe2d0 <loop+0x78>)
 23fe266:	4e1b      	ldr	r6, [pc, #108]	; (23fe2d4 <loop+0x7c>)
 23fe268:	b2a1      	uxth	r1, r4
 23fe26a:	463a      	mov	r2, r7
 23fe26c:	4630      	mov	r0, r6
 23fe26e:	f000 fa13 	bl	23fe698 <_ZN17Adafruit_NeoPixel13setPixelColorEtm>
    for (int i = 0; i < PIXELCOUNT; i++)
 23fe272:	3401      	adds	r4, #1
      pixel.show();
 23fe274:	4630      	mov	r0, r6
 23fe276:	f000 f905 	bl	23fe484 <_ZN17Adafruit_NeoPixel4showEv>
    for (int i = 0; i < PIXELCOUNT; i++)
 23fe27a:	2c0c      	cmp	r4, #12
 23fe27c:	d1f4      	bne.n	23fe268 <loop+0x10>
    {
      pixel.setPixelColor(i, blue);
      pixel.show();
    }
  }
  digitalWrite(LAS, HIGH);
 23fe27e:	2101      	movs	r1, #1
 23fe280:	2003      	movs	r0, #3
 23fe282:	f001 fb5e 	bl	23ff942 <digitalWrite>
  reading = analogRead(PHOTO);
 23fe286:	200b      	movs	r0, #11
 23fe288:	f001 fb87 	bl	23ff99a <analogRead>
 23fe28c:	6028      	str	r0, [r5, #0]
  delay(10000);
 23fe28e:	f242 7010 	movw	r0, #10000	; 0x2710
 23fe292:	f000 ff9d 	bl	23ff1d0 <delay>

  // Serial.printf("read %i\n",reading);
  // delay(2000);

  digitalWrite(LAS, LOW);
 23fe296:	2100      	movs	r1, #0
 23fe298:	2003      	movs	r0, #3
 23fe29a:	f001 fb52 	bl	23ff942 <digitalWrite>
  reading = analogRead(PHOTO);
 23fe29e:	200b      	movs	r0, #11
 23fe2a0:	f001 fb7b 	bl	23ff99a <analogRead>
 23fe2a4:	6028      	str	r0, [r5, #0]
  delay(10000);
 23fe2a6:	f242 7010 	movw	r0, #10000	; 0x2710

  // Serial.printf("read %i\n",reading);
  // delay(2000);
}
 23fe2aa:	e8bd 40f8 	ldmia.w	sp!, {r3, r4, r5, r6, r7, lr}
  delay(10000);
 23fe2ae:	f000 bf8f 	b.w	23ff1d0 <delay>
      pixel.setPixelColor(i, blue);
 23fe2b2:	4e08      	ldr	r6, [pc, #32]	; (23fe2d4 <loop+0x7c>)
 23fe2b4:	b2a1      	uxth	r1, r4
 23fe2b6:	22ff      	movs	r2, #255	; 0xff
 23fe2b8:	4630      	mov	r0, r6
 23fe2ba:	f000 f9ed 	bl	23fe698 <_ZN17Adafruit_NeoPixel13setPixelColorEtm>
    for (int i = 0; i < PIXELCOUNT; i++)
 23fe2be:	3401      	adds	r4, #1
      pixel.show();
 23fe2c0:	4630      	mov	r0, r6
 23fe2c2:	f000 f8df 	bl	23fe484 <_ZN17Adafruit_NeoPixel4showEv>
    for (int i = 0; i < PIXELCOUNT; i++)
 23fe2c6:	2c0c      	cmp	r4, #12
 23fe2c8:	d1f4      	bne.n	23fe2b4 <loop+0x5c>
 23fe2ca:	e7d8      	b.n	23fe27e <loop+0x26>
 23fe2cc:	1007ae7c 	.word	0x1007ae7c
 23fe2d0:	00ffff00 	.word	0x00ffff00
 23fe2d4:	1007ae64 	.word	0x1007ae64

023fe2d8 <_GLOBAL__sub_I_reading>:
              error_(SYSTEM_ERROR_NONE) {
 23fe2d8:	2200      	movs	r2, #0
 23fe2da:	4b11      	ldr	r3, [pc, #68]	; (23fe320 <_GLOBAL__sub_I_reading+0x48>)
}
 23fe2dc:	b510      	push	{r4, lr}
 23fe2de:	e9c3 2200 	strd	r2, r2, [r3]
    SleepResult() {}
 23fe2e2:	f5a2 3280 	sub.w	r2, r2, #65536	; 0x10000
        set_system_mode(mode);
 23fe2e6:	2002      	movs	r0, #2
    SleepResult() {}
 23fe2e8:	609a      	str	r2, [r3, #8]
        set_system_mode(mode);
 23fe2ea:	f000 fcd1 	bl	23fec90 <set_system_mode>

template <hal_spi_interface_t Interface>
class SpiProxy {
public:
    static SPIClass& instance() {
        static SPIClass instance(Interface);
 23fe2ee:	4c0d      	ldr	r4, [pc, #52]	; (23fe324 <_GLOBAL__sub_I_reading+0x4c>)
 23fe2f0:	e8d4 3f8f 	ldab	r3, [r4]
 23fe2f4:	07db      	lsls	r3, r3, #31
 23fe2f6:	d40a      	bmi.n	23fe30e <_GLOBAL__sub_I_reading+0x36>
 23fe2f8:	4620      	mov	r0, r4
 23fe2fa:	f7ff ff62 	bl	23fe1c2 <__cxa_guard_acquire>
 23fe2fe:	b130      	cbz	r0, 23fe30e <_GLOBAL__sub_I_reading+0x36>
 23fe300:	2101      	movs	r1, #1
 23fe302:	4809      	ldr	r0, [pc, #36]	; (23fe328 <_GLOBAL__sub_I_reading+0x50>)
 23fe304:	f000 fe58 	bl	23fefb8 <_ZN8SPIClassC1E19hal_spi_interface_t>
 23fe308:	4620      	mov	r0, r4
 23fe30a:	f7ff ff5f 	bl	23fe1cc <__cxa_guard_release>
 23fe30e:	e8bd 4010 	ldmia.w	sp!, {r4, lr}
Adafruit_NeoPixel pixel(PIXELCOUNT, SPI1, WS2812B);
 23fe312:	2302      	movs	r3, #2
 23fe314:	210c      	movs	r1, #12
 23fe316:	4a04      	ldr	r2, [pc, #16]	; (23fe328 <_GLOBAL__sub_I_reading+0x50>)
 23fe318:	4804      	ldr	r0, [pc, #16]	; (23fe32c <_GLOBAL__sub_I_reading+0x54>)
 23fe31a:	f000 b83e 	b.w	23fe39a <_ZN17Adafruit_NeoPixelC1EtR8SPIClassh>
 23fe31e:	bf00      	nop
 23fe320:	1007ae58 	.word	0x1007ae58
 23fe324:	1007ae4c 	.word	0x1007ae4c
 23fe328:	1007ae50 	.word	0x1007ae50
 23fe32c:	1007ae64 	.word	0x1007ae64

023fe330 <_ZNK5spark6Logger5errorEPKcz>:
    va_start(args, fmt);
    log(LOG_LEVEL_WARN, fmt, args);
    va_end(args);
}

inline void spark::Logger::error(const char *fmt, ...) const {
 23fe330:	b40e      	push	{r1, r2, r3}
}

inline void spark::Logger::log(LogLevel level, const char *fmt, va_list args) const {
    LogAttributes attr;
    attr.size = sizeof(LogAttributes);
    attr.flags = 0;
 23fe332:	f04f 0c20 	mov.w	ip, #32
 23fe336:	2300      	movs	r3, #0
inline void spark::Logger::error(const char *fmt, ...) const {
 23fe338:	b500      	push	{lr}
 23fe33a:	b08c      	sub	sp, #48	; 0x30
 23fe33c:	aa0d      	add	r2, sp, #52	; 0x34
 23fe33e:	f852 1b04 	ldr.w	r1, [r2], #4
    attr.flags = 0;
 23fe342:	e9cd c304 	strd	ip, r3, [sp, #16]
    log_message_v(level, name_, &attr, nullptr, fmt, args);
 23fe346:	e9cd 1200 	strd	r1, r2, [sp]
    va_start(args, fmt);
 23fe34a:	9203      	str	r2, [sp, #12]
    log_message_v(level, name_, &attr, nullptr, fmt, args);
 23fe34c:	6801      	ldr	r1, [r0, #0]
 23fe34e:	aa04      	add	r2, sp, #16
 23fe350:	2032      	movs	r0, #50	; 0x32
 23fe352:	f000 fc8f 	bl	23fec74 <log_message_v>
}
 23fe356:	b00c      	add	sp, #48	; 0x30
 23fe358:	f85d eb04 	ldr.w	lr, [sp], #4
 23fe35c:	b003      	add	sp, #12
 23fe35e:	4770      	bx	lr

023fe360 <_ZN17Adafruit_NeoPixel12updateLengthEt>:

uint8_t Adafruit_NeoPixel::getType() const {
    return type;
}

void Adafruit_NeoPixel::updateLength(uint16_t n) {
 23fe360:	b538      	push	{r3, r4, r5, lr}
 23fe362:	4604      	mov	r4, r0
  if (pixels) free(pixels); // Free existing data (if any)
 23fe364:	68c0      	ldr	r0, [r0, #12]
void Adafruit_NeoPixel::updateLength(uint16_t n) {
 23fe366:	460d      	mov	r5, r1
  if (pixels) free(pixels); // Free existing data (if any)
 23fe368:	b108      	cbz	r0, 23fe36e <_ZN17Adafruit_NeoPixel12updateLengthEt+0xe>
 23fe36a:	f000 fdb7 	bl	23feedc <free>

  // Allocate new data -- note: ALL PIXELS ARE CLEARED
  numBytes = n * ((type == SK6812RGBW) ? 4 : 3);
 23fe36e:	79a3      	ldrb	r3, [r4, #6]
 23fe370:	2b06      	cmp	r3, #6
 23fe372:	bf0c      	ite	eq
 23fe374:	2004      	moveq	r0, #4
 23fe376:	2003      	movne	r0, #3
 23fe378:	fb10 f005 	smulbb	r0, r0, r5
 23fe37c:	b280      	uxth	r0, r0
 23fe37e:	80a0      	strh	r0, [r4, #4]
  if ((pixels = (uint8_t *)malloc(numBytes))) {
 23fe380:	f000 fd9e 	bl	23feec0 <malloc>
 23fe384:	60e0      	str	r0, [r4, #12]
 23fe386:	b128      	cbz	r0, 23fe394 <_ZN17Adafruit_NeoPixel12updateLengthEt+0x34>
    memset(pixels, 0, numBytes);
 23fe388:	2100      	movs	r1, #0
 23fe38a:	88a2      	ldrh	r2, [r4, #4]
 23fe38c:	f001 fc2b 	bl	23ffbe6 <memset>
    numLEDs = n;
 23fe390:	8065      	strh	r5, [r4, #2]
  } else {
    numLEDs = numBytes = 0;
  }
}
 23fe392:	bd38      	pop	{r3, r4, r5, pc}
    numLEDs = numBytes = 0;
 23fe394:	80a0      	strh	r0, [r4, #4]
 23fe396:	8060      	strh	r0, [r4, #2]
}
 23fe398:	e7fb      	b.n	23fe392 <_ZN17Adafruit_NeoPixel12updateLengthEt+0x32>

023fe39a <_ZN17Adafruit_NeoPixelC1EtR8SPIClassh>:
Adafruit_NeoPixel::Adafruit_NeoPixel(uint16_t n, SPIClass& spi, uint8_t t) :
 23fe39a:	b570      	push	{r4, r5, r6, lr}
  begun(false), type(t), brightness(0), pixels(NULL), endTime(0)
 23fe39c:	2500      	movs	r5, #0
Adafruit_NeoPixel::Adafruit_NeoPixel(uint16_t n, SPIClass& spi, uint8_t t) :
 23fe39e:	4604      	mov	r4, r0
 23fe3a0:	4616      	mov	r6, r2
  begun(false), type(t), brightness(0), pixels(NULL), endTime(0)
 23fe3a2:	e9c0 5503 	strd	r5, r5, [r0, #12]
 23fe3a6:	7005      	strb	r5, [r0, #0]
 23fe3a8:	7183      	strb	r3, [r0, #6]
 23fe3aa:	7205      	strb	r5, [r0, #8]
  updateLength(n);
 23fe3ac:	f7ff ffd8 	bl	23fe360 <_ZN17Adafruit_NeoPixel12updateLengthEt>
}
 23fe3b0:	4620      	mov	r0, r4
  spi_ = &spi;
 23fe3b2:	6166      	str	r6, [r4, #20]
}
 23fe3b4:	bd70      	pop	{r4, r5, r6, pc}
	...

023fe3b8 <_ZN17Adafruit_NeoPixel5beginEv>:

void Adafruit_NeoPixel::begin(void) {
 23fe3b8:	e92d 4ff7 	stmdb	sp!, {r0, r1, r2, r4, r5, r6, r7, r8, r9, sl, fp, lr}
#if (PLATFORM_ID == 32)
  if (getType() == WS2812B) {
 23fe3bc:	7983      	ldrb	r3, [r0, #6]
void Adafruit_NeoPixel::begin(void) {
 23fe3be:	4604      	mov	r4, r0
  if (getType() == WS2812B) {
 23fe3c0:	2b02      	cmp	r3, #2
 23fe3c2:	d14e      	bne.n	23fe462 <_ZN17Adafruit_NeoPixel5beginEv+0xaa>
  // Prevent copying
  SPIClass(const SPIClass&) = delete;
  SPIClass& operator=(const SPIClass&) = delete;

  hal_spi_interface_t interface() const {
    return _spi;
 23fe3c4:	6943      	ldr	r3, [r0, #20]
 23fe3c6:	781b      	ldrb	r3, [r3, #0]
    if (spi_->interface() >= HAL_PLATFORM_SPI_NUM) {
 23fe3c8:	2b01      	cmp	r3, #1
 23fe3ca:	d906      	bls.n	23fe3da <_ZN17Adafruit_NeoPixel5beginEv+0x22>
      Log.error("SPI/SPI1 interface not defined!");
 23fe3cc:	4929      	ldr	r1, [pc, #164]	; (23fe474 <_ZN17Adafruit_NeoPixel5beginEv+0xbc>)
 23fe3ce:	482a      	ldr	r0, [pc, #168]	; (23fe478 <_ZN17Adafruit_NeoPixel5beginEv+0xc0>)
 23fe3d0:	f7ff ffae 	bl	23fe330 <_ZNK5spark6Logger5errorEPKcz>
#else
  pinMode(pin, OUTPUT);
  digitalWrite(pin, LOW);
#endif // #if (PLATFORM_ID == 32)
  begun = true;
}
 23fe3d4:	b003      	add	sp, #12
 23fe3d6:	e8bd 8ff0 	ldmia.w	sp!, {r4, r5, r6, r7, r8, r9, sl, fp, pc}
      misoPin = MISO1;
 23fe3da:	2b00      	cmp	r3, #0
 23fe3dc:	bf0c      	ite	eq
 23fe3de:	f04f 0911 	moveq.w	r9, #17
 23fe3e2:	f04f 0904 	movne.w	r9, #4
    PinMode sckPinMode = getPinMode(sckPin);
 23fe3e6:	4648      	mov	r0, r9
      misoPin = MISO1;
 23fe3e8:	bf0c      	ite	eq
 23fe3ea:	2710      	moveq	r7, #16
 23fe3ec:	2703      	movne	r7, #3
    PinMode sckPinMode = getPinMode(sckPin);
 23fe3ee:	f001 fa57 	bl	23ff8a0 <getPinMode>
 23fe3f2:	4606      	mov	r6, r0
    PinMode misoPinMode = getPinMode(misoPin);
 23fe3f4:	4638      	mov	r0, r7
 23fe3f6:	f001 fa53 	bl	23ff8a0 <getPinMode>
    int sckValue = (sckPinMode == OUTPUT) ? digitalRead(sckPin) : 0;
 23fe3fa:	2e01      	cmp	r6, #1
    PinMode misoPinMode = getPinMode(misoPin);
 23fe3fc:	4605      	mov	r5, r0
    int sckValue = (sckPinMode == OUTPUT) ? digitalRead(sckPin) : 0;
 23fe3fe:	d133      	bne.n	23fe468 <_ZN17Adafruit_NeoPixel5beginEv+0xb0>
 23fe400:	4648      	mov	r0, r9
 23fe402:	f001 fab7 	bl	23ff974 <digitalRead>
 23fe406:	4682      	mov	sl, r0
    int misoValue = (misoPinMode == OUTPUT) ? digitalRead(misoPin) : 0;
 23fe408:	2d01      	cmp	r5, #1
 23fe40a:	d130      	bne.n	23fe46e <_ZN17Adafruit_NeoPixel5beginEv+0xb6>
 23fe40c:	4638      	mov	r0, r7
 23fe40e:	f001 fab1 	bl	23ff974 <digitalRead>
 23fe412:	4680      	mov	r8, r0
    spi_config.flags = (uint32_t)HAL_SPI_CONFIG_FLAG_MOSI_ONLY;
 23fe414:	f04f 0b01 	mov.w	fp, #1
 23fe418:	4b18      	ldr	r3, [pc, #96]	; (23fe47c <_ZN17Adafruit_NeoPixel5beginEv+0xc4>)
 23fe41a:	6960      	ldr	r0, [r4, #20]
 23fe41c:	e9cd 3b00 	strd	r3, fp, [sp]
    hal_spi_begin_ext(spi_->interface(), SPI_MODE_MASTER, PIN_INVALID, &spi_config);
 23fe420:	22ff      	movs	r2, #255	; 0xff
 23fe422:	466b      	mov	r3, sp
 23fe424:	2100      	movs	r1, #0
 23fe426:	7800      	ldrb	r0, [r0, #0]
 23fe428:	f000 fb7c 	bl	23feb24 <hal_spi_begin_ext>
    spi_->setClockSpeed(3125000); // DVOS 5.7.0 requires setClockSpeed() to be set after begin()
 23fe42c:	465a      	mov	r2, fp
 23fe42e:	4914      	ldr	r1, [pc, #80]	; (23fe480 <_ZN17Adafruit_NeoPixel5beginEv+0xc8>)
 23fe430:	6960      	ldr	r0, [r4, #20]
 23fe432:	f000 fde7 	bl	23ff004 <_ZN8SPIClass13setClockSpeedEjj>
    pinMode(sckPin, sckPinMode);
 23fe436:	4631      	mov	r1, r6
 23fe438:	4648      	mov	r0, r9
 23fe43a:	f001 fa71 	bl	23ff920 <pinMode>
    pinMode(misoPin, misoPinMode);
 23fe43e:	4629      	mov	r1, r5
 23fe440:	4638      	mov	r0, r7
 23fe442:	f001 fa6d 	bl	23ff920 <pinMode>
    if (sckPinMode == OUTPUT) {
 23fe446:	455e      	cmp	r6, fp
 23fe448:	d104      	bne.n	23fe454 <_ZN17Adafruit_NeoPixel5beginEv+0x9c>
      digitalWrite(sckPin, sckValue);
 23fe44a:	4648      	mov	r0, r9
 23fe44c:	fa5f f18a 	uxtb.w	r1, sl
 23fe450:	f001 fa77 	bl	23ff942 <digitalWrite>
    if (misoPinMode == OUTPUT) {
 23fe454:	2d01      	cmp	r5, #1
 23fe456:	d104      	bne.n	23fe462 <_ZN17Adafruit_NeoPixel5beginEv+0xaa>
      digitalWrite(misoPin, misoValue);
 23fe458:	4638      	mov	r0, r7
 23fe45a:	fa5f f188 	uxtb.w	r1, r8
 23fe45e:	f001 fa70 	bl	23ff942 <digitalWrite>
  begun = true;
 23fe462:	2301      	movs	r3, #1
 23fe464:	7023      	strb	r3, [r4, #0]
 23fe466:	e7b5      	b.n	23fe3d4 <_ZN17Adafruit_NeoPixel5beginEv+0x1c>
    int sckValue = (sckPinMode == OUTPUT) ? digitalRead(sckPin) : 0;
 23fe468:	f04f 0a00 	mov.w	sl, #0
 23fe46c:	e7cc      	b.n	23fe408 <_ZN17Adafruit_NeoPixel5beginEv+0x50>
    int misoValue = (misoPinMode == OUTPUT) ? digitalRead(misoPin) : 0;
 23fe46e:	f04f 0800 	mov.w	r8, #0
 23fe472:	e7cf      	b.n	23fe414 <_ZN17Adafruit_NeoPixel5beginEv+0x5c>
 23fe474:	023ffd34 	.word	0x023ffd34
 23fe478:	1007ae9c 	.word	0x1007ae9c
 23fe47c:	000a0008 	.word	0x000a0008
 23fe480:	002faf08 	.word	0x002faf08

023fe484 <_ZN17Adafruit_NeoPixel4showEv>:
        digitalWrite(p, LOW);
    }
}

void Adafruit_NeoPixel::show(void) {
  if(!pixels) return;
 23fe484:	68c3      	ldr	r3, [r0, #12]
 23fe486:	2b00      	cmp	r3, #0
 23fe488:	f000 80fc 	beq.w	23fe684 <_ZN17Adafruit_NeoPixel4showEv+0x200>
void Adafruit_NeoPixel::show(void) {
 23fe48c:	b570      	push	{r4, r5, r6, lr}
    return type;
 23fe48e:	7983      	ldrb	r3, [r0, #6]
 23fe490:	4604      	mov	r4, r0
  }

  __enable_irq();

#elif (PLATFORM_ID == 32)
  if (getType() != WS2812B) { // WS2812 WS2812B and WS2813 supported for P2
 23fe492:	2b02      	cmp	r3, #2
void Adafruit_NeoPixel::show(void) {
 23fe494:	b082      	sub	sp, #8
  if (getType() != WS2812B) { // WS2812 WS2812B and WS2813 supported for P2
 23fe496:	f040 80ef 	bne.w	23fe678 <_ZN17Adafruit_NeoPixel4showEv+0x1f4>
        resetOff = 20;
      } break;
  }

  constexpr uint8_t numBitsPerBit = 3; // How many SPI bits represent one neopixel bit
  uint32_t spiArraySize = (numBytes * numBitsPerBit) + resetOff + resetOff;
 23fe49a:	8886      	ldrh	r6, [r0, #4]
 23fe49c:	eb06 0646 	add.w	r6, r6, r6, lsl #1
 23fe4a0:	36f0      	adds	r6, #240	; 0xf0
  uint8_t* spiArray = NULL;
  spiArray = (uint8_t*) malloc(spiArraySize);
 23fe4a2:	4630      	mov	r0, r6
 23fe4a4:	f000 fd0c 	bl	23feec0 <malloc>

  if (spiArray == NULL) {
 23fe4a8:	4605      	mov	r5, r0
 23fe4aa:	2800      	cmp	r0, #0
 23fe4ac:	f000 80eb 	beq.w	23fe686 <_ZN17Adafruit_NeoPixel4showEv+0x202>
    Log.error("Not enough memory available!");
    return;
  }

  memset(spiArray, 0, spiArraySize);
 23fe4b0:	4632      	mov	r2, r6
 23fe4b2:	2100      	movs	r1, #0
 23fe4b4:	f001 fb97 	bl	23ffbe6 <memset>
uint8_t *Adafruit_NeoPixel::getPixels(void) const {
  return pixels;
}

uint16_t Adafruit_NeoPixel::numPixels(void) const {
  return numLEDs;
 23fe4b8:	8862      	ldrh	r2, [r4, #2]
  for (int x = 0; x < numPixels(); x++) {
 23fe4ba:	2a00      	cmp	r2, #0
 23fe4bc:	f000 80c7 	beq.w	23fe64e <_ZN17Adafruit_NeoPixel4showEv+0x1ca>
 23fe4c0:	46ac      	mov	ip, r5
 23fe4c2:	eb02 02c2 	add.w	r2, r2, r2, lsl #3
 23fe4c6:	68e1      	ldr	r1, [r4, #12]
 23fe4c8:	442a      	add	r2, r5
      spiArray[(x*9)+(s*3)+0+resetOff] = ((0x80 & pixels[(x*3)+s])?(PIX_HI << 5):(PIX_LO << 5)) + ((0x40 & pixels[(x*3)+s])?(PIX_HI << 2):(PIX_LO << 2)) + ((0x20 & pixels[(x*3)+s])?(0b11):(0b10));
 23fe4ca:	f991 3000 	ldrsb.w	r3, [r1]
 23fe4ce:	7808      	ldrb	r0, [r1, #0]
 23fe4d0:	2b00      	cmp	r3, #0
 23fe4d2:	bfb5      	itete	lt
 23fe4d4:	f04f 0ed0 	movlt.w	lr, #208	; 0xd0
 23fe4d8:	f04f 0e90 	movge.w	lr, #144	; 0x90
 23fe4dc:	23d8      	movlt	r3, #216	; 0xd8
 23fe4de:	2398      	movge	r3, #152	; 0x98
 23fe4e0:	f010 0f40 	tst.w	r0, #64	; 0x40
 23fe4e4:	bf08      	it	eq
 23fe4e6:	4673      	moveq	r3, lr
 23fe4e8:	f010 0f20 	tst.w	r0, #32
 23fe4ec:	bf14      	ite	ne
 23fe4ee:	2003      	movne	r0, #3
 23fe4f0:	2002      	moveq	r0, #2
 23fe4f2:	4403      	add	r3, r0
 23fe4f4:	f88c 3078 	strb.w	r3, [ip, #120]	; 0x78
      spiArray[(x*9)+(s*3)+1+resetOff] = 0 /* bit 7 always 0 */ + ((0x10 & pixels[(x*3)+s])?(PIX_HI << 4):(PIX_LO << 4)) + ((0x08 & pixels[(x*3)+s])?(PIX_HI << 1):(PIX_LO << 1)) + 1 /* bit 0 always 1 */;
 23fe4f8:	7808      	ldrb	r0, [r1, #0]
  for (int x = 0; x < numPixels(); x++) {
 23fe4fa:	f10c 0c09 	add.w	ip, ip, #9
      spiArray[(x*9)+(s*3)+1+resetOff] = 0 /* bit 7 always 0 */ + ((0x10 & pixels[(x*3)+s])?(PIX_HI << 4):(PIX_LO << 4)) + ((0x08 & pixels[(x*3)+s])?(PIX_HI << 1):(PIX_LO << 1)) + 1 /* bit 0 always 1 */;
 23fe4fe:	f000 0310 	and.w	r3, r0, #16
 23fe502:	2b00      	cmp	r3, #0
 23fe504:	bf15      	itete	ne
 23fe506:	f04f 0e69 	movne.w	lr, #105	; 0x69
 23fe50a:	f04f 0e49 	moveq.w	lr, #73	; 0x49
 23fe50e:	236d      	movne	r3, #109	; 0x6d
 23fe510:	234d      	moveq	r3, #77	; 0x4d
 23fe512:	f010 0f08 	tst.w	r0, #8
 23fe516:	bf08      	it	eq
 23fe518:	4673      	moveq	r3, lr
 23fe51a:	f88c 3070 	strb.w	r3, [ip, #112]	; 0x70
      spiArray[(x*9)+(s*3)+2+resetOff] = ((0x04 & pixels[(x*3)+s])?(0b10 << 6):(0b00 << 6)) + ((0x02 & pixels[(x*3)+s])?(PIX_HI << 3):(PIX_LO << 3)) + ((0x01 & pixels[(x*3)+s])?(PIX_HI):(PIX_LO));
 23fe51e:	780b      	ldrb	r3, [r1, #0]
  for (int x = 0; x < numPixels(); x++) {
 23fe520:	3103      	adds	r1, #3
      spiArray[(x*9)+(s*3)+2+resetOff] = ((0x04 & pixels[(x*3)+s])?(0b10 << 6):(0b00 << 6)) + ((0x02 & pixels[(x*3)+s])?(PIX_HI << 3):(PIX_LO << 3)) + ((0x01 & pixels[(x*3)+s])?(PIX_HI):(PIX_LO));
 23fe522:	f013 0f02 	tst.w	r3, #2
 23fe526:	bf14      	ite	ne
 23fe528:	2030      	movne	r0, #48	; 0x30
 23fe52a:	2020      	moveq	r0, #32
 23fe52c:	f013 0f01 	tst.w	r3, #1
 23fe530:	bf0c      	ite	eq
 23fe532:	f04f 0e04 	moveq.w	lr, #4
 23fe536:	f04f 0e06 	movne.w	lr, #6
 23fe53a:	015b      	lsls	r3, r3, #5
 23fe53c:	f003 0380 	and.w	r3, r3, #128	; 0x80
 23fe540:	4403      	add	r3, r0
 23fe542:	4473      	add	r3, lr
 23fe544:	f88c 3071 	strb.w	r3, [ip, #113]	; 0x71
      spiArray[(x*9)+(s*3)+0+resetOff] = ((0x80 & pixels[(x*3)+s])?(PIX_HI << 5):(PIX_LO << 5)) + ((0x40 & pixels[(x*3)+s])?(PIX_HI << 2):(PIX_LO << 2)) + ((0x20 & pixels[(x*3)+s])?(0b11):(0b10));
 23fe548:	f911 0c02 	ldrsb.w	r0, [r1, #-2]
 23fe54c:	f811 3c02 	ldrb.w	r3, [r1, #-2]
 23fe550:	2800      	cmp	r0, #0
 23fe552:	bfb5      	itete	lt
 23fe554:	f04f 0ed0 	movlt.w	lr, #208	; 0xd0
 23fe558:	f04f 0e90 	movge.w	lr, #144	; 0x90
 23fe55c:	20d8      	movlt	r0, #216	; 0xd8
 23fe55e:	2098      	movge	r0, #152	; 0x98
 23fe560:	f013 0f40 	tst.w	r3, #64	; 0x40
 23fe564:	bf08      	it	eq
 23fe566:	4670      	moveq	r0, lr
 23fe568:	f013 0f20 	tst.w	r3, #32
 23fe56c:	bf14      	ite	ne
 23fe56e:	2303      	movne	r3, #3
 23fe570:	2302      	moveq	r3, #2
 23fe572:	4403      	add	r3, r0
 23fe574:	f88c 3072 	strb.w	r3, [ip, #114]	; 0x72
      spiArray[(x*9)+(s*3)+1+resetOff] = 0 /* bit 7 always 0 */ + ((0x10 & pixels[(x*3)+s])?(PIX_HI << 4):(PIX_LO << 4)) + ((0x08 & pixels[(x*3)+s])?(PIX_HI << 1):(PIX_LO << 1)) + 1 /* bit 0 always 1 */;
 23fe578:	f811 0c02 	ldrb.w	r0, [r1, #-2]
 23fe57c:	f000 0310 	and.w	r3, r0, #16
 23fe580:	2b00      	cmp	r3, #0
 23fe582:	bf15      	itete	ne
 23fe584:	f04f 0e69 	movne.w	lr, #105	; 0x69
 23fe588:	f04f 0e49 	moveq.w	lr, #73	; 0x49
 23fe58c:	236d      	movne	r3, #109	; 0x6d
 23fe58e:	234d      	moveq	r3, #77	; 0x4d
 23fe590:	f010 0f08 	tst.w	r0, #8
 23fe594:	bf08      	it	eq
 23fe596:	4673      	moveq	r3, lr
 23fe598:	f88c 3073 	strb.w	r3, [ip, #115]	; 0x73
      spiArray[(x*9)+(s*3)+2+resetOff] = ((0x04 & pixels[(x*3)+s])?(0b10 << 6):(0b00 << 6)) + ((0x02 & pixels[(x*3)+s])?(PIX_HI << 3):(PIX_LO << 3)) + ((0x01 & pixels[(x*3)+s])?(PIX_HI):(PIX_LO));
 23fe59c:	f811 ec02 	ldrb.w	lr, [r1, #-2]
 23fe5a0:	f01e 0f02 	tst.w	lr, #2
 23fe5a4:	bf14      	ite	ne
 23fe5a6:	2030      	movne	r0, #48	; 0x30
 23fe5a8:	2020      	moveq	r0, #32
 23fe5aa:	f01e 0f01 	tst.w	lr, #1
 23fe5ae:	bf14      	ite	ne
 23fe5b0:	2306      	movne	r3, #6
 23fe5b2:	2304      	moveq	r3, #4
 23fe5b4:	ea4f 1e4e 	mov.w	lr, lr, lsl #5
 23fe5b8:	f00e 0e80 	and.w	lr, lr, #128	; 0x80
 23fe5bc:	4486      	add	lr, r0
 23fe5be:	449e      	add	lr, r3
 23fe5c0:	f88c e074 	strb.w	lr, [ip, #116]	; 0x74
      spiArray[(x*9)+(s*3)+0+resetOff] = ((0x80 & pixels[(x*3)+s])?(PIX_HI << 5):(PIX_LO << 5)) + ((0x40 & pixels[(x*3)+s])?(PIX_HI << 2):(PIX_LO << 2)) + ((0x20 & pixels[(x*3)+s])?(0b11):(0b10));
 23fe5c4:	f911 3c01 	ldrsb.w	r3, [r1, #-1]
 23fe5c8:	f811 0c01 	ldrb.w	r0, [r1, #-1]
 23fe5cc:	2b00      	cmp	r3, #0
 23fe5ce:	bfb5      	itete	lt
 23fe5d0:	f04f 0ed0 	movlt.w	lr, #208	; 0xd0
 23fe5d4:	f04f 0e90 	movge.w	lr, #144	; 0x90
 23fe5d8:	23d8      	movlt	r3, #216	; 0xd8
 23fe5da:	2398      	movge	r3, #152	; 0x98
 23fe5dc:	f010 0f40 	tst.w	r0, #64	; 0x40
 23fe5e0:	bf08      	it	eq
 23fe5e2:	4673      	moveq	r3, lr
 23fe5e4:	f010 0f20 	tst.w	r0, #32
 23fe5e8:	bf14      	ite	ne
 23fe5ea:	2003      	movne	r0, #3
 23fe5ec:	2002      	moveq	r0, #2
 23fe5ee:	4403      	add	r3, r0
 23fe5f0:	f88c 3075 	strb.w	r3, [ip, #117]	; 0x75
      spiArray[(x*9)+(s*3)+1+resetOff] = 0 /* bit 7 always 0 */ + ((0x10 & pixels[(x*3)+s])?(PIX_HI << 4):(PIX_LO << 4)) + ((0x08 & pixels[(x*3)+s])?(PIX_HI << 1):(PIX_LO << 1)) + 1 /* bit 0 always 1 */;
 23fe5f4:	f811 0c01 	ldrb.w	r0, [r1, #-1]
 23fe5f8:	f000 0310 	and.w	r3, r0, #16
 23fe5fc:	2b00      	cmp	r3, #0
 23fe5fe:	bf15      	itete	ne
 23fe600:	f04f 0e69 	movne.w	lr, #105	; 0x69
 23fe604:	f04f 0e49 	moveq.w	lr, #73	; 0x49
 23fe608:	236d      	movne	r3, #109	; 0x6d
 23fe60a:	234d      	moveq	r3, #77	; 0x4d
 23fe60c:	f010 0f08 	tst.w	r0, #8
 23fe610:	bf08      	it	eq
 23fe612:	4673      	moveq	r3, lr
 23fe614:	f88c 3076 	strb.w	r3, [ip, #118]	; 0x76
      spiArray[(x*9)+(s*3)+2+resetOff] = ((0x04 & pixels[(x*3)+s])?(0b10 << 6):(0b00 << 6)) + ((0x02 & pixels[(x*3)+s])?(PIX_HI << 3):(PIX_LO << 3)) + ((0x01 & pixels[(x*3)+s])?(PIX_HI):(PIX_LO));
 23fe618:	f811 0c01 	ldrb.w	r0, [r1, #-1]
 23fe61c:	f010 0f02 	tst.w	r0, #2
 23fe620:	bf14      	ite	ne
 23fe622:	f04f 0e30 	movne.w	lr, #48	; 0x30
 23fe626:	f04f 0e20 	moveq.w	lr, #32
 23fe62a:	0143      	lsls	r3, r0, #5
 23fe62c:	f003 0380 	and.w	r3, r3, #128	; 0x80
 23fe630:	4473      	add	r3, lr
 23fe632:	b2db      	uxtb	r3, r3
 23fe634:	07c0      	lsls	r0, r0, #31
 23fe636:	f103 0e06 	add.w	lr, r3, #6
 23fe63a:	f103 0304 	add.w	r3, r3, #4
 23fe63e:	bf4c      	ite	mi
 23fe640:	f88c e077 	strbmi.w	lr, [ip, #119]	; 0x77
 23fe644:	f88c 3077 	strbpl.w	r3, [ip, #119]	; 0x77
  for (int x = 0; x < numPixels(); x++) {
 23fe648:	4594      	cmp	ip, r2
 23fe64a:	f47f af3e 	bne.w	23fe4ca <_ZN17Adafruit_NeoPixel4showEv+0x46>
  spi_->beginTransaction();
 23fe64e:	6960      	ldr	r0, [r4, #20]
 23fe650:	f000 fcbc 	bl	23fefcc <_ZN8SPIClass16beginTransactionEv>
  spi_->transfer(spiArray, nullptr, spiArraySize, nullptr);
 23fe654:	2200      	movs	r2, #0
 23fe656:	4633      	mov	r3, r6
 23fe658:	4629      	mov	r1, r5
 23fe65a:	6960      	ldr	r0, [r4, #20]
 23fe65c:	9200      	str	r2, [sp, #0]
 23fe65e:	f000 fd03 	bl	23ff068 <_ZN8SPIClass8transferEPKvPvjPFvvE>
  spi_->endTransaction();
 23fe662:	6960      	ldr	r0, [r4, #20]
 23fe664:	f000 fcb5 	bl	23fefd2 <_ZN8SPIClass14endTransactionEv>
  free(spiArray);
 23fe668:	4628      	mov	r0, r5
 23fe66a:	f000 fc37 	bl	23feedc <free>
#ifdef __cplusplus
extern "C" {
#endif

inline system_tick_t millis(void) { return HAL_Timer_Get_Milli_Seconds(); }
inline unsigned long micros(void) { return HAL_Timer_Get_Micro_Seconds(); }
 23fe66e:	f000 f8fb 	bl	23fe868 <HAL_Timer_Get_Micro_Seconds>
  endTime = micros(); // Save EOD time for latch on next call
 23fe672:	6120      	str	r0, [r4, #16]
}
 23fe674:	b002      	add	sp, #8
 23fe676:	bd70      	pop	{r4, r5, r6, pc}
    Log.error("Pixel type not supported!");
 23fe678:	4904      	ldr	r1, [pc, #16]	; (23fe68c <_ZN17Adafruit_NeoPixel4showEv+0x208>)
    Log.error("Not enough memory available!");
 23fe67a:	4805      	ldr	r0, [pc, #20]	; (23fe690 <_ZN17Adafruit_NeoPixel4showEv+0x20c>)
 23fe67c:	f7ff fe58 	bl	23fe330 <_ZNK5spark6Logger5errorEPKcz>
}
 23fe680:	b002      	add	sp, #8
 23fe682:	bd70      	pop	{r4, r5, r6, pc}
 23fe684:	4770      	bx	lr
    Log.error("Not enough memory available!");
 23fe686:	4903      	ldr	r1, [pc, #12]	; (23fe694 <_ZN17Adafruit_NeoPixel4showEv+0x210>)
 23fe688:	e7f7      	b.n	23fe67a <_ZN17Adafruit_NeoPixel4showEv+0x1f6>
 23fe68a:	bf00      	nop
 23fe68c:	023ffd54 	.word	0x023ffd54
 23fe690:	1007ae9c 	.word	0x1007ae9c
 23fe694:	023ffd70 	.word	0x023ffd70

023fe698 <_ZN17Adafruit_NeoPixel13setPixelColorEtm>:
  if(n < numLEDs) {
 23fe698:	8843      	ldrh	r3, [r0, #2]
void Adafruit_NeoPixel::setPixelColor(uint16_t n, uint32_t c) {
 23fe69a:	b5f0      	push	{r4, r5, r6, r7, lr}
  if(n < numLEDs) {
 23fe69c:	428b      	cmp	r3, r1
 23fe69e:	d92d      	bls.n	23fe6fc <_ZN17Adafruit_NeoPixel13setPixelColorEtm+0x64>
    if(brightness) { // See notes in setBrightness()
 23fe6a0:	7a06      	ldrb	r6, [r0, #8]
 23fe6a2:	f3c2 4307 	ubfx	r3, r2, #16, #8
 23fe6a6:	f3c2 2407 	ubfx	r4, r2, #8, #8
 23fe6aa:	b2d5      	uxtb	r5, r2
 23fe6ac:	b13e      	cbz	r6, 23fe6be <_ZN17Adafruit_NeoPixel13setPixelColorEtm+0x26>
      r = (r * brightness) >> 8;
 23fe6ae:	4373      	muls	r3, r6
      g = (g * brightness) >> 8;
 23fe6b0:	4374      	muls	r4, r6
      b = (b * brightness) >> 8;
 23fe6b2:	4375      	muls	r5, r6
      r = (r * brightness) >> 8;
 23fe6b4:	f3c3 2307 	ubfx	r3, r3, #8, #8
      g = (g * brightness) >> 8;
 23fe6b8:	f3c4 2407 	ubfx	r4, r4, #8, #8
      b = (b * brightness) >> 8;
 23fe6bc:	0a2d      	lsrs	r5, r5, #8
    uint8_t *p = &pixels[n * (type==SK6812RGBW?4:3)];
 23fe6be:	f890 c006 	ldrb.w	ip, [r0, #6]
 23fe6c2:	68c7      	ldr	r7, [r0, #12]
 23fe6c4:	f1bc 0f06 	cmp.w	ip, #6
 23fe6c8:	bf0c      	ite	eq
 23fe6ca:	2604      	moveq	r6, #4
 23fe6cc:	2603      	movne	r6, #3
 23fe6ce:	434e      	muls	r6, r1
 23fe6d0:	f1ac 0c02 	sub.w	ip, ip, #2
 23fe6d4:	19b9      	adds	r1, r7, r6
    switch(type) {
 23fe6d6:	f1bc 0f06 	cmp.w	ip, #6
 23fe6da:	d81d      	bhi.n	23fe718 <_ZN17Adafruit_NeoPixel13setPixelColorEtm+0x80>
 23fe6dc:	e8df f00c 	tbb	[pc, ip]
 23fe6e0:	04081c04 	.word	0x04081c04
 23fe6e4:	040f      	.short	0x040f
 23fe6e6:	04          	.byte	0x04
 23fe6e7:	00          	.byte	0x00
          *p++ = g;
 23fe6e8:	55bc      	strb	r4, [r7, r6]
          *p++ = r;
 23fe6ea:	704b      	strb	r3, [r1, #1]
          *p = b;
 23fe6ec:	708d      	strb	r5, [r1, #2]
}
 23fe6ee:	e005      	b.n	23fe6fc <_ZN17Adafruit_NeoPixel13setPixelColorEtm+0x64>
          *p++ = r;
 23fe6f0:	2bfe      	cmp	r3, #254	; 0xfe
 23fe6f2:	bf28      	it	cs
 23fe6f4:	23fe      	movcs	r3, #254	; 0xfe
 23fe6f6:	55bb      	strb	r3, [r7, r6]
          *p++ = b;
 23fe6f8:	704d      	strb	r5, [r1, #1]
          *p = g;
 23fe6fa:	708c      	strb	r4, [r1, #2]
}
 23fe6fc:	bdf0      	pop	{r4, r5, r6, r7, pc}
          *p++ = r;
 23fe6fe:	55bb      	strb	r3, [r7, r6]
          *p++ = g;
 23fe700:	704c      	strb	r4, [r1, #1]
          *p++ = b;
 23fe702:	708d      	strb	r5, [r1, #2]
          *p = brightness ? ((w * brightness) >> 8) : w;
 23fe704:	7a03      	ldrb	r3, [r0, #8]
          uint8_t w = (uint8_t)(c >> 24);
 23fe706:	0e12      	lsrs	r2, r2, #24
          *p = brightness ? ((w * brightness) >> 8) : w;
 23fe708:	b913      	cbnz	r3, 23fe710 <_ZN17Adafruit_NeoPixel13setPixelColorEtm+0x78>
          uint8_t w = (uint8_t)(c >> 24);
 23fe70a:	b2d2      	uxtb	r2, r2
          *p = brightness ? ((w * brightness) >> 8) : w;
 23fe70c:	70ca      	strb	r2, [r1, #3]
        } break;
 23fe70e:	e7f5      	b.n	23fe6fc <_ZN17Adafruit_NeoPixel13setPixelColorEtm+0x64>
          *p = brightness ? ((w * brightness) >> 8) : w;
 23fe710:	435a      	muls	r2, r3
 23fe712:	f3c2 2207 	ubfx	r2, r2, #8, #8
 23fe716:	e7f9      	b.n	23fe70c <_ZN17Adafruit_NeoPixel13setPixelColorEtm+0x74>
          *p++ = r;
 23fe718:	55bb      	strb	r3, [r7, r6]
          *p++ = g;
 23fe71a:	704c      	strb	r4, [r1, #1]
 23fe71c:	e7e6      	b.n	23fe6ec <_ZN17Adafruit_NeoPixel13setPixelColorEtm+0x54>

023fe71e <_ZN17Adafruit_NeoPixel13setBrightnessEh>:
  // 8x8-bit multiply and taking the MSB.  'brightness' is a uint8_t,
  // adding 1 here may (intentionally) roll over...so 0 = max brightness
  // (color values are interpreted literally; no scaling), 1 = min
  // brightness (off), 255 = just below max brightness.
  uint8_t newBrightness = b + 1;
  if(newBrightness != brightness) { // Compare against prior value
 23fe71e:	7a03      	ldrb	r3, [r0, #8]
  uint8_t newBrightness = b + 1;
 23fe720:	1c4a      	adds	r2, r1, #1
 23fe722:	b2d2      	uxtb	r2, r2
  if(newBrightness != brightness) { // Compare against prior value
 23fe724:	4293      	cmp	r3, r2
void Adafruit_NeoPixel::setBrightness(uint8_t b) {
 23fe726:	b570      	push	{r4, r5, r6, lr}
  if(newBrightness != brightness) { // Compare against prior value
 23fe728:	d01f      	beq.n	23fe76a <_ZN17Adafruit_NeoPixel13setBrightnessEh+0x4c>
    // Brightness has changed -- re-scale existing data in RAM
    uint8_t  c,
            *ptr           = pixels,
             oldBrightness = brightness - 1; // De-wrap old brightness value
 23fe72a:	3b01      	subs	r3, #1
    uint16_t scale;
    if(oldBrightness == 0) scale = 0; // Avoid /0
 23fe72c:	f013 03ff 	ands.w	r3, r3, #255	; 0xff
            *ptr           = pixels,
 23fe730:	68c4      	ldr	r4, [r0, #12]
    if(oldBrightness == 0) scale = 0; // Avoid /0
 23fe732:	d00c      	beq.n	23fe74e <_ZN17Adafruit_NeoPixel13setBrightnessEh+0x30>
    else if(b == 255) scale = 65535 / oldBrightness;
 23fe734:	29ff      	cmp	r1, #255	; 0xff
 23fe736:	bf0f      	iteee	eq
 23fe738:	f64f 71ff 	movweq	r1, #65535	; 0xffff
    else scale = (((uint16_t)newBrightness << 8) - 1) / oldBrightness;
 23fe73c:	0211      	lslne	r1, r2, #8
 23fe73e:	f101 31ff 	addne.w	r1, r1, #4294967295
 23fe742:	fbb1 f3f3 	udivne	r3, r1, r3
    else if(b == 255) scale = 65535 / oldBrightness;
 23fe746:	bf0c      	ite	eq
 23fe748:	fbb1 f3f3 	udiveq	r3, r1, r3
    else scale = (((uint16_t)newBrightness << 8) - 1) / oldBrightness;
 23fe74c:	b29b      	uxthne	r3, r3
            *ptr           = pixels,
 23fe74e:	4625      	mov	r5, r4
    for(uint16_t i=0; i<numBytes; i++) {
 23fe750:	8886      	ldrh	r6, [r0, #4]
 23fe752:	1b29      	subs	r1, r5, r4
 23fe754:	b289      	uxth	r1, r1
 23fe756:	428e      	cmp	r6, r1
 23fe758:	d906      	bls.n	23fe768 <_ZN17Adafruit_NeoPixel13setBrightnessEh+0x4a>
      c      = *ptr;
      *ptr++ = (c * scale) >> 8;
 23fe75a:	7829      	ldrb	r1, [r5, #0]
 23fe75c:	4359      	muls	r1, r3
 23fe75e:	f3c1 2107 	ubfx	r1, r1, #8, #8
 23fe762:	f805 1b01 	strb.w	r1, [r5], #1
    for(uint16_t i=0; i<numBytes; i++) {
 23fe766:	e7f3      	b.n	23fe750 <_ZN17Adafruit_NeoPixel13setBrightnessEh+0x32>
    }
    brightness = newBrightness;
 23fe768:	7202      	strb	r2, [r0, #8]
  }
}
 23fe76a:	bd70      	pop	{r4, r5, r6, pc}

023fe76c <netdb_freeaddrinfo>:

DYNALIB_BEGIN(hal_netdb)

DYNALIB_FN(0, hal_netdb, netdb_gethostbyname, struct hostent*(const char*))
DYNALIB_FN(1, hal_netdb, netdb_gethostbyname_r, int(const char*, struct hostent*, char*, size_t, struct hostent**, int*))
DYNALIB_FN(2, hal_netdb, netdb_freeaddrinfo, void(struct addrinfo*))
 23fe76c:	b509      	push	{r0, r3, lr}
 23fe76e:	4804      	ldr	r0, [pc, #16]	; (23fe780 <netdb_freeaddrinfo+0x14>)
 23fe770:	6800      	ldr	r0, [r0, #0]
 23fe772:	4b04      	ldr	r3, [pc, #16]	; (23fe784 <netdb_freeaddrinfo+0x18>)
 23fe774:	4403      	add	r3, r0
 23fe776:	681b      	ldr	r3, [r3, #0]
 23fe778:	689b      	ldr	r3, [r3, #8]
 23fe77a:	9302      	str	r3, [sp, #8]
 23fe77c:	bd09      	pop	{r0, r3, pc}
 23fe77e:	0000      	.short	0x0000
 23fe780:	1007addc 	.word	0x1007addc
 23fe784:	00000050 	.word	0x00000050

023fe788 <netdb_getaddrinfo>:
DYNALIB_FN(3, hal_netdb, netdb_getaddrinfo, int(const char*, const char*, const struct addrinfo*, struct addrinfo**))
 23fe788:	b509      	push	{r0, r3, lr}
 23fe78a:	4804      	ldr	r0, [pc, #16]	; (23fe79c <netdb_getaddrinfo+0x14>)
 23fe78c:	6800      	ldr	r0, [r0, #0]
 23fe78e:	4b04      	ldr	r3, [pc, #16]	; (23fe7a0 <netdb_getaddrinfo+0x18>)
 23fe790:	4403      	add	r3, r0
 23fe792:	681b      	ldr	r3, [r3, #0]
 23fe794:	68db      	ldr	r3, [r3, #12]
 23fe796:	9302      	str	r3, [sp, #8]
 23fe798:	bd09      	pop	{r0, r3, pc}
 23fe79a:	0000      	.short	0x0000
 23fe79c:	1007addc 	.word	0x1007addc
 23fe7a0:	00000050 	.word	0x00000050

023fe7a4 <hal_pin_validate_function>:
// GNINRAW

DYNALIB_BEGIN(hal_gpio)

DYNALIB_FN(0, hal_gpio, hal_pin_map, hal_pin_info_t*(void))
DYNALIB_FN(1, hal_gpio, hal_pin_validate_function, PinFunction(hal_pin_t, PinFunction))
 23fe7a4:	b509      	push	{r0, r3, lr}
 23fe7a6:	4804      	ldr	r0, [pc, #16]	; (23fe7b8 <hal_pin_validate_function+0x14>)
 23fe7a8:	6800      	ldr	r0, [r0, #0]
 23fe7aa:	4b04      	ldr	r3, [pc, #16]	; (23fe7bc <hal_pin_validate_function+0x18>)
 23fe7ac:	4403      	add	r3, r0
 23fe7ae:	681b      	ldr	r3, [r3, #0]
 23fe7b0:	685b      	ldr	r3, [r3, #4]
 23fe7b2:	9302      	str	r3, [sp, #8]
 23fe7b4:	bd09      	pop	{r0, r3, pc}
 23fe7b6:	0000      	.short	0x0000
 23fe7b8:	1007addc 	.word	0x1007addc
 23fe7bc:	00000014 	.word	0x00000014

023fe7c0 <hal_gpio_mode>:
DYNALIB_FN(2, hal_gpio, hal_gpio_mode, void(hal_pin_t, PinMode))
 23fe7c0:	b509      	push	{r0, r3, lr}
 23fe7c2:	4804      	ldr	r0, [pc, #16]	; (23fe7d4 <hal_gpio_mode+0x14>)
 23fe7c4:	6800      	ldr	r0, [r0, #0]
 23fe7c6:	4b04      	ldr	r3, [pc, #16]	; (23fe7d8 <hal_gpio_mode+0x18>)
 23fe7c8:	4403      	add	r3, r0
 23fe7ca:	681b      	ldr	r3, [r3, #0]
 23fe7cc:	689b      	ldr	r3, [r3, #8]
 23fe7ce:	9302      	str	r3, [sp, #8]
 23fe7d0:	bd09      	pop	{r0, r3, pc}
 23fe7d2:	0000      	.short	0x0000
 23fe7d4:	1007addc 	.word	0x1007addc
 23fe7d8:	00000014 	.word	0x00000014

023fe7dc <hal_gpio_get_mode>:
DYNALIB_FN(3, hal_gpio, hal_gpio_get_mode, PinMode(hal_pin_t))
 23fe7dc:	b509      	push	{r0, r3, lr}
 23fe7de:	4804      	ldr	r0, [pc, #16]	; (23fe7f0 <hal_gpio_get_mode+0x14>)
 23fe7e0:	6800      	ldr	r0, [r0, #0]
 23fe7e2:	4b04      	ldr	r3, [pc, #16]	; (23fe7f4 <hal_gpio_get_mode+0x18>)
 23fe7e4:	4403      	add	r3, r0
 23fe7e6:	681b      	ldr	r3, [r3, #0]
 23fe7e8:	68db      	ldr	r3, [r3, #12]
 23fe7ea:	9302      	str	r3, [sp, #8]
 23fe7ec:	bd09      	pop	{r0, r3, pc}
 23fe7ee:	0000      	.short	0x0000
 23fe7f0:	1007addc 	.word	0x1007addc
 23fe7f4:	00000014 	.word	0x00000014

023fe7f8 <hal_gpio_write>:
DYNALIB_FN(4, hal_gpio, hal_gpio_write, void(hal_pin_t, uint8_t))
 23fe7f8:	b509      	push	{r0, r3, lr}
 23fe7fa:	4804      	ldr	r0, [pc, #16]	; (23fe80c <hal_gpio_write+0x14>)
 23fe7fc:	6800      	ldr	r0, [r0, #0]
 23fe7fe:	4b04      	ldr	r3, [pc, #16]	; (23fe810 <hal_gpio_write+0x18>)
 23fe800:	4403      	add	r3, r0
 23fe802:	681b      	ldr	r3, [r3, #0]
 23fe804:	691b      	ldr	r3, [r3, #16]
 23fe806:	9302      	str	r3, [sp, #8]
 23fe808:	bd09      	pop	{r0, r3, pc}
 23fe80a:	0000      	.short	0x0000
 23fe80c:	1007addc 	.word	0x1007addc
 23fe810:	00000014 	.word	0x00000014

023fe814 <hal_gpio_read>:
DYNALIB_FN(5, hal_gpio, hal_gpio_read, int32_t(hal_pin_t))
 23fe814:	b509      	push	{r0, r3, lr}
 23fe816:	4804      	ldr	r0, [pc, #16]	; (23fe828 <hal_gpio_read+0x14>)
 23fe818:	6800      	ldr	r0, [r0, #0]
 23fe81a:	4b04      	ldr	r3, [pc, #16]	; (23fe82c <hal_gpio_read+0x18>)
 23fe81c:	4403      	add	r3, r0
 23fe81e:	681b      	ldr	r3, [r3, #0]
 23fe820:	695b      	ldr	r3, [r3, #20]
 23fe822:	9302      	str	r3, [sp, #8]
 23fe824:	bd09      	pop	{r0, r3, pc}
 23fe826:	0000      	.short	0x0000
 23fe828:	1007addc 	.word	0x1007addc
 23fe82c:	00000014 	.word	0x00000014

023fe830 <hal_adc_read>:
DYNALIB_FN(8, hal_gpio, hal_interrupt_enable_all, void(void))
DYNALIB_FN(9, hal_gpio, hal_interrupt_disable_all, void(void))

DYNALIB_FN(10, hal_gpio, HAL_DAC_Write, void(hal_pin_t, uint16_t))
DYNALIB_FN(11, hal_gpio, hal_adc_set_sample_time, void(uint8_t))
DYNALIB_FN(12, hal_gpio, hal_adc_read, int32_t(uint16_t))
 23fe830:	b509      	push	{r0, r3, lr}
 23fe832:	4804      	ldr	r0, [pc, #16]	; (23fe844 <hal_adc_read+0x14>)
 23fe834:	6800      	ldr	r0, [r0, #0]
 23fe836:	4b04      	ldr	r3, [pc, #16]	; (23fe848 <hal_adc_read+0x18>)
 23fe838:	4403      	add	r3, r0
 23fe83a:	681b      	ldr	r3, [r3, #0]
 23fe83c:	6b1b      	ldr	r3, [r3, #48]	; 0x30
 23fe83e:	9302      	str	r3, [sp, #8]
 23fe840:	bd09      	pop	{r0, r3, pc}
 23fe842:	0000      	.short	0x0000
 23fe844:	1007addc 	.word	0x1007addc
 23fe848:	00000014 	.word	0x00000014

023fe84c <HAL_RNG_GetRandomNumber>:

DYNALIB_BEGIN(hal)

#if PLATFORM_ID > PLATFORM_GCC
DYNALIB_FN(0, hal, HAL_RNG_Configuration, void(void))
DYNALIB_FN(1, hal, HAL_RNG_GetRandomNumber, uint32_t(void))
 23fe84c:	b509      	push	{r0, r3, lr}
 23fe84e:	4804      	ldr	r0, [pc, #16]	; (23fe860 <HAL_RNG_GetRandomNumber+0x14>)
 23fe850:	6800      	ldr	r0, [r0, #0]
 23fe852:	4b04      	ldr	r3, [pc, #16]	; (23fe864 <HAL_RNG_GetRandomNumber+0x18>)
 23fe854:	4403      	add	r3, r0
 23fe856:	681b      	ldr	r3, [r3, #0]
 23fe858:	685b      	ldr	r3, [r3, #4]
 23fe85a:	9302      	str	r3, [sp, #8]
 23fe85c:	bd09      	pop	{r0, r3, pc}
 23fe85e:	0000      	.short	0x0000
 23fe860:	1007addc 	.word	0x1007addc
 23fe864:	00000000 	.word	0x00000000

023fe868 <HAL_Timer_Get_Micro_Seconds>:
#define BASE_IDX 0
#endif // PLATFORM_ID > PLATFORM_GCC

DYNALIB_FN(BASE_IDX + 0, hal, HAL_Delay_Milliseconds, void(uint32_t))
DYNALIB_FN(BASE_IDX + 1, hal, HAL_Delay_Microseconds, void(uint32_t))
DYNALIB_FN(BASE_IDX + 2, hal, HAL_Timer_Get_Micro_Seconds, system_tick_t(void))
 23fe868:	b509      	push	{r0, r3, lr}
 23fe86a:	4804      	ldr	r0, [pc, #16]	; (23fe87c <HAL_Timer_Get_Micro_Seconds+0x14>)
 23fe86c:	6800      	ldr	r0, [r0, #0]
 23fe86e:	4b04      	ldr	r3, [pc, #16]	; (23fe880 <HAL_Timer_Get_Micro_Seconds+0x18>)
 23fe870:	4403      	add	r3, r0
 23fe872:	681b      	ldr	r3, [r3, #0]
 23fe874:	691b      	ldr	r3, [r3, #16]
 23fe876:	9302      	str	r3, [sp, #8]
 23fe878:	bd09      	pop	{r0, r3, pc}
 23fe87a:	0000      	.short	0x0000
 23fe87c:	1007addc 	.word	0x1007addc
 23fe880:	00000000 	.word	0x00000000

023fe884 <HAL_Timer_Get_Milli_Seconds>:
DYNALIB_FN(BASE_IDX + 3, hal, HAL_Timer_Get_Milli_Seconds, system_tick_t(void))
 23fe884:	b509      	push	{r0, r3, lr}
 23fe886:	4804      	ldr	r0, [pc, #16]	; (23fe898 <HAL_Timer_Get_Milli_Seconds+0x14>)
 23fe888:	6800      	ldr	r0, [r0, #0]
 23fe88a:	4b04      	ldr	r3, [pc, #16]	; (23fe89c <HAL_Timer_Get_Milli_Seconds+0x18>)
 23fe88c:	4403      	add	r3, r0
 23fe88e:	681b      	ldr	r3, [r3, #0]
 23fe890:	695b      	ldr	r3, [r3, #20]
 23fe892:	9302      	str	r3, [sp, #8]
 23fe894:	bd09      	pop	{r0, r3, pc}
 23fe896:	0000      	.short	0x0000
 23fe898:	1007addc 	.word	0x1007addc
 23fe89c:	00000000 	.word	0x00000000

023fe8a0 <hal_timer_millis>:
DYNALIB_FN(BASE_IDX + 17, hal, HAL_EEPROM_Clear, void(void))
DYNALIB_FN(BASE_IDX + 18, hal, HAL_EEPROM_Has_Pending_Erase, bool(void))
DYNALIB_FN(BASE_IDX + 19, hal, HAL_EEPROM_Perform_Pending_Erase, void(void))
DYNALIB_FN(BASE_IDX + 20, hal, hal_rtc_time_is_valid, bool(void*))

DYNALIB_FN(BASE_IDX + 21, hal, hal_timer_millis, uint64_t(void*))
 23fe8a0:	b509      	push	{r0, r3, lr}
 23fe8a2:	4804      	ldr	r0, [pc, #16]	; (23fe8b4 <hal_timer_millis+0x14>)
 23fe8a4:	6800      	ldr	r0, [r0, #0]
 23fe8a6:	4b04      	ldr	r3, [pc, #16]	; (23fe8b8 <hal_timer_millis+0x18>)
 23fe8a8:	4403      	add	r3, r0
 23fe8aa:	681b      	ldr	r3, [r3, #0]
 23fe8ac:	6ddb      	ldr	r3, [r3, #92]	; 0x5c
 23fe8ae:	9302      	str	r3, [sp, #8]
 23fe8b0:	bd09      	pop	{r0, r3, pc}
 23fe8b2:	0000      	.short	0x0000
 23fe8b4:	1007addc 	.word	0x1007addc
 23fe8b8:	00000000 	.word	0x00000000

023fe8bc <os_mutex_recursive_create>:
DYNALIB_FN(13, hal_concurrent, os_mutex_destroy, int(os_mutex_t))
DYNALIB_FN(14, hal_concurrent, os_mutex_lock, int(os_mutex_t))
DYNALIB_FN(15, hal_concurrent, os_mutex_trylock, int(os_mutex_t))
DYNALIB_FN(16, hal_concurrent, os_mutex_unlock, int(os_mutex_t))

DYNALIB_FN(17, hal_concurrent, os_mutex_recursive_create, int(os_mutex_recursive_t*))
 23fe8bc:	b509      	push	{r0, r3, lr}
 23fe8be:	4804      	ldr	r0, [pc, #16]	; (23fe8d0 <os_mutex_recursive_create+0x14>)
 23fe8c0:	6800      	ldr	r0, [r0, #0]
 23fe8c2:	4b04      	ldr	r3, [pc, #16]	; (23fe8d4 <os_mutex_recursive_create+0x18>)
 23fe8c4:	4403      	add	r3, r0
 23fe8c6:	681b      	ldr	r3, [r3, #0]
 23fe8c8:	6c5b      	ldr	r3, [r3, #68]	; 0x44
 23fe8ca:	9302      	str	r3, [sp, #8]
 23fe8cc:	bd09      	pop	{r0, r3, pc}
 23fe8ce:	0000      	.short	0x0000
 23fe8d0:	1007addc 	.word	0x1007addc
 23fe8d4:	00000030 	.word	0x00000030

023fe8d8 <inet_inet_ntop>:
DYNALIB_FN(0, hal_inet, inet_inet_addr, in_addr_t(const char*))
DYNALIB_FN(1, hal_inet, inet_inet_aton, int(const char*, struct in_addr*))
DYNALIB_FN(2, hal_inet, inet_inet_network, in_addr_t(const char*))
DYNALIB_FN(3, hal_inet, inet_inet_ntoa, char*(struct in_addr))
DYNALIB_FN(4, hal_inet, inet_inet_ntoa_r, char*(struct in_addr, char*, socklen_t))
DYNALIB_FN(5, hal_inet, inet_inet_ntop, const char*(int, const void*, char*, socklen_t))
 23fe8d8:	b509      	push	{r0, r3, lr}
 23fe8da:	4804      	ldr	r0, [pc, #16]	; (23fe8ec <inet_inet_ntop+0x14>)
 23fe8dc:	6800      	ldr	r0, [r0, #0]
 23fe8de:	4b04      	ldr	r3, [pc, #16]	; (23fe8f0 <inet_inet_ntop+0x18>)
 23fe8e0:	4403      	add	r3, r0
 23fe8e2:	681b      	ldr	r3, [r3, #0]
 23fe8e4:	695b      	ldr	r3, [r3, #20]
 23fe8e6:	9302      	str	r3, [sp, #8]
 23fe8e8:	bd09      	pop	{r0, r3, pc}
 23fe8ea:	0000      	.short	0x0000
 23fe8ec:	1007addc 	.word	0x1007addc
 23fe8f0:	0000004c 	.word	0x0000004c

023fe8f4 <hal_usart_write>:
#endif

DYNALIB_FN(BASE_IDX + 0, hal_usart, hal_usart_init, void(hal_usart_interface_t, hal_usart_ring_buffer_t*, hal_usart_ring_buffer_t*))
DYNALIB_FN(BASE_IDX + 1, hal_usart, hal_usart_begin, void(hal_usart_interface_t, uint32_t))
DYNALIB_FN(BASE_IDX + 2, hal_usart, hal_usart_end, void(hal_usart_interface_t))
DYNALIB_FN(BASE_IDX + 3, hal_usart, hal_usart_write, uint32_t(hal_usart_interface_t, uint8_t))
 23fe8f4:	b509      	push	{r0, r3, lr}
 23fe8f6:	4804      	ldr	r0, [pc, #16]	; (23fe908 <hal_usart_write+0x14>)
 23fe8f8:	6800      	ldr	r0, [r0, #0]
 23fe8fa:	4b04      	ldr	r3, [pc, #16]	; (23fe90c <hal_usart_write+0x18>)
 23fe8fc:	4403      	add	r3, r0
 23fe8fe:	681b      	ldr	r3, [r3, #0]
 23fe900:	68db      	ldr	r3, [r3, #12]
 23fe902:	9302      	str	r3, [sp, #8]
 23fe904:	bd09      	pop	{r0, r3, pc}
 23fe906:	0000      	.short	0x0000
 23fe908:	1007addc 	.word	0x1007addc
 23fe90c:	00000024 	.word	0x00000024

023fe910 <hal_usart_available>:
DYNALIB_FN(BASE_IDX + 4, hal_usart, hal_usart_available, int32_t(hal_usart_interface_t))
 23fe910:	b509      	push	{r0, r3, lr}
 23fe912:	4804      	ldr	r0, [pc, #16]	; (23fe924 <hal_usart_available+0x14>)
 23fe914:	6800      	ldr	r0, [r0, #0]
 23fe916:	4b04      	ldr	r3, [pc, #16]	; (23fe928 <hal_usart_available+0x18>)
 23fe918:	4403      	add	r3, r0
 23fe91a:	681b      	ldr	r3, [r3, #0]
 23fe91c:	691b      	ldr	r3, [r3, #16]
 23fe91e:	9302      	str	r3, [sp, #8]
 23fe920:	bd09      	pop	{r0, r3, pc}
 23fe922:	0000      	.short	0x0000
 23fe924:	1007addc 	.word	0x1007addc
 23fe928:	00000024 	.word	0x00000024

023fe92c <hal_usart_read>:
DYNALIB_FN(BASE_IDX + 5, hal_usart, hal_usart_read, int32_t(hal_usart_interface_t))
 23fe92c:	b509      	push	{r0, r3, lr}
 23fe92e:	4804      	ldr	r0, [pc, #16]	; (23fe940 <hal_usart_read+0x14>)
 23fe930:	6800      	ldr	r0, [r0, #0]
 23fe932:	4b04      	ldr	r3, [pc, #16]	; (23fe944 <hal_usart_read+0x18>)
 23fe934:	4403      	add	r3, r0
 23fe936:	681b      	ldr	r3, [r3, #0]
 23fe938:	695b      	ldr	r3, [r3, #20]
 23fe93a:	9302      	str	r3, [sp, #8]
 23fe93c:	bd09      	pop	{r0, r3, pc}
 23fe93e:	0000      	.short	0x0000
 23fe940:	1007addc 	.word	0x1007addc
 23fe944:	00000024 	.word	0x00000024

023fe948 <hal_usart_peek>:
DYNALIB_FN(BASE_IDX + 6, hal_usart, hal_usart_peek, int32_t(hal_usart_interface_t))
 23fe948:	b509      	push	{r0, r3, lr}
 23fe94a:	4804      	ldr	r0, [pc, #16]	; (23fe95c <hal_usart_peek+0x14>)
 23fe94c:	6800      	ldr	r0, [r0, #0]
 23fe94e:	4b04      	ldr	r3, [pc, #16]	; (23fe960 <hal_usart_peek+0x18>)
 23fe950:	4403      	add	r3, r0
 23fe952:	681b      	ldr	r3, [r3, #0]
 23fe954:	699b      	ldr	r3, [r3, #24]
 23fe956:	9302      	str	r3, [sp, #8]
 23fe958:	bd09      	pop	{r0, r3, pc}
 23fe95a:	0000      	.short	0x0000
 23fe95c:	1007addc 	.word	0x1007addc
 23fe960:	00000024 	.word	0x00000024

023fe964 <hal_usart_flush>:
DYNALIB_FN(BASE_IDX + 7, hal_usart, hal_usart_flush, void(hal_usart_interface_t))
 23fe964:	b509      	push	{r0, r3, lr}
 23fe966:	4804      	ldr	r0, [pc, #16]	; (23fe978 <hal_usart_flush+0x14>)
 23fe968:	6800      	ldr	r0, [r0, #0]
 23fe96a:	4b04      	ldr	r3, [pc, #16]	; (23fe97c <hal_usart_flush+0x18>)
 23fe96c:	4403      	add	r3, r0
 23fe96e:	681b      	ldr	r3, [r3, #0]
 23fe970:	69db      	ldr	r3, [r3, #28]
 23fe972:	9302      	str	r3, [sp, #8]
 23fe974:	bd09      	pop	{r0, r3, pc}
 23fe976:	0000      	.short	0x0000
 23fe978:	1007addc 	.word	0x1007addc
 23fe97c:	00000024 	.word	0x00000024

023fe980 <hal_usart_is_enabled>:
DYNALIB_FN(BASE_IDX + 8, hal_usart, hal_usart_is_enabled, bool(hal_usart_interface_t))
 23fe980:	b509      	push	{r0, r3, lr}
 23fe982:	4804      	ldr	r0, [pc, #16]	; (23fe994 <hal_usart_is_enabled+0x14>)
 23fe984:	6800      	ldr	r0, [r0, #0]
 23fe986:	4b04      	ldr	r3, [pc, #16]	; (23fe998 <hal_usart_is_enabled+0x18>)
 23fe988:	4403      	add	r3, r0
 23fe98a:	681b      	ldr	r3, [r3, #0]
 23fe98c:	6a1b      	ldr	r3, [r3, #32]
 23fe98e:	9302      	str	r3, [sp, #8]
 23fe990:	bd09      	pop	{r0, r3, pc}
 23fe992:	0000      	.short	0x0000
 23fe994:	1007addc 	.word	0x1007addc
 23fe998:	00000024 	.word	0x00000024

023fe99c <hal_usart_available_data_for_write>:
DYNALIB_FN(BASE_IDX + 9, hal_usart, hal_usart_half_duplex, void(hal_usart_interface_t, bool))
DYNALIB_FN(BASE_IDX + 10, hal_usart, hal_usart_available_data_for_write, int32_t(hal_usart_interface_t))
 23fe99c:	b509      	push	{r0, r3, lr}
 23fe99e:	4804      	ldr	r0, [pc, #16]	; (23fe9b0 <hal_usart_available_data_for_write+0x14>)
 23fe9a0:	6800      	ldr	r0, [r0, #0]
 23fe9a2:	4b04      	ldr	r3, [pc, #16]	; (23fe9b4 <hal_usart_available_data_for_write+0x18>)
 23fe9a4:	4403      	add	r3, r0
 23fe9a6:	681b      	ldr	r3, [r3, #0]
 23fe9a8:	6a9b      	ldr	r3, [r3, #40]	; 0x28
 23fe9aa:	9302      	str	r3, [sp, #8]
 23fe9ac:	bd09      	pop	{r0, r3, pc}
 23fe9ae:	0000      	.short	0x0000
 23fe9b0:	1007addc 	.word	0x1007addc
 23fe9b4:	00000024 	.word	0x00000024

023fe9b8 <hal_usart_init_ex>:
DYNALIB_FN(BASE_IDX2 + 0, hal_usart, hal_usart_begin_config, void(hal_usart_interface_t serial, uint32_t baud, uint32_t config, void *ptr))
DYNALIB_FN(BASE_IDX2 + 1, hal_usart, hal_usart_write_nine_bits, uint32_t(hal_usart_interface_t serial, uint16_t data))
DYNALIB_FN(BASE_IDX2 + 2, hal_usart, hal_usart_send_break, void(hal_usart_interface_t, void*))
DYNALIB_FN(BASE_IDX2 + 3, hal_usart, hal_usart_break_detected, uint8_t(hal_usart_interface_t))
DYNALIB_FN(BASE_IDX2 + 4, hal_usart, hal_usart_sleep, int(hal_usart_interface_t serial, bool, void*))
DYNALIB_FN(BASE_IDX2 + 5, hal_usart, hal_usart_init_ex, int(hal_usart_interface_t, const hal_usart_buffer_config_t*, void*))
 23fe9b8:	b509      	push	{r0, r3, lr}
 23fe9ba:	4804      	ldr	r0, [pc, #16]	; (23fe9cc <hal_usart_init_ex+0x14>)
 23fe9bc:	6800      	ldr	r0, [r0, #0]
 23fe9be:	4b04      	ldr	r3, [pc, #16]	; (23fe9d0 <hal_usart_init_ex+0x18>)
 23fe9c0:	4403      	add	r3, r0
 23fe9c2:	681b      	ldr	r3, [r3, #0]
 23fe9c4:	6c1b      	ldr	r3, [r3, #64]	; 0x40
 23fe9c6:	9302      	str	r3, [sp, #8]
 23fe9c8:	bd09      	pop	{r0, r3, pc}
 23fe9ca:	0000      	.short	0x0000
 23fe9cc:	1007addc 	.word	0x1007addc
 23fe9d0:	00000024 	.word	0x00000024

023fe9d4 <hal_i2c_write>:
DYNALIB_FN(3, hal_i2c, hal_i2c_begin, void(hal_i2c_interface_t, hal_i2c_mode_t, uint8_t, void*))
DYNALIB_FN(4, hal_i2c, hal_i2c_end, void(hal_i2c_interface_t, void*))
DYNALIB_FN(5, hal_i2c, hal_i2c_request, uint32_t(hal_i2c_interface_t, uint8_t, uint8_t, uint8_t, void*))
DYNALIB_FN(6, hal_i2c, hal_i2c_begin_transmission, void(hal_i2c_interface_t, uint8_t, const hal_i2c_transmission_config_t*))
DYNALIB_FN(7, hal_i2c, hal_i2c_end_transmission, uint8_t(hal_i2c_interface_t, uint8_t, void*))
DYNALIB_FN(8, hal_i2c, hal_i2c_write, uint32_t(hal_i2c_interface_t, uint8_t, void*))
 23fe9d4:	b509      	push	{r0, r3, lr}
 23fe9d6:	4804      	ldr	r0, [pc, #16]	; (23fe9e8 <hal_i2c_write+0x14>)
 23fe9d8:	6800      	ldr	r0, [r0, #0]
 23fe9da:	4b04      	ldr	r3, [pc, #16]	; (23fe9ec <hal_i2c_write+0x18>)
 23fe9dc:	4403      	add	r3, r0
 23fe9de:	681b      	ldr	r3, [r3, #0]
 23fe9e0:	6a1b      	ldr	r3, [r3, #32]
 23fe9e2:	9302      	str	r3, [sp, #8]
 23fe9e4:	bd09      	pop	{r0, r3, pc}
 23fe9e6:	0000      	.short	0x0000
 23fe9e8:	1007addc 	.word	0x1007addc
 23fe9ec:	00000010 	.word	0x00000010

023fe9f0 <hal_i2c_available>:
DYNALIB_FN(9, hal_i2c, hal_i2c_available, int32_t(hal_i2c_interface_t, void*))
 23fe9f0:	b509      	push	{r0, r3, lr}
 23fe9f2:	4804      	ldr	r0, [pc, #16]	; (23fea04 <hal_i2c_available+0x14>)
 23fe9f4:	6800      	ldr	r0, [r0, #0]
 23fe9f6:	4b04      	ldr	r3, [pc, #16]	; (23fea08 <hal_i2c_available+0x18>)
 23fe9f8:	4403      	add	r3, r0
 23fe9fa:	681b      	ldr	r3, [r3, #0]
 23fe9fc:	6a5b      	ldr	r3, [r3, #36]	; 0x24
 23fe9fe:	9302      	str	r3, [sp, #8]
 23fea00:	bd09      	pop	{r0, r3, pc}
 23fea02:	0000      	.short	0x0000
 23fea04:	1007addc 	.word	0x1007addc
 23fea08:	00000010 	.word	0x00000010

023fea0c <hal_i2c_read>:
DYNALIB_FN(10, hal_i2c, hal_i2c_read, int32_t(hal_i2c_interface_t, void*))
 23fea0c:	b509      	push	{r0, r3, lr}
 23fea0e:	4804      	ldr	r0, [pc, #16]	; (23fea20 <hal_i2c_read+0x14>)
 23fea10:	6800      	ldr	r0, [r0, #0]
 23fea12:	4b04      	ldr	r3, [pc, #16]	; (23fea24 <hal_i2c_read+0x18>)
 23fea14:	4403      	add	r3, r0
 23fea16:	681b      	ldr	r3, [r3, #0]
 23fea18:	6a9b      	ldr	r3, [r3, #40]	; 0x28
 23fea1a:	9302      	str	r3, [sp, #8]
 23fea1c:	bd09      	pop	{r0, r3, pc}
 23fea1e:	0000      	.short	0x0000
 23fea20:	1007addc 	.word	0x1007addc
 23fea24:	00000010 	.word	0x00000010

023fea28 <hal_i2c_peek>:
DYNALIB_FN(11, hal_i2c, hal_i2c_peek, int32_t(hal_i2c_interface_t, void*))
 23fea28:	b509      	push	{r0, r3, lr}
 23fea2a:	4804      	ldr	r0, [pc, #16]	; (23fea3c <hal_i2c_peek+0x14>)
 23fea2c:	6800      	ldr	r0, [r0, #0]
 23fea2e:	4b04      	ldr	r3, [pc, #16]	; (23fea40 <hal_i2c_peek+0x18>)
 23fea30:	4403      	add	r3, r0
 23fea32:	681b      	ldr	r3, [r3, #0]
 23fea34:	6adb      	ldr	r3, [r3, #44]	; 0x2c
 23fea36:	9302      	str	r3, [sp, #8]
 23fea38:	bd09      	pop	{r0, r3, pc}
 23fea3a:	0000      	.short	0x0000
 23fea3c:	1007addc 	.word	0x1007addc
 23fea40:	00000010 	.word	0x00000010

023fea44 <hal_i2c_flush>:
DYNALIB_FN(12, hal_i2c, hal_i2c_flush, void(hal_i2c_interface_t, void*))
 23fea44:	b509      	push	{r0, r3, lr}
 23fea46:	4804      	ldr	r0, [pc, #16]	; (23fea58 <hal_i2c_flush+0x14>)
 23fea48:	6800      	ldr	r0, [r0, #0]
 23fea4a:	4b04      	ldr	r3, [pc, #16]	; (23fea5c <hal_i2c_flush+0x18>)
 23fea4c:	4403      	add	r3, r0
 23fea4e:	681b      	ldr	r3, [r3, #0]
 23fea50:	6b1b      	ldr	r3, [r3, #48]	; 0x30
 23fea52:	9302      	str	r3, [sp, #8]
 23fea54:	bd09      	pop	{r0, r3, pc}
 23fea56:	0000      	.short	0x0000
 23fea58:	1007addc 	.word	0x1007addc
 23fea5c:	00000010 	.word	0x00000010

023fea60 <hal_i2c_is_enabled>:
DYNALIB_FN(13, hal_i2c, hal_i2c_is_enabled, bool(hal_i2c_interface_t, void*))
 23fea60:	b509      	push	{r0, r3, lr}
 23fea62:	4804      	ldr	r0, [pc, #16]	; (23fea74 <hal_i2c_is_enabled+0x14>)
 23fea64:	6800      	ldr	r0, [r0, #0]
 23fea66:	4b04      	ldr	r3, [pc, #16]	; (23fea78 <hal_i2c_is_enabled+0x18>)
 23fea68:	4403      	add	r3, r0
 23fea6a:	681b      	ldr	r3, [r3, #0]
 23fea6c:	6b5b      	ldr	r3, [r3, #52]	; 0x34
 23fea6e:	9302      	str	r3, [sp, #8]
 23fea70:	bd09      	pop	{r0, r3, pc}
 23fea72:	0000      	.short	0x0000
 23fea74:	1007addc 	.word	0x1007addc
 23fea78:	00000010 	.word	0x00000010

023fea7c <hal_i2c_init>:
DYNALIB_FN(14, hal_i2c, hal_i2c_set_callback_on_received, void(hal_i2c_interface_t, void(*)(int), void*))
DYNALIB_FN(15, hal_i2c, hal_i2c_set_callback_on_requested, void(hal_i2c_interface_t, void(*)(void), void*))
DYNALIB_FN(16, hal_i2c, hal_i2c_init, int(hal_i2c_interface_t, const hal_i2c_config_t*))
 23fea7c:	b509      	push	{r0, r3, lr}
 23fea7e:	4804      	ldr	r0, [pc, #16]	; (23fea90 <hal_i2c_init+0x14>)
 23fea80:	6800      	ldr	r0, [r0, #0]
 23fea82:	4b04      	ldr	r3, [pc, #16]	; (23fea94 <hal_i2c_init+0x18>)
 23fea84:	4403      	add	r3, r0
 23fea86:	681b      	ldr	r3, [r3, #0]
 23fea88:	6c1b      	ldr	r3, [r3, #64]	; 0x40
 23fea8a:	9302      	str	r3, [sp, #8]
 23fea8c:	bd09      	pop	{r0, r3, pc}
 23fea8e:	0000      	.short	0x0000
 23fea90:	1007addc 	.word	0x1007addc
 23fea94:	00000010 	.word	0x00000010

023fea98 <hal_spi_set_clock_divider>:

DYNALIB_FN(0, hal_spi, hal_spi_begin, void(hal_spi_interface_t, uint16_t))
DYNALIB_FN(1, hal_spi, hal_spi_end, void(hal_spi_interface_t))
DYNALIB_FN(2, hal_spi, hal_spi_set_bit_order, void(hal_spi_interface_t, uint8_t))
DYNALIB_FN(3, hal_spi, hal_spi_set_data_mode, void(hal_spi_interface_t, uint8_t))
DYNALIB_FN(4, hal_spi, hal_spi_set_clock_divider, void(hal_spi_interface_t, uint8_t))
 23fea98:	b509      	push	{r0, r3, lr}
 23fea9a:	4804      	ldr	r0, [pc, #16]	; (23feaac <hal_spi_set_clock_divider+0x14>)
 23fea9c:	6800      	ldr	r0, [r0, #0]
 23fea9e:	4b04      	ldr	r3, [pc, #16]	; (23feab0 <hal_spi_set_clock_divider+0x18>)
 23feaa0:	4403      	add	r3, r0
 23feaa2:	681b      	ldr	r3, [r3, #0]
 23feaa4:	691b      	ldr	r3, [r3, #16]
 23feaa6:	9302      	str	r3, [sp, #8]
 23feaa8:	bd09      	pop	{r0, r3, pc}
 23feaaa:	0000      	.short	0x0000
 23feaac:	1007addc 	.word	0x1007addc
 23feab0:	00000018 	.word	0x00000018

023feab4 <hal_spi_init>:
DYNALIB_FN(5, hal_spi, hal_spi_transfer, uint16_t(hal_spi_interface_t, uint16_t))
DYNALIB_FN(6, hal_spi, hal_spi_is_enabled_deprecated, bool(void))
DYNALIB_FN(7, hal_spi, hal_spi_init, void(hal_spi_interface_t))
 23feab4:	b509      	push	{r0, r3, lr}
 23feab6:	4804      	ldr	r0, [pc, #16]	; (23feac8 <hal_spi_init+0x14>)
 23feab8:	6800      	ldr	r0, [r0, #0]
 23feaba:	4b04      	ldr	r3, [pc, #16]	; (23feacc <hal_spi_init+0x18>)
 23feabc:	4403      	add	r3, r0
 23feabe:	681b      	ldr	r3, [r3, #0]
 23feac0:	69db      	ldr	r3, [r3, #28]
 23feac2:	9302      	str	r3, [sp, #8]
 23feac4:	bd09      	pop	{r0, r3, pc}
 23feac6:	0000      	.short	0x0000
 23feac8:	1007addc 	.word	0x1007addc
 23feacc:	00000018 	.word	0x00000018

023fead0 <hal_spi_is_enabled>:
DYNALIB_FN(8, hal_spi, hal_spi_is_enabled, bool(hal_spi_interface_t))
 23fead0:	b509      	push	{r0, r3, lr}
 23fead2:	4804      	ldr	r0, [pc, #16]	; (23feae4 <hal_spi_is_enabled+0x14>)
 23fead4:	6800      	ldr	r0, [r0, #0]
 23fead6:	4b04      	ldr	r3, [pc, #16]	; (23feae8 <hal_spi_is_enabled+0x18>)
 23fead8:	4403      	add	r3, r0
 23feada:	681b      	ldr	r3, [r3, #0]
 23feadc:	6a1b      	ldr	r3, [r3, #32]
 23feade:	9302      	str	r3, [sp, #8]
 23feae0:	bd09      	pop	{r0, r3, pc}
 23feae2:	0000      	.short	0x0000
 23feae4:	1007addc 	.word	0x1007addc
 23feae8:	00000018 	.word	0x00000018

023feaec <hal_spi_info>:
DYNALIB_FN(9, hal_spi, hal_spi_info, void(hal_spi_interface_t, hal_spi_info_t*, void*))
 23feaec:	b509      	push	{r0, r3, lr}
 23feaee:	4804      	ldr	r0, [pc, #16]	; (23feb00 <hal_spi_info+0x14>)
 23feaf0:	6800      	ldr	r0, [r0, #0]
 23feaf2:	4b04      	ldr	r3, [pc, #16]	; (23feb04 <hal_spi_info+0x18>)
 23feaf4:	4403      	add	r3, r0
 23feaf6:	681b      	ldr	r3, [r3, #0]
 23feaf8:	6a5b      	ldr	r3, [r3, #36]	; 0x24
 23feafa:	9302      	str	r3, [sp, #8]
 23feafc:	bd09      	pop	{r0, r3, pc}
 23feafe:	0000      	.short	0x0000
 23feb00:	1007addc 	.word	0x1007addc
 23feb04:	00000018 	.word	0x00000018

023feb08 <hal_spi_transfer_dma>:
DYNALIB_FN(10, hal_spi, hal_spi_transfer_dma, void(hal_spi_interface_t, const void*, void*, uint32_t, hal_spi_dma_user_callback))
 23feb08:	b509      	push	{r0, r3, lr}
 23feb0a:	4804      	ldr	r0, [pc, #16]	; (23feb1c <hal_spi_transfer_dma+0x14>)
 23feb0c:	6800      	ldr	r0, [r0, #0]
 23feb0e:	4b04      	ldr	r3, [pc, #16]	; (23feb20 <hal_spi_transfer_dma+0x18>)
 23feb10:	4403      	add	r3, r0
 23feb12:	681b      	ldr	r3, [r3, #0]
 23feb14:	6a9b      	ldr	r3, [r3, #40]	; 0x28
 23feb16:	9302      	str	r3, [sp, #8]
 23feb18:	bd09      	pop	{r0, r3, pc}
 23feb1a:	0000      	.short	0x0000
 23feb1c:	1007addc 	.word	0x1007addc
 23feb20:	00000018 	.word	0x00000018

023feb24 <hal_spi_begin_ext>:
DYNALIB_FN(11, hal_spi, hal_spi_begin_ext, void(hal_spi_interface_t, hal_spi_mode_t, uint16_t, const hal_spi_config_t*))
 23feb24:	b509      	push	{r0, r3, lr}
 23feb26:	4804      	ldr	r0, [pc, #16]	; (23feb38 <hal_spi_begin_ext+0x14>)
 23feb28:	6800      	ldr	r0, [r0, #0]
 23feb2a:	4b04      	ldr	r3, [pc, #16]	; (23feb3c <hal_spi_begin_ext+0x18>)
 23feb2c:	4403      	add	r3, r0
 23feb2e:	681b      	ldr	r3, [r3, #0]
 23feb30:	6adb      	ldr	r3, [r3, #44]	; 0x2c
 23feb32:	9302      	str	r3, [sp, #8]
 23feb34:	bd09      	pop	{r0, r3, pc}
 23feb36:	0000      	.short	0x0000
 23feb38:	1007addc 	.word	0x1007addc
 23feb3c:	00000018 	.word	0x00000018

023feb40 <hal_spi_transfer_dma_status>:
DYNALIB_FN(12, hal_spi, hal_spi_set_callback_on_selected, void(hal_spi_interface_t, hal_spi_select_user_callback, void*))
DYNALIB_FN(13, hal_spi, hal_spi_transfer_dma_cancel, void(hal_spi_interface_t))
DYNALIB_FN(14, hal_spi, hal_spi_transfer_dma_status, int32_t(hal_spi_interface_t, hal_spi_transfer_status_t*))
 23feb40:	b509      	push	{r0, r3, lr}
 23feb42:	4804      	ldr	r0, [pc, #16]	; (23feb54 <hal_spi_transfer_dma_status+0x14>)
 23feb44:	6800      	ldr	r0, [r0, #0]
 23feb46:	4b04      	ldr	r3, [pc, #16]	; (23feb58 <hal_spi_transfer_dma_status+0x18>)
 23feb48:	4403      	add	r3, r0
 23feb4a:	681b      	ldr	r3, [r3, #0]
 23feb4c:	6b9b      	ldr	r3, [r3, #56]	; 0x38
 23feb4e:	9302      	str	r3, [sp, #8]
 23feb50:	bd09      	pop	{r0, r3, pc}
 23feb52:	0000      	.short	0x0000
 23feb54:	1007addc 	.word	0x1007addc
 23feb58:	00000018 	.word	0x00000018

023feb5c <hal_spi_acquire>:
DYNALIB_FN(15, hal_spi, hal_spi_set_settings, int32_t(hal_spi_interface_t, uint8_t, uint8_t, uint8_t, uint8_t, void*))
#if HAL_PLATFORM_SPI_HAL_THREAD_SAFETY
DYNALIB_FN(16, hal_spi, hal_spi_acquire, int32_t(hal_spi_interface_t, const hal_spi_acquire_config_t*))
 23feb5c:	b509      	push	{r0, r3, lr}
 23feb5e:	4804      	ldr	r0, [pc, #16]	; (23feb70 <hal_spi_acquire+0x14>)
 23feb60:	6800      	ldr	r0, [r0, #0]
 23feb62:	4b04      	ldr	r3, [pc, #16]	; (23feb74 <hal_spi_acquire+0x18>)
 23feb64:	4403      	add	r3, r0
 23feb66:	681b      	ldr	r3, [r3, #0]
 23feb68:	6c1b      	ldr	r3, [r3, #64]	; 0x40
 23feb6a:	9302      	str	r3, [sp, #8]
 23feb6c:	bd09      	pop	{r0, r3, pc}
 23feb6e:	0000      	.short	0x0000
 23feb70:	1007addc 	.word	0x1007addc
 23feb74:	00000018 	.word	0x00000018

023feb78 <hal_spi_release>:
DYNALIB_FN(17, hal_spi, hal_spi_release, int32_t(hal_spi_interface_t, void*))
 23feb78:	b509      	push	{r0, r3, lr}
 23feb7a:	4804      	ldr	r0, [pc, #16]	; (23feb8c <hal_spi_release+0x14>)
 23feb7c:	6800      	ldr	r0, [r0, #0]
 23feb7e:	4b04      	ldr	r3, [pc, #16]	; (23feb90 <hal_spi_release+0x18>)
 23feb80:	4403      	add	r3, r0
 23feb82:	681b      	ldr	r3, [r3, #0]
 23feb84:	6c5b      	ldr	r3, [r3, #68]	; 0x44
 23feb86:	9302      	str	r3, [sp, #8]
 23feb88:	bd09      	pop	{r0, r3, pc}
 23feb8a:	0000      	.short	0x0000
 23feb8c:	1007addc 	.word	0x1007addc
 23feb90:	00000018 	.word	0x00000018

023feb94 <HAL_USB_USART_Init>:
// GNINRAW

DYNALIB_BEGIN(hal_usb)

#ifdef USB_CDC_ENABLE
DYNALIB_FN(0, hal_usb, HAL_USB_USART_Init, void(HAL_USB_USART_Serial, const HAL_USB_USART_Config*))
 23feb94:	b509      	push	{r0, r3, lr}
 23feb96:	4804      	ldr	r0, [pc, #16]	; (23feba8 <HAL_USB_USART_Init+0x14>)
 23feb98:	6800      	ldr	r0, [r0, #0]
 23feb9a:	4b04      	ldr	r3, [pc, #16]	; (23febac <HAL_USB_USART_Init+0x18>)
 23feb9c:	4403      	add	r3, r0
 23feb9e:	681b      	ldr	r3, [r3, #0]
 23feba0:	681b      	ldr	r3, [r3, #0]
 23feba2:	9302      	str	r3, [sp, #8]
 23feba4:	bd09      	pop	{r0, r3, pc}
 23feba6:	0000      	.short	0x0000
 23feba8:	1007addc 	.word	0x1007addc
 23febac:	00000034 	.word	0x00000034

023febb0 <HAL_USB_USART_Begin>:
DYNALIB_FN(1, hal_usb, HAL_USB_USART_Begin, void(HAL_USB_USART_Serial, uint32_t, void *))
 23febb0:	b509      	push	{r0, r3, lr}
 23febb2:	4804      	ldr	r0, [pc, #16]	; (23febc4 <HAL_USB_USART_Begin+0x14>)
 23febb4:	6800      	ldr	r0, [r0, #0]
 23febb6:	4b04      	ldr	r3, [pc, #16]	; (23febc8 <HAL_USB_USART_Begin+0x18>)
 23febb8:	4403      	add	r3, r0
 23febba:	681b      	ldr	r3, [r3, #0]
 23febbc:	685b      	ldr	r3, [r3, #4]
 23febbe:	9302      	str	r3, [sp, #8]
 23febc0:	bd09      	pop	{r0, r3, pc}
 23febc2:	0000      	.short	0x0000
 23febc4:	1007addc 	.word	0x1007addc
 23febc8:	00000034 	.word	0x00000034

023febcc <HAL_USB_USART_Available_Data>:
DYNALIB_FN(2, hal_usb, HAL_USB_USART_End, void(HAL_USB_USART_Serial))
DYNALIB_FN(3, hal_usb, HAL_USB_USART_Baud_Rate, unsigned int(HAL_USB_USART_Serial))
DYNALIB_FN(4, hal_usb, HAL_USB_USART_Available_Data, int32_t(HAL_USB_USART_Serial))
 23febcc:	b509      	push	{r0, r3, lr}
 23febce:	4804      	ldr	r0, [pc, #16]	; (23febe0 <HAL_USB_USART_Available_Data+0x14>)
 23febd0:	6800      	ldr	r0, [r0, #0]
 23febd2:	4b04      	ldr	r3, [pc, #16]	; (23febe4 <HAL_USB_USART_Available_Data+0x18>)
 23febd4:	4403      	add	r3, r0
 23febd6:	681b      	ldr	r3, [r3, #0]
 23febd8:	691b      	ldr	r3, [r3, #16]
 23febda:	9302      	str	r3, [sp, #8]
 23febdc:	bd09      	pop	{r0, r3, pc}
 23febde:	0000      	.short	0x0000
 23febe0:	1007addc 	.word	0x1007addc
 23febe4:	00000034 	.word	0x00000034

023febe8 <HAL_USB_USART_Available_Data_For_Write>:
DYNALIB_FN(5, hal_usb, HAL_USB_USART_Available_Data_For_Write, int32_t(HAL_USB_USART_Serial))
 23febe8:	b509      	push	{r0, r3, lr}
 23febea:	4804      	ldr	r0, [pc, #16]	; (23febfc <HAL_USB_USART_Available_Data_For_Write+0x14>)
 23febec:	6800      	ldr	r0, [r0, #0]
 23febee:	4b04      	ldr	r3, [pc, #16]	; (23fec00 <HAL_USB_USART_Available_Data_For_Write+0x18>)
 23febf0:	4403      	add	r3, r0
 23febf2:	681b      	ldr	r3, [r3, #0]
 23febf4:	695b      	ldr	r3, [r3, #20]
 23febf6:	9302      	str	r3, [sp, #8]
 23febf8:	bd09      	pop	{r0, r3, pc}
 23febfa:	0000      	.short	0x0000
 23febfc:	1007addc 	.word	0x1007addc
 23fec00:	00000034 	.word	0x00000034

023fec04 <HAL_USB_USART_Receive_Data>:
DYNALIB_FN(6, hal_usb, HAL_USB_USART_Receive_Data, int32_t(HAL_USB_USART_Serial, uint8_t))
 23fec04:	b509      	push	{r0, r3, lr}
 23fec06:	4804      	ldr	r0, [pc, #16]	; (23fec18 <HAL_USB_USART_Receive_Data+0x14>)
 23fec08:	6800      	ldr	r0, [r0, #0]
 23fec0a:	4b04      	ldr	r3, [pc, #16]	; (23fec1c <HAL_USB_USART_Receive_Data+0x18>)
 23fec0c:	4403      	add	r3, r0
 23fec0e:	681b      	ldr	r3, [r3, #0]
 23fec10:	699b      	ldr	r3, [r3, #24]
 23fec12:	9302      	str	r3, [sp, #8]
 23fec14:	bd09      	pop	{r0, r3, pc}
 23fec16:	0000      	.short	0x0000
 23fec18:	1007addc 	.word	0x1007addc
 23fec1c:	00000034 	.word	0x00000034

023fec20 <HAL_USB_USART_Send_Data>:
DYNALIB_FN(7, hal_usb, HAL_USB_USART_Send_Data, int32_t(HAL_USB_USART_Serial, uint8_t))
 23fec20:	b509      	push	{r0, r3, lr}
 23fec22:	4804      	ldr	r0, [pc, #16]	; (23fec34 <HAL_USB_USART_Send_Data+0x14>)
 23fec24:	6800      	ldr	r0, [r0, #0]
 23fec26:	4b04      	ldr	r3, [pc, #16]	; (23fec38 <HAL_USB_USART_Send_Data+0x18>)
 23fec28:	4403      	add	r3, r0
 23fec2a:	681b      	ldr	r3, [r3, #0]
 23fec2c:	69db      	ldr	r3, [r3, #28]
 23fec2e:	9302      	str	r3, [sp, #8]
 23fec30:	bd09      	pop	{r0, r3, pc}
 23fec32:	0000      	.short	0x0000
 23fec34:	1007addc 	.word	0x1007addc
 23fec38:	00000034 	.word	0x00000034

023fec3c <HAL_USB_USART_Flush_Data>:
DYNALIB_FN(8, hal_usb, HAL_USB_USART_Flush_Data, void(HAL_USB_USART_Serial))
 23fec3c:	b509      	push	{r0, r3, lr}
 23fec3e:	4804      	ldr	r0, [pc, #16]	; (23fec50 <HAL_USB_USART_Flush_Data+0x14>)
 23fec40:	6800      	ldr	r0, [r0, #0]
 23fec42:	4b04      	ldr	r3, [pc, #16]	; (23fec54 <HAL_USB_USART_Flush_Data+0x18>)
 23fec44:	4403      	add	r3, r0
 23fec46:	681b      	ldr	r3, [r3, #0]
 23fec48:	6a1b      	ldr	r3, [r3, #32]
 23fec4a:	9302      	str	r3, [sp, #8]
 23fec4c:	bd09      	pop	{r0, r3, pc}
 23fec4e:	0000      	.short	0x0000
 23fec50:	1007addc 	.word	0x1007addc
 23fec54:	00000034 	.word	0x00000034

023fec58 <HAL_USB_USART_Is_Connected>:
DYNALIB_FN(9, hal_usb, HAL_USB_USART_Is_Enabled, bool(HAL_USB_USART_Serial))
DYNALIB_FN(10, hal_usb, HAL_USB_USART_Is_Connected, bool(HAL_USB_USART_Serial))
 23fec58:	b509      	push	{r0, r3, lr}
 23fec5a:	4804      	ldr	r0, [pc, #16]	; (23fec6c <HAL_USB_USART_Is_Connected+0x14>)
 23fec5c:	6800      	ldr	r0, [r0, #0]
 23fec5e:	4b04      	ldr	r3, [pc, #16]	; (23fec70 <HAL_USB_USART_Is_Connected+0x18>)
 23fec60:	4403      	add	r3, r0
 23fec62:	681b      	ldr	r3, [r3, #0]
 23fec64:	6a9b      	ldr	r3, [r3, #40]	; 0x28
 23fec66:	9302      	str	r3, [sp, #8]
 23fec68:	bd09      	pop	{r0, r3, pc}
 23fec6a:	0000      	.short	0x0000
 23fec6c:	1007addc 	.word	0x1007addc
 23fec70:	00000034 	.word	0x00000034

023fec74 <log_message_v>:
DYNALIB_FN(17, services, LED_RGB_SetChangeHandler, void(led_update_handler_fn, void*))
DYNALIB_FN(18, services, log_print_direct_, void(int, void*, const char*, ...)) // Deprecated
DYNALIB_FN(19, services, LED_GetColor, uint32_t(uint32_t, void*))

DYNALIB_FN(20, services, log_message, void(int, const char*, LogAttributes*, void*, const char*, ...))
DYNALIB_FN(21, services, log_message_v, void(int, const char*, LogAttributes*, void*, const char*, va_list))
 23fec74:	b509      	push	{r0, r3, lr}
 23fec76:	4804      	ldr	r0, [pc, #16]	; (23fec88 <log_message_v+0x14>)
 23fec78:	6800      	ldr	r0, [r0, #0]
 23fec7a:	4b04      	ldr	r3, [pc, #16]	; (23fec8c <log_message_v+0x18>)
 23fec7c:	4403      	add	r3, r0
 23fec7e:	681b      	ldr	r3, [r3, #0]
 23fec80:	6d5b      	ldr	r3, [r3, #84]	; 0x54
 23fec82:	9302      	str	r3, [sp, #8]
 23fec84:	bd09      	pop	{r0, r3, pc}
 23fec86:	0000      	.short	0x0000
 23fec88:	1007addc 	.word	0x1007addc
 23fec8c:	00000048 	.word	0x00000048

023fec90 <set_system_mode>:
#endif

DYNALIB_BEGIN(system)

DYNALIB_FN(0, system, system_mode, System_Mode_TypeDef(void))
DYNALIB_FN(1, system, set_system_mode, void(System_Mode_TypeDef))
 23fec90:	b509      	push	{r0, r3, lr}
 23fec92:	4804      	ldr	r0, [pc, #16]	; (23feca4 <set_system_mode+0x14>)
 23fec94:	6800      	ldr	r0, [r0, #0]
 23fec96:	4b04      	ldr	r3, [pc, #16]	; (23feca8 <set_system_mode+0x18>)
 23fec98:	4403      	add	r3, r0
 23fec9a:	681b      	ldr	r3, [r3, #0]
 23fec9c:	685b      	ldr	r3, [r3, #4]
 23fec9e:	9302      	str	r3, [sp, #8]
 23feca0:	bd09      	pop	{r0, r3, pc}
 23feca2:	0000      	.short	0x0000
 23feca4:	1007addc 	.word	0x1007addc
 23feca8:	00000008 	.word	0x00000008

023fecac <system_delay_ms>:

DYNALIB_FN(2, system, set_ymodem_serial_flash_update_handler, void(ymodem_serial_flash_update_handler))
DYNALIB_FN(3, system, system_firmwareUpdate, bool(Stream*, void*))
DYNALIB_FN(4, system, system_fileTransfer, bool(system_file_transfer_t*, void*))

DYNALIB_FN(5, system, system_delay_ms, void(unsigned long, bool))
 23fecac:	b509      	push	{r0, r3, lr}
 23fecae:	4804      	ldr	r0, [pc, #16]	; (23fecc0 <system_delay_ms+0x14>)
 23fecb0:	6800      	ldr	r0, [r0, #0]
 23fecb2:	4b04      	ldr	r3, [pc, #16]	; (23fecc4 <system_delay_ms+0x18>)
 23fecb4:	4403      	add	r3, r0
 23fecb6:	681b      	ldr	r3, [r3, #0]
 23fecb8:	695b      	ldr	r3, [r3, #20]
 23fecba:	9302      	str	r3, [sp, #8]
 23fecbc:	bd09      	pop	{r0, r3, pc}
 23fecbe:	0000      	.short	0x0000
 23fecc0:	1007addc 	.word	0x1007addc
 23fecc4:	00000008 	.word	0x00000008

023fecc8 <system_ctrl_set_app_request_handler>:
DYNALIB_FN(BASE_IDX + 6, system, led_pattern_period, uint16_t(int, int, void*))
DYNALIB_FN(BASE_IDX + 7, system, system_set_tester_handlers, int(system_tester_handlers_t*, void*))
DYNALIB_FN(BASE_IDX + 8, system, system_format_diag_data, int(const uint16_t*, size_t, unsigned, appender_fn, void*, void*))

// Control requests
DYNALIB_FN(BASE_IDX + 9, system, system_ctrl_set_app_request_handler, int(ctrl_request_handler_fn, void*))
 23fecc8:	b509      	push	{r0, r3, lr}
 23fecca:	4804      	ldr	r0, [pc, #16]	; (23fecdc <system_ctrl_set_app_request_handler+0x14>)
 23feccc:	6800      	ldr	r0, [r0, #0]
 23fecce:	4b04      	ldr	r3, [pc, #16]	; (23fece0 <system_ctrl_set_app_request_handler+0x18>)
 23fecd0:	4403      	add	r3, r0
 23fecd2:	681b      	ldr	r3, [r3, #0]
 23fecd4:	f8d3 3088 	ldr.w	r3, [r3, #136]	; 0x88
 23fecd8:	9302      	str	r3, [sp, #8]
 23fecda:	bd09      	pop	{r0, r3, pc}
 23fecdc:	1007addc 	.word	0x1007addc
 23fece0:	00000008 	.word	0x00000008

023fece4 <system_ctrl_set_result>:
DYNALIB_FN(BASE_IDX + 10, system, system_ctrl_alloc_reply_data, int(ctrl_request*, size_t, void*))
DYNALIB_FN(BASE_IDX + 11, system, system_ctrl_free_request_data, void(ctrl_request*, void*))
DYNALIB_FN(BASE_IDX + 12, system, system_ctrl_set_result, void(ctrl_request*, int, ctrl_completion_handler_fn, void*, void*))
 23fece4:	b509      	push	{r0, r3, lr}
 23fece6:	4804      	ldr	r0, [pc, #16]	; (23fecf8 <system_ctrl_set_result+0x14>)
 23fece8:	6800      	ldr	r0, [r0, #0]
 23fecea:	4b04      	ldr	r3, [pc, #16]	; (23fecfc <system_ctrl_set_result+0x18>)
 23fecec:	4403      	add	r3, r0
 23fecee:	681b      	ldr	r3, [r3, #0]
 23fecf0:	f8d3 3094 	ldr.w	r3, [r3, #148]	; 0x94
 23fecf4:	9302      	str	r3, [sp, #8]
 23fecf6:	bd09      	pop	{r0, r3, pc}
 23fecf8:	1007addc 	.word	0x1007addc
 23fecfc:	00000008 	.word	0x00000008

023fed00 <network_connect>:
#endif

DYNALIB_BEGIN(system_net)

DYNALIB_FN(0, system_net, network_config, const void*(network_handle_t, uint32_t, void*))
DYNALIB_FN(1, system_net, network_connect, void(network_handle_t, uint32_t, uint32_t, void*))
 23fed00:	b509      	push	{r0, r3, lr}
 23fed02:	4804      	ldr	r0, [pc, #16]	; (23fed14 <network_connect+0x14>)
 23fed04:	6800      	ldr	r0, [r0, #0]
 23fed06:	4b04      	ldr	r3, [pc, #16]	; (23fed18 <network_connect+0x18>)
 23fed08:	4403      	add	r3, r0
 23fed0a:	681b      	ldr	r3, [r3, #0]
 23fed0c:	685b      	ldr	r3, [r3, #4]
 23fed0e:	9302      	str	r3, [sp, #8]
 23fed10:	bd09      	pop	{r0, r3, pc}
 23fed12:	0000      	.short	0x0000
 23fed14:	1007addc 	.word	0x1007addc
 23fed18:	00000028 	.word	0x00000028

023fed1c <network_connecting>:
DYNALIB_FN(2, system_net, network_connecting, bool(network_handle_t, uint32_t, void*))
 23fed1c:	b509      	push	{r0, r3, lr}
 23fed1e:	4804      	ldr	r0, [pc, #16]	; (23fed30 <network_connecting+0x14>)
 23fed20:	6800      	ldr	r0, [r0, #0]
 23fed22:	4b04      	ldr	r3, [pc, #16]	; (23fed34 <network_connecting+0x18>)
 23fed24:	4403      	add	r3, r0
 23fed26:	681b      	ldr	r3, [r3, #0]
 23fed28:	689b      	ldr	r3, [r3, #8]
 23fed2a:	9302      	str	r3, [sp, #8]
 23fed2c:	bd09      	pop	{r0, r3, pc}
 23fed2e:	0000      	.short	0x0000
 23fed30:	1007addc 	.word	0x1007addc
 23fed34:	00000028 	.word	0x00000028

023fed38 <network_disconnect>:
DYNALIB_FN(3, system_net, network_disconnect, void(network_handle_t, uint32_t, void*))
 23fed38:	b509      	push	{r0, r3, lr}
 23fed3a:	4804      	ldr	r0, [pc, #16]	; (23fed4c <network_disconnect+0x14>)
 23fed3c:	6800      	ldr	r0, [r0, #0]
 23fed3e:	4b04      	ldr	r3, [pc, #16]	; (23fed50 <network_disconnect+0x18>)
 23fed40:	4403      	add	r3, r0
 23fed42:	681b      	ldr	r3, [r3, #0]
 23fed44:	68db      	ldr	r3, [r3, #12]
 23fed46:	9302      	str	r3, [sp, #8]
 23fed48:	bd09      	pop	{r0, r3, pc}
 23fed4a:	0000      	.short	0x0000
 23fed4c:	1007addc 	.word	0x1007addc
 23fed50:	00000028 	.word	0x00000028

023fed54 <network_ready>:
DYNALIB_FN(4, system_net, network_ready, bool(network_handle_t, uint32_t, void*))
 23fed54:	b509      	push	{r0, r3, lr}
 23fed56:	4804      	ldr	r0, [pc, #16]	; (23fed68 <network_ready+0x14>)
 23fed58:	6800      	ldr	r0, [r0, #0]
 23fed5a:	4b04      	ldr	r3, [pc, #16]	; (23fed6c <network_ready+0x18>)
 23fed5c:	4403      	add	r3, r0
 23fed5e:	681b      	ldr	r3, [r3, #0]
 23fed60:	691b      	ldr	r3, [r3, #16]
 23fed62:	9302      	str	r3, [sp, #8]
 23fed64:	bd09      	pop	{r0, r3, pc}
 23fed66:	0000      	.short	0x0000
 23fed68:	1007addc 	.word	0x1007addc
 23fed6c:	00000028 	.word	0x00000028

023fed70 <network_on>:
DYNALIB_FN(5, system_net, network_on, void(network_handle_t, uint32_t, uint32_t, void*))
 23fed70:	b509      	push	{r0, r3, lr}
 23fed72:	4804      	ldr	r0, [pc, #16]	; (23fed84 <network_on+0x14>)
 23fed74:	6800      	ldr	r0, [r0, #0]
 23fed76:	4b04      	ldr	r3, [pc, #16]	; (23fed88 <network_on+0x18>)
 23fed78:	4403      	add	r3, r0
 23fed7a:	681b      	ldr	r3, [r3, #0]
 23fed7c:	695b      	ldr	r3, [r3, #20]
 23fed7e:	9302      	str	r3, [sp, #8]
 23fed80:	bd09      	pop	{r0, r3, pc}
 23fed82:	0000      	.short	0x0000
 23fed84:	1007addc 	.word	0x1007addc
 23fed88:	00000028 	.word	0x00000028

023fed8c <network_off>:
DYNALIB_FN(6, system_net, network_off, void(network_handle_t, uint32_t, uint32_t, void*))
 23fed8c:	b509      	push	{r0, r3, lr}
 23fed8e:	4804      	ldr	r0, [pc, #16]	; (23feda0 <network_off+0x14>)
 23fed90:	6800      	ldr	r0, [r0, #0]
 23fed92:	4b04      	ldr	r3, [pc, #16]	; (23feda4 <network_off+0x18>)
 23fed94:	4403      	add	r3, r0
 23fed96:	681b      	ldr	r3, [r3, #0]
 23fed98:	699b      	ldr	r3, [r3, #24]
 23fed9a:	9302      	str	r3, [sp, #8]
 23fed9c:	bd09      	pop	{r0, r3, pc}
 23fed9e:	0000      	.short	0x0000
 23feda0:	1007addc 	.word	0x1007addc
 23feda4:	00000028 	.word	0x00000028

023feda8 <network_listen>:
DYNALIB_FN(7, system_net, network_listen, void(network_handle_t, uint32_t, void*))
 23feda8:	b509      	push	{r0, r3, lr}
 23fedaa:	4804      	ldr	r0, [pc, #16]	; (23fedbc <network_listen+0x14>)
 23fedac:	6800      	ldr	r0, [r0, #0]
 23fedae:	4b04      	ldr	r3, [pc, #16]	; (23fedc0 <network_listen+0x18>)
 23fedb0:	4403      	add	r3, r0
 23fedb2:	681b      	ldr	r3, [r3, #0]
 23fedb4:	69db      	ldr	r3, [r3, #28]
 23fedb6:	9302      	str	r3, [sp, #8]
 23fedb8:	bd09      	pop	{r0, r3, pc}
 23fedba:	0000      	.short	0x0000
 23fedbc:	1007addc 	.word	0x1007addc
 23fedc0:	00000028 	.word	0x00000028

023fedc4 <network_listening>:
DYNALIB_FN(8, system_net, network_listening, bool(network_handle_t, uint32_t, void*))
 23fedc4:	b509      	push	{r0, r3, lr}
 23fedc6:	4804      	ldr	r0, [pc, #16]	; (23fedd8 <network_listening+0x14>)
 23fedc8:	6800      	ldr	r0, [r0, #0]
 23fedca:	4b04      	ldr	r3, [pc, #16]	; (23feddc <network_listening+0x18>)
 23fedcc:	4403      	add	r3, r0
 23fedce:	681b      	ldr	r3, [r3, #0]
 23fedd0:	6a1b      	ldr	r3, [r3, #32]
 23fedd2:	9302      	str	r3, [sp, #8]
 23fedd4:	bd09      	pop	{r0, r3, pc}
 23fedd6:	0000      	.short	0x0000
 23fedd8:	1007addc 	.word	0x1007addc
 23feddc:	00000028 	.word	0x00000028

023fede0 <network_set_listen_timeout>:
DYNALIB_FN(9, system_net, network_has_credentials, bool(network_handle_t, uint32_t, void*))
DYNALIB_FN(10, system_net, network_set_credentials, int(network_handle_t, uint32_t, NetworkCredentials*, void*))
DYNALIB_FN(11, system_net, network_clear_credentials, bool(network_handle_t, uint32_t, NetworkCredentials*, void*))
DYNALIB_FN(12, system_net, network_set_listen_timeout, void(network_handle_t, uint16_t, void*))
 23fede0:	b509      	push	{r0, r3, lr}
 23fede2:	4804      	ldr	r0, [pc, #16]	; (23fedf4 <network_set_listen_timeout+0x14>)
 23fede4:	6800      	ldr	r0, [r0, #0]
 23fede6:	4b04      	ldr	r3, [pc, #16]	; (23fedf8 <network_set_listen_timeout+0x18>)
 23fede8:	4403      	add	r3, r0
 23fedea:	681b      	ldr	r3, [r3, #0]
 23fedec:	6b1b      	ldr	r3, [r3, #48]	; 0x30
 23fedee:	9302      	str	r3, [sp, #8]
 23fedf0:	bd09      	pop	{r0, r3, pc}
 23fedf2:	0000      	.short	0x0000
 23fedf4:	1007addc 	.word	0x1007addc
 23fedf8:	00000028 	.word	0x00000028

023fedfc <network_get_listen_timeout>:
DYNALIB_FN(13, system_net, network_get_listen_timeout, uint16_t(network_handle_t, uint32_t, void*))
 23fedfc:	b509      	push	{r0, r3, lr}
 23fedfe:	4804      	ldr	r0, [pc, #16]	; (23fee10 <network_get_listen_timeout+0x14>)
 23fee00:	6800      	ldr	r0, [r0, #0]
 23fee02:	4b04      	ldr	r3, [pc, #16]	; (23fee14 <network_get_listen_timeout+0x18>)
 23fee04:	4403      	add	r3, r0
 23fee06:	681b      	ldr	r3, [r3, #0]
 23fee08:	6b5b      	ldr	r3, [r3, #52]	; 0x34
 23fee0a:	9302      	str	r3, [sp, #8]
 23fee0c:	bd09      	pop	{r0, r3, pc}
 23fee0e:	0000      	.short	0x0000
 23fee10:	1007addc 	.word	0x1007addc
 23fee14:	00000028 	.word	0x00000028

023fee18 <network_is_on>:
DYNALIB_FN(14, system_net, network_set_hostname, int(network_handle_t, uint32_t, const char*, void*))
DYNALIB_FN(15, system_net, network_get_hostname, int(network_handle_t, uint32_t, char*, size_t, void*))
DYNALIB_FN(16, system_net, network_is_on, bool(network_handle_t, void*))
 23fee18:	b509      	push	{r0, r3, lr}
 23fee1a:	4804      	ldr	r0, [pc, #16]	; (23fee2c <network_is_on+0x14>)
 23fee1c:	6800      	ldr	r0, [r0, #0]
 23fee1e:	4b04      	ldr	r3, [pc, #16]	; (23fee30 <network_is_on+0x18>)
 23fee20:	4403      	add	r3, r0
 23fee22:	681b      	ldr	r3, [r3, #0]
 23fee24:	6c1b      	ldr	r3, [r3, #64]	; 0x40
 23fee26:	9302      	str	r3, [sp, #8]
 23fee28:	bd09      	pop	{r0, r3, pc}
 23fee2a:	0000      	.short	0x0000
 23fee2c:	1007addc 	.word	0x1007addc
 23fee30:	00000028 	.word	0x00000028

023fee34 <network_is_off>:
DYNALIB_FN(17, system_net, network_is_off, bool(network_handle_t, void*))
 23fee34:	b509      	push	{r0, r3, lr}
 23fee36:	4804      	ldr	r0, [pc, #16]	; (23fee48 <network_is_off+0x14>)
 23fee38:	6800      	ldr	r0, [r0, #0]
 23fee3a:	4b04      	ldr	r3, [pc, #16]	; (23fee4c <network_is_off+0x18>)
 23fee3c:	4403      	add	r3, r0
 23fee3e:	681b      	ldr	r3, [r3, #0]
 23fee40:	6c5b      	ldr	r3, [r3, #68]	; 0x44
 23fee42:	9302      	str	r3, [sp, #8]
 23fee44:	bd09      	pop	{r0, r3, pc}
 23fee46:	0000      	.short	0x0000
 23fee48:	1007addc 	.word	0x1007addc
 23fee4c:	00000028 	.word	0x00000028

023fee50 <network_prefer>:
DYNALIB_FN(18, system_net, network_set_configuration, int(network_handle_t, const network_configuration_t*, void*))
DYNALIB_FN(19, system_net, network_get_configuration, int(network_handle_t, network_configuration_t**, size_t*, const char*, size_t, void*))
DYNALIB_FN(20, system_net, network_free_configuration, int(network_configuration_t*, size_t, void*))
DYNALIB_FN(21, system_net, network_prefer, network_handle_t(network_handle_t, bool, void*))
 23fee50:	b509      	push	{r0, r3, lr}
 23fee52:	4804      	ldr	r0, [pc, #16]	; (23fee64 <network_prefer+0x14>)
 23fee54:	6800      	ldr	r0, [r0, #0]
 23fee56:	4b04      	ldr	r3, [pc, #16]	; (23fee68 <network_prefer+0x18>)
 23fee58:	4403      	add	r3, r0
 23fee5a:	681b      	ldr	r3, [r3, #0]
 23fee5c:	6d5b      	ldr	r3, [r3, #84]	; 0x54
 23fee5e:	9302      	str	r3, [sp, #8]
 23fee60:	bd09      	pop	{r0, r3, pc}
 23fee62:	0000      	.short	0x0000
 23fee64:	1007addc 	.word	0x1007addc
 23fee68:	00000028 	.word	0x00000028

023fee6c <network_is_preferred>:
DYNALIB_FN(22, system_net, network_is_preferred, bool(network_handle_t, void*))
 23fee6c:	b509      	push	{r0, r3, lr}
 23fee6e:	4804      	ldr	r0, [pc, #16]	; (23fee80 <network_is_preferred+0x14>)
 23fee70:	6800      	ldr	r0, [r0, #0]
 23fee72:	4b04      	ldr	r3, [pc, #16]	; (23fee84 <network_is_preferred+0x18>)
 23fee74:	4403      	add	r3, r0
 23fee76:	681b      	ldr	r3, [r3, #0]
 23fee78:	6d9b      	ldr	r3, [r3, #88]	; 0x58
 23fee7a:	9302      	str	r3, [sp, #8]
 23fee7c:	bd09      	pop	{r0, r3, pc}
 23fee7e:	0000      	.short	0x0000
 23fee80:	1007addc 	.word	0x1007addc
 23fee84:	00000028 	.word	0x00000028

023fee88 <spark_process>:

DYNALIB_BEGIN(system_cloud)

DYNALIB_FN(0, system_cloud, spark_variable, bool(const char*, const void*, Spark_Data_TypeDef, spark_variable_t*))
DYNALIB_FN(1, system_cloud, spark_function, bool(const char*, p_user_function_int_str_t, void*))
DYNALIB_FN(2, system_cloud, spark_process, bool(void))
 23fee88:	b509      	push	{r0, r3, lr}
 23fee8a:	4804      	ldr	r0, [pc, #16]	; (23fee9c <spark_process+0x14>)
 23fee8c:	6800      	ldr	r0, [r0, #0]
 23fee8e:	4b04      	ldr	r3, [pc, #16]	; (23feea0 <spark_process+0x18>)
 23fee90:	4403      	add	r3, r0
 23fee92:	681b      	ldr	r3, [r3, #0]
 23fee94:	689b      	ldr	r3, [r3, #8]
 23fee96:	9302      	str	r3, [sp, #8]
 23fee98:	bd09      	pop	{r0, r3, pc}
 23fee9a:	0000      	.short	0x0000
 23fee9c:	1007addc 	.word	0x1007addc
 23feea0:	0000002c 	.word	0x0000002c

023feea4 <spark_set_random_seed_from_cloud_handler>:
DYNALIB_FN(10, system_cloud, spark_unsubscribe, void(void*))
DYNALIB_FN(11, system_cloud, spark_sync_time, bool(void*))
DYNALIB_FN(12, system_cloud, spark_sync_time_pending, bool(void*))
DYNALIB_FN(13, system_cloud, spark_sync_time_last, system_tick_t(time32_t*, time_t*))
DYNALIB_FN(14, system_cloud, spark_set_connection_property, int(unsigned, unsigned, const void*, void*))
DYNALIB_FN(15, system_cloud, spark_set_random_seed_from_cloud_handler, int(void (*handler)(unsigned int), void*))
 23feea4:	b509      	push	{r0, r3, lr}
 23feea6:	4804      	ldr	r0, [pc, #16]	; (23feeb8 <spark_set_random_seed_from_cloud_handler+0x14>)
 23feea8:	6800      	ldr	r0, [r0, #0]
 23feeaa:	4b04      	ldr	r3, [pc, #16]	; (23feebc <spark_set_random_seed_from_cloud_handler+0x18>)
 23feeac:	4403      	add	r3, r0
 23feeae:	681b      	ldr	r3, [r3, #0]
 23feeb0:	6bdb      	ldr	r3, [r3, #60]	; 0x3c
 23feeb2:	9302      	str	r3, [sp, #8]
 23feeb4:	bd09      	pop	{r0, r3, pc}
 23feeb6:	0000      	.short	0x0000
 23feeb8:	1007addc 	.word	0x1007addc
 23feebc:	0000002c 	.word	0x0000002c

023feec0 <malloc>:
#include "hal_platform.h"
#endif // defined(DYNALIB_EXPORT) || (defined(DYNALIB_IMPORT) && !defined(RT_DYNALIB_NO_DEPENDENCY_BREAKING_IMPORTS))

DYNALIB_BEGIN(rt)

DYNALIB_FN(0, rt, malloc, void*(size_t))
 23feec0:	b509      	push	{r0, r3, lr}
 23feec2:	4804      	ldr	r0, [pc, #16]	; (23feed4 <malloc+0x14>)
 23feec4:	6800      	ldr	r0, [r0, #0]
 23feec6:	4b04      	ldr	r3, [pc, #16]	; (23feed8 <malloc+0x18>)
 23feec8:	4403      	add	r3, r0
 23feeca:	681b      	ldr	r3, [r3, #0]
 23feecc:	681b      	ldr	r3, [r3, #0]
 23feece:	9302      	str	r3, [sp, #8]
 23feed0:	bd09      	pop	{r0, r3, pc}
 23feed2:	0000      	.short	0x0000
 23feed4:	1007addc 	.word	0x1007addc
 23feed8:	00000004 	.word	0x00000004

023feedc <free>:
DYNALIB_FN(1, rt, free, void(void*))
 23feedc:	b509      	push	{r0, r3, lr}
 23feede:	4804      	ldr	r0, [pc, #16]	; (23feef0 <free+0x14>)
 23feee0:	6800      	ldr	r0, [r0, #0]
 23feee2:	4b04      	ldr	r3, [pc, #16]	; (23feef4 <free+0x18>)
 23feee4:	4403      	add	r3, r0
 23feee6:	681b      	ldr	r3, [r3, #0]
 23feee8:	685b      	ldr	r3, [r3, #4]
 23feeea:	9302      	str	r3, [sp, #8]
 23feeec:	bd09      	pop	{r0, r3, pc}
 23feeee:	0000      	.short	0x0000
 23feef0:	1007addc 	.word	0x1007addc
 23feef4:	00000004 	.word	0x00000004

023feef8 <__assert_func>:
DYNALIB_FN(13, rt, _free_r, void(struct _reent*, void*))
DYNALIB_FN(14, rt, _realloc_r, void*(struct _reent*, void*, size_t))
DYNALIB_FN(15, rt, __errno, int*())

#if defined(DYNALIB_EXPORT) || (defined(DYNALIB_IMPORT) && !defined(RT_DYNALIB_NO_DEPENDENCY_BREAKING_IMPORTS))
DYNALIB_FN(16, rt, __assert_func, void(const char*, int, const char*, const char*))
 23feef8:	b509      	push	{r0, r3, lr}
 23feefa:	4804      	ldr	r0, [pc, #16]	; (23fef0c <__assert_func+0x14>)
 23feefc:	6800      	ldr	r0, [r0, #0]
 23feefe:	4b04      	ldr	r3, [pc, #16]	; (23fef10 <__assert_func+0x18>)
 23fef00:	4403      	add	r3, r0
 23fef02:	681b      	ldr	r3, [r3, #0]
 23fef04:	6c1b      	ldr	r3, [r3, #64]	; 0x40
 23fef06:	9302      	str	r3, [sp, #8]
 23fef08:	bd09      	pop	{r0, r3, pc}
 23fef0a:	0000      	.short	0x0000
 23fef0c:	1007addc 	.word	0x1007addc
 23fef10:	00000004 	.word	0x00000004

023fef14 <newlib_impure_ptr_callback>:
DYNALIB_FN(17, rt, newlib_impure_ptr_callback, void(void (*)(struct _reent*, size_t, uint32_t, void*), void*))
 23fef14:	b509      	push	{r0, r3, lr}
 23fef16:	4804      	ldr	r0, [pc, #16]	; (23fef28 <newlib_impure_ptr_callback+0x14>)
 23fef18:	6800      	ldr	r0, [r0, #0]
 23fef1a:	4b04      	ldr	r3, [pc, #16]	; (23fef2c <newlib_impure_ptr_callback+0x18>)
 23fef1c:	4403      	add	r3, r0
 23fef1e:	681b      	ldr	r3, [r3, #0]
 23fef20:	6c5b      	ldr	r3, [r3, #68]	; 0x44
 23fef22:	9302      	str	r3, [sp, #8]
 23fef24:	bd09      	pop	{r0, r3, pc}
 23fef26:	0000      	.short	0x0000
 23fef28:	1007addc 	.word	0x1007addc
 23fef2c:	00000004 	.word	0x00000004

023fef30 <_ZN5spark13EthernetClass9listeningEv>:
    uint16_t getListenTimeout(void) {
        return network_get_listen_timeout(*this, 0, NULL);
    }

    bool listening(void) {
        return network_listening(*this, 0, NULL);
 23fef30:	2200      	movs	r2, #0
 23fef32:	6840      	ldr	r0, [r0, #4]
 23fef34:	4611      	mov	r1, r2
 23fef36:	f7ff bf45 	b.w	23fedc4 <network_listening>

023fef3a <_ZN5spark13EthernetClass16getListenTimeoutEv>:
        return network_get_listen_timeout(*this, 0, NULL);
 23fef3a:	2200      	movs	r2, #0
 23fef3c:	6840      	ldr	r0, [r0, #4]
 23fef3e:	4611      	mov	r1, r2
 23fef40:	f7ff bf5c 	b.w	23fedfc <network_get_listen_timeout>

023fef44 <_ZN5spark13EthernetClass16setListenTimeoutEt>:
        network_set_listen_timeout(*this, timeout, NULL);
 23fef44:	2200      	movs	r2, #0
 23fef46:	6840      	ldr	r0, [r0, #4]
 23fef48:	f7ff bf4a 	b.w	23fede0 <network_set_listen_timeout>

023fef4c <_ZN5spark13EthernetClass6listenEb>:
        network_listen(*this, begin ? 0 : 1, NULL);
 23fef4c:	2200      	movs	r2, #0
 23fef4e:	6840      	ldr	r0, [r0, #4]
 23fef50:	f081 0101 	eor.w	r1, r1, #1
 23fef54:	f7ff bf28 	b.w	23feda8 <network_listen>

023fef58 <_ZN5spark13EthernetClass3offEv>:
        network_off(*this, 0, 0, NULL);
 23fef58:	2300      	movs	r3, #0
 23fef5a:	6840      	ldr	r0, [r0, #4]
 23fef5c:	461a      	mov	r2, r3
 23fef5e:	4619      	mov	r1, r3
 23fef60:	f7ff bf14 	b.w	23fed8c <network_off>

023fef64 <_ZN5spark13EthernetClass2onEv>:
        network_on(*this, 0, 0, NULL);
 23fef64:	2300      	movs	r3, #0
 23fef66:	6840      	ldr	r0, [r0, #4]
 23fef68:	461a      	mov	r2, r3
 23fef6a:	4619      	mov	r1, r3
 23fef6c:	f7ff bf00 	b.w	23fed70 <network_on>

023fef70 <_ZN5spark13EthernetClass5readyEv>:
    }

    bool ready() {
        return network_ready(*this, 0,  NULL);
 23fef70:	2200      	movs	r2, #0
 23fef72:	6840      	ldr	r0, [r0, #4]
 23fef74:	4611      	mov	r1, r2
 23fef76:	f7ff beed 	b.w	23fed54 <network_ready>

023fef7a <_ZN5spark13EthernetClass10connectingEv>:
        return network_connecting(*this, 0, NULL);
 23fef7a:	2200      	movs	r2, #0
 23fef7c:	6840      	ldr	r0, [r0, #4]
 23fef7e:	4611      	mov	r1, r2
 23fef80:	f7ff becc 	b.w	23fed1c <network_connecting>

023fef84 <_ZN5spark13EthernetClass10disconnectEv>:
        network_disconnect(*this, NETWORK_DISCONNECT_REASON_USER, NULL);
 23fef84:	2200      	movs	r2, #0
 23fef86:	2102      	movs	r1, #2
 23fef88:	6840      	ldr	r0, [r0, #4]
 23fef8a:	f7ff bed5 	b.w	23fed38 <network_disconnect>

023fef8e <_ZN5spark13EthernetClass7connectEj>:
        network_connect(*this, flags, 0, NULL);
 23fef8e:	2300      	movs	r3, #0
 23fef90:	6840      	ldr	r0, [r0, #4]
 23fef92:	461a      	mov	r2, r3
 23fef94:	f7ff beb4 	b.w	23fed00 <network_connect>

023fef98 <_GLOBAL__sub_I__ZN5spark8EthernetE>:
    static NetworkClass& from(network_interface_t nif);

    virtual IPAddress resolve(const char* name);

    explicit NetworkClass(network_interface_t iface)
            : iface_(iface) {
 23fef98:	2203      	movs	r2, #3
 23fef9a:	4b02      	ldr	r3, [pc, #8]	; (23fefa4 <_GLOBAL__sub_I__ZN5spark8EthernetE+0xc>)
 23fef9c:	605a      	str	r2, [r3, #4]
            NetworkClass(NETWORK_INTERFACE_ETHERNET) {
 23fef9e:	4a02      	ldr	r2, [pc, #8]	; (23fefa8 <_GLOBAL__sub_I__ZN5spark8EthernetE+0x10>)
 23fefa0:	601a      	str	r2, [r3, #0]

namespace spark {

EthernetClass Ethernet;

} // spark
 23fefa2:	4770      	bx	lr
 23fefa4:	1007ae80 	.word	0x1007ae80
 23fefa8:	023ffd98 	.word	0x023ffd98

023fefac <_ZN8SPIClass6unlockEv.isra.0>:
  }

  void unlock()
  {
#if HAL_PLATFORM_SPI_HAL_THREAD_SAFETY
    hal_spi_release(_spi, nullptr);
 23fefac:	2100      	movs	r1, #0
 23fefae:	f7ff bde3 	b.w	23feb78 <hal_spi_release>

023fefb2 <_ZN8SPIClass4lockEv.isra.0>:
    return hal_spi_acquire(_spi, nullptr);
 23fefb2:	2100      	movs	r1, #0
 23fefb4:	f7ff bdd2 	b.w	23feb5c <hal_spi_acquire>

023fefb8 <_ZN8SPIClassC1E19hal_spi_interface_t>:
    }
    return particle::SPISettings(info->clock, info->bit_order, info->data_mode);
}
} // namespace

SPIClass::SPIClass(hal_spi_interface_t spi)
 23fefb8:	b510      	push	{r4, lr}
 23fefba:	4604      	mov	r4, r0
 23fefbc:	4608      	mov	r0, r1
{
    _spi = spi;
 23fefbe:	7021      	strb	r1, [r4, #0]
    hal_spi_init(_spi);
 23fefc0:	f7ff fd78 	bl	23feab4 <hal_spi_init>
    _dividerReference = SPI_CLK_SYSTEM; // 0 indicates the system clock
 23fefc4:	2300      	movs	r3, #0
}
 23fefc6:	4620      	mov	r0, r4
    _dividerReference = SPI_CLK_SYSTEM; // 0 indicates the system clock
 23fefc8:	6063      	str	r3, [r4, #4]
}
 23fefca:	bd10      	pop	{r4, pc}

023fefcc <_ZN8SPIClass16beginTransactionEv>:
    }
}

int32_t SPIClass::beginTransaction()
{
    return lock();
 23fefcc:	7800      	ldrb	r0, [r0, #0]
 23fefce:	f7ff bff0 	b.w	23fefb2 <_ZN8SPIClass4lockEv.isra.0>

023fefd2 <_ZN8SPIClass14endTransactionEv>:
}

void SPIClass::endTransaction()
{
    // Release peripheral
    unlock();
 23fefd2:	7800      	ldrb	r0, [r0, #0]
 23fefd4:	f7ff bfea 	b.w	23fefac <_ZN8SPIClass6unlockEv.isra.0>

023fefd8 <_ZN8SPIClass19computeClockDividerEjjRhRj>:
    }
}

void SPIClass::computeClockDivider(unsigned reference, unsigned targetSpeed, uint8_t& divider,
                                   unsigned& clock)
{
 23fefd8:	b530      	push	{r4, r5, lr}
    clock = reference;
    uint8_t scale = 0;
    clock >>= 1; // div2 is the first
 23fefda:	2400      	movs	r4, #0
 23fefdc:	0840      	lsrs	r0, r0, #1
 23fefde:	6018      	str	r0, [r3, #0]
    while (clock > targetSpeed && scale < 7)
 23fefe0:	6818      	ldr	r0, [r3, #0]
 23fefe2:	b2e5      	uxtb	r5, r4
 23fefe4:	4288      	cmp	r0, r1
 23fefe6:	d906      	bls.n	23feff6 <_ZN8SPIClass19computeClockDividerEjjRhRj+0x1e>
 23fefe8:	3401      	adds	r4, #1
 23fefea:	2c08      	cmp	r4, #8
 23fefec:	d002      	beq.n	23feff4 <_ZN8SPIClass19computeClockDividerEjjRhRj+0x1c>
    {
        clock >>= 1;
 23fefee:	0840      	lsrs	r0, r0, #1
 23feff0:	6018      	str	r0, [r3, #0]
    while (clock > targetSpeed && scale < 7)
 23feff2:	e7f5      	b.n	23fefe0 <_ZN8SPIClass19computeClockDividerEjjRhRj+0x8>
 23feff4:	2507      	movs	r5, #7
        scale++;
    }
    divider = clock_divisors[scale];
 23feff6:	4b02      	ldr	r3, [pc, #8]	; (23ff000 <_ZN8SPIClass19computeClockDividerEjjRhRj+0x28>)
 23feff8:	5d5b      	ldrb	r3, [r3, r5]
 23feffa:	7013      	strb	r3, [r2, #0]
}
 23feffc:	bd30      	pop	{r4, r5, pc}
 23feffe:	bf00      	nop
 23ff000:	023ffdd4 	.word	0x023ffdd4

023ff004 <_ZN8SPIClass13setClockSpeedEjj>:

unsigned SPIClass::setClockSpeed(unsigned value, unsigned value_scale)
{
    unsigned clock = 0;
 23ff004:	2300      	movs	r3, #0
{
 23ff006:	e92d 41f0 	stmdb	sp!, {r4, r5, r6, r7, r8, lr}
 23ff00a:	4604      	mov	r4, r0
 23ff00c:	b088      	sub	sp, #32

    // actual speed is the system clock divided by some scalar
    unsigned targetSpeed = value * value_scale;

    if (!lock())
 23ff00e:	7800      	ldrb	r0, [r0, #0]
{
 23ff010:	460e      	mov	r6, r1
 23ff012:	4617      	mov	r7, r2
    unsigned clock = 0;
 23ff014:	9302      	str	r3, [sp, #8]
    if (!lock())
 23ff016:	f7ff ffcc 	bl	23fefb2 <_ZN8SPIClass4lockEv.isra.0>
 23ff01a:	4605      	mov	r5, r0
 23ff01c:	bb00      	cbnz	r0, 23ff060 <_ZN8SPIClass13setClockSpeedEjj+0x5c>
    memset(info, 0, sizeof(hal_spi_info_t));
 23ff01e:	4601      	mov	r1, r0
 23ff020:	2214      	movs	r2, #20
 23ff022:	a803      	add	r0, sp, #12
    {
        // Query SPI info
        hal_spi_info_t info;
        querySpiInfo(_spi, &info);
 23ff024:	f894 8000 	ldrb.w	r8, [r4]
    memset(info, 0, sizeof(hal_spi_info_t));
 23ff028:	f000 fddd 	bl	23ffbe6 <memset>
    info->version = HAL_SPI_INFO_VERSION_1;
 23ff02c:	230b      	movs	r3, #11
    hal_spi_info(spi, info, nullptr);
 23ff02e:	462a      	mov	r2, r5
 23ff030:	4640      	mov	r0, r8
 23ff032:	a903      	add	r1, sp, #12
    info->version = HAL_SPI_INFO_VERSION_1;
 23ff034:	f8ad 300c 	strh.w	r3, [sp, #12]
    hal_spi_info(spi, info, nullptr);
 23ff038:	f7ff fd58 	bl	23feaec <hal_spi_info>

        // Calculate clock divider
        uint8_t divisor = 0;
        computeClockDivider(info.system_clock, targetSpeed, divisor, clock);
 23ff03c:	fb07 f106 	mul.w	r1, r7, r6
 23ff040:	9804      	ldr	r0, [sp, #16]
 23ff042:	ab02      	add	r3, sp, #8
 23ff044:	f10d 0207 	add.w	r2, sp, #7
        uint8_t divisor = 0;
 23ff048:	f88d 5007 	strb.w	r5, [sp, #7]
        computeClockDivider(info.system_clock, targetSpeed, divisor, clock);
 23ff04c:	f7ff ffc4 	bl	23fefd8 <_ZN8SPIClass19computeClockDividerEjjRhRj>

        // Update SPI peripheral
        hal_spi_set_clock_divider(_spi, divisor);
 23ff050:	7820      	ldrb	r0, [r4, #0]
 23ff052:	f89d 1007 	ldrb.w	r1, [sp, #7]
 23ff056:	f7ff fd1f 	bl	23fea98 <hal_spi_set_clock_divider>
        unlock();
 23ff05a:	7820      	ldrb	r0, [r4, #0]
 23ff05c:	f7ff ffa6 	bl	23fefac <_ZN8SPIClass6unlockEv.isra.0>
    }

    return clock;
}
 23ff060:	9802      	ldr	r0, [sp, #8]
 23ff062:	b008      	add	sp, #32
 23ff064:	e8bd 81f0 	ldmia.w	sp!, {r4, r5, r6, r7, r8, pc}

023ff068 <_ZN8SPIClass8transferEPKvPvjPFvvE>:
    return static_cast<byte>(hal_spi_transfer(_spi, _data));
}

void SPIClass::transfer(const void* tx_buffer, void* rx_buffer, size_t length,
                        wiring_spi_dma_transfercomplete_callback_t user_callback)
{
 23ff068:	b530      	push	{r4, r5, lr}
 23ff06a:	b087      	sub	sp, #28
 23ff06c:	9d0a      	ldr	r5, [sp, #40]	; 0x28
 23ff06e:	4604      	mov	r4, r0
    hal_spi_transfer_dma(_spi, tx_buffer, rx_buffer, length, user_callback);
 23ff070:	9500      	str	r5, [sp, #0]
 23ff072:	7800      	ldrb	r0, [r0, #0]
 23ff074:	f7ff fd48 	bl	23feb08 <hal_spi_transfer_dma>
    if (user_callback == NULL)
 23ff078:	b93d      	cbnz	r5, 23ff08a <_ZN8SPIClass8transferEPKvPvjPFvvE+0x22>
    {
        hal_spi_transfer_status_t st;
        do
        {
            hal_spi_transfer_dma_status(_spi, &st);
 23ff07a:	7820      	ldrb	r0, [r4, #0]
 23ff07c:	a902      	add	r1, sp, #8
 23ff07e:	f7ff fd5f 	bl	23feb40 <hal_spi_transfer_dma_status>
        } while (st.transfer_ongoing);
 23ff082:	f89d 3014 	ldrb.w	r3, [sp, #20]
 23ff086:	07db      	lsls	r3, r3, #31
 23ff088:	d4f7      	bmi.n	23ff07a <_ZN8SPIClass8transferEPKvPvjPFvvE+0x12>
    }
}
 23ff08a:	b007      	add	sp, #28
 23ff08c:	bd30      	pop	{r4, r5, pc}
	...

023ff090 <_GLOBAL__sub_I_System>:
} // namespace particle

// particle::Flag<TagT, ValueT>
template<typename TagT, typename ValueT>
inline particle::Flag<TagT, ValueT>::Flag(ValueT val) :
        val_(val) {
 23ff090:	2202      	movs	r2, #2

class SystemSleepResult {
public:
    SystemSleepResult()
            : wakeupSource_(nullptr),
              error_(SYSTEM_ERROR_NONE) {
 23ff092:	2000      	movs	r0, #0
 23ff094:	4b04      	ldr	r3, [pc, #16]	; (23ff0a8 <_GLOBAL__sub_I_System+0x18>)
 23ff096:	601a      	str	r2, [r3, #0]
 23ff098:	4b04      	ldr	r3, [pc, #16]	; (23ff0ac <_GLOBAL__sub_I_System+0x1c>)
    SleepResult() {}
 23ff09a:	4a05      	ldr	r2, [pc, #20]	; (23ff0b0 <_GLOBAL__sub_I_System+0x20>)
              error_(SYSTEM_ERROR_NONE) {
 23ff09c:	e9c3 0000 	strd	r0, r0, [r3]
    SleepResult() {}
 23ff0a0:	609a      	str	r2, [r3, #8]

class SystemClass {
public:

    SystemClass(System_Mode_TypeDef mode = DEFAULT) {
        set_system_mode(mode);
 23ff0a2:	f7ff bdf5 	b.w	23fec90 <set_system_mode>
 23ff0a6:	bf00      	nop
 23ff0a8:	1007ae94 	.word	0x1007ae94
 23ff0ac:	1007ae88 	.word	0x1007ae88
 23ff0b0:	ffff0000 	.word	0xffff0000

023ff0b4 <_GLOBAL__sub_I__ZN8particle3ble13WiringBleLock6mutex_E>:
    /**
     * Creates a shared mutex.
     */
    RecursiveMutex(os_mutex_recursive_t handle) : handle_(handle) {}

    RecursiveMutex() : handle_(nullptr)
 23ff0b4:	2300      	movs	r3, #0
 23ff0b6:	4802      	ldr	r0, [pc, #8]	; (23ff0c0 <_GLOBAL__sub_I__ZN8particle3ble13WiringBleLock6mutex_E+0xc>)
 23ff0b8:	6003      	str	r3, [r0, #0]
    {
        os_mutex_recursive_create(&handle_);
 23ff0ba:	f7ff bbff 	b.w	23fe8bc <os_mutex_recursive_create>
 23ff0be:	bf00      	nop
 23ff0c0:	1007ae98 	.word	0x1007ae98

023ff0c4 <_ZN5Print5writeEPKhj>:

// Public Methods //////////////////////////////////////////////////////////////

/* default implementation: may be overridden */
size_t Print::write(const uint8_t *buffer, size_t size)
{
 23ff0c4:	b5f8      	push	{r3, r4, r5, r6, r7, lr}
 23ff0c6:	4606      	mov	r6, r0
 23ff0c8:	460d      	mov	r5, r1
  size_t n = 0;
 23ff0ca:	2400      	movs	r4, #0
 23ff0cc:	188f      	adds	r7, r1, r2
  while (size--) {
 23ff0ce:	42bd      	cmp	r5, r7
 23ff0d0:	d00c      	beq.n	23ff0ec <_ZN5Print5writeEPKhj+0x28>
     int chunk = write(*buffer++);
 23ff0d2:	6833      	ldr	r3, [r6, #0]
 23ff0d4:	4630      	mov	r0, r6
 23ff0d6:	689b      	ldr	r3, [r3, #8]
 23ff0d8:	f815 1b01 	ldrb.w	r1, [r5], #1
 23ff0dc:	4798      	blx	r3
     if (chunk>=0)
 23ff0de:	1e03      	subs	r3, r0, #0
 23ff0e0:	db01      	blt.n	23ff0e6 <_ZN5Print5writeEPKhj+0x22>
         n += chunk;
 23ff0e2:	441c      	add	r4, r3
  while (size--) {
 23ff0e4:	e7f3      	b.n	23ff0ce <_ZN5Print5writeEPKhj+0xa>
     int chunk = write(*buffer++);
 23ff0e6:	2c00      	cmp	r4, #0
 23ff0e8:	bf08      	it	eq
 23ff0ea:	461c      	moveq	r4, r3
             n = chunk;
         break;
     }
  }
  return n;
}
 23ff0ec:	4620      	mov	r0, r4
 23ff0ee:	bdf8      	pop	{r3, r4, r5, r6, r7, pc}

023ff0f0 <_ZN5Print5writeEPKc>:

    int getWriteError() const { return write_error; }
    void clearWriteError() { setWriteError(0); }

    virtual size_t write(uint8_t) = 0;
    size_t write(const char *str) {
 23ff0f0:	b513      	push	{r0, r1, r4, lr}
 23ff0f2:	4604      	mov	r4, r0
      if (str == NULL) return 0;
      return write((const uint8_t *)str, strlen(str));
    }
 23ff0f4:	4608      	mov	r0, r1
      if (str == NULL) return 0;
 23ff0f6:	b159      	cbz	r1, 23ff110 <_ZN5Print5writeEPKc+0x20>
      return write((const uint8_t *)str, strlen(str));
 23ff0f8:	9101      	str	r1, [sp, #4]
 23ff0fa:	f7ff f839 	bl	23fe170 <strlen>
 23ff0fe:	4602      	mov	r2, r0
 23ff100:	4620      	mov	r0, r4
 23ff102:	6823      	ldr	r3, [r4, #0]
 23ff104:	9901      	ldr	r1, [sp, #4]
 23ff106:	68db      	ldr	r3, [r3, #12]
    }
 23ff108:	b002      	add	sp, #8
 23ff10a:	e8bd 4010 	ldmia.w	sp!, {r4, lr}
      return write((const uint8_t *)str, strlen(str));
 23ff10e:	4718      	bx	r3
    }
 23ff110:	b002      	add	sp, #8
 23ff112:	bd10      	pop	{r4, pc}

023ff114 <_ZN5Print5printEc>:
  return write(str);
}

size_t Print::print(char c)
{
  return write(c);
 23ff114:	6803      	ldr	r3, [r0, #0]
 23ff116:	689b      	ldr	r3, [r3, #8]
 23ff118:	4718      	bx	r3

023ff11a <_ZN5Print11printNumberEmh>:

size_t Print::printNumber(unsigned long n, uint8_t base) {
  char buf[8 * sizeof(n) + 1]; // Assumes 8-bit chars plus zero byte.
  char *str = &buf[sizeof(buf) - 1];

  *str = '\0';
 23ff11a:	2300      	movs	r3, #0

  // prevent crash if called with base == 1
  if (base < 2) base = 10;
 23ff11c:	2a01      	cmp	r2, #1
 23ff11e:	bf98      	it	ls
 23ff120:	220a      	movls	r2, #10
size_t Print::printNumber(unsigned long n, uint8_t base) {
 23ff122:	b530      	push	{r4, r5, lr}
 23ff124:	b08b      	sub	sp, #44	; 0x2c
  *str = '\0';
 23ff126:	f88d 3024 	strb.w	r3, [sp, #36]	; 0x24
  if (base < 2) base = 10;
 23ff12a:	ac09      	add	r4, sp, #36	; 0x24

  do {
   decltype(n) m = n;
   n /= base;
 23ff12c:	460d      	mov	r5, r1
 23ff12e:	fbb1 f1f2 	udiv	r1, r1, r2
   char c = m - base * n;
 23ff132:	fb01 5312 	mls	r3, r1, r2, r5
 23ff136:	f003 03ff 	and.w	r3, r3, #255	; 0xff
   *--str = c < 10 ? c + '0' : c + 'A' - 10;
 23ff13a:	2b09      	cmp	r3, #9
 23ff13c:	bf94      	ite	ls
 23ff13e:	3330      	addls	r3, #48	; 0x30
 23ff140:	3337      	addhi	r3, #55	; 0x37
 23ff142:	b2db      	uxtb	r3, r3
  } while(n);
 23ff144:	42aa      	cmp	r2, r5
   *--str = c < 10 ? c + '0' : c + 'A' - 10;
 23ff146:	f804 3d01 	strb.w	r3, [r4, #-1]!
  } while(n);
 23ff14a:	d9ef      	bls.n	23ff12c <_ZN5Print11printNumberEmh+0x12>

  return write(str);
 23ff14c:	4621      	mov	r1, r4
 23ff14e:	f7ff ffcf 	bl	23ff0f0 <_ZN5Print5writeEPKc>
}
 23ff152:	b00b      	add	sp, #44	; 0x2c
 23ff154:	bd30      	pop	{r4, r5, pc}

023ff156 <_ZN6Stream9timedReadEv>:
#define PARSE_TIMEOUT 1000  // default number of milli-seconds to wait
#define NO_SKIP_CHAR  1  // a magic char not found in a valid ASCII numeric field

// private method to read stream with timeout
int Stream::timedRead()
{
 23ff156:	b510      	push	{r4, lr}
 23ff158:	4604      	mov	r4, r0

#ifdef __cplusplus
extern "C" {
#endif

inline system_tick_t millis(void) { return HAL_Timer_Get_Milli_Seconds(); }
 23ff15a:	f7ff fb93 	bl	23fe884 <HAL_Timer_Get_Milli_Seconds>
  int c;
  _startMillis = millis();
 23ff15e:	60e0      	str	r0, [r4, #12]
  do {
    c = read();
 23ff160:	6823      	ldr	r3, [r4, #0]
 23ff162:	4620      	mov	r0, r4
 23ff164:	695b      	ldr	r3, [r3, #20]
 23ff166:	4798      	blx	r3
    if (c >= 0) return c;
 23ff168:	2800      	cmp	r0, #0
 23ff16a:	da08      	bge.n	23ff17e <_ZN6Stream9timedReadEv+0x28>
 23ff16c:	f7ff fb8a 	bl	23fe884 <HAL_Timer_Get_Milli_Seconds>
  } while(millis() - _startMillis < _timeout);
 23ff170:	68e3      	ldr	r3, [r4, #12]
 23ff172:	1ac0      	subs	r0, r0, r3
 23ff174:	68a3      	ldr	r3, [r4, #8]
 23ff176:	4298      	cmp	r0, r3
 23ff178:	d3f2      	bcc.n	23ff160 <_ZN6Stream9timedReadEv+0xa>
  return -1;     // -1 indicates timeout
 23ff17a:	f04f 30ff 	mov.w	r0, #4294967295
}
 23ff17e:	bd10      	pop	{r4, pc}

023ff180 <_ZN6Stream9readBytesEPcj>:
// terminates if length characters have been read, or timeout (see setTimeout)
// returns the number of characters placed in the buffer
// the buffer is NOT null terminated.
//
size_t Stream::readBytes(char *buffer, size_t length)
{
 23ff180:	e92d 41f0 	stmdb	sp!, {r4, r5, r6, r7, r8, lr}
 23ff184:	4607      	mov	r7, r0
 23ff186:	460c      	mov	r4, r1
 23ff188:	460d      	mov	r5, r1
 23ff18a:	188e      	adds	r6, r1, r2
  size_t count = 0;
  while (count < length) {
 23ff18c:	42b5      	cmp	r5, r6
 23ff18e:	eba5 0804 	sub.w	r8, r5, r4
 23ff192:	d007      	beq.n	23ff1a4 <_ZN6Stream9readBytesEPcj+0x24>
    int c = timedRead();
 23ff194:	4638      	mov	r0, r7
 23ff196:	f7ff ffde 	bl	23ff156 <_ZN6Stream9timedReadEv>
    if (c < 0) break;
 23ff19a:	1e03      	subs	r3, r0, #0
 23ff19c:	db02      	blt.n	23ff1a4 <_ZN6Stream9readBytesEPcj+0x24>
    *buffer++ = (char)c;
 23ff19e:	f805 3b01 	strb.w	r3, [r5], #1
  while (count < length) {
 23ff1a2:	e7f3      	b.n	23ff18c <_ZN6Stream9readBytesEPcj+0xc>
    count++;
  }
  return count;
}
 23ff1a4:	4640      	mov	r0, r8
 23ff1a6:	e8bd 81f0 	ldmia.w	sp!, {r4, r5, r6, r7, r8, pc}
	...

023ff1ac <_GLOBAL__sub_I__ZN5spark3LogE>:
    // This handler doesn't support direct logging
}

// spark::Logger
inline spark::Logger::Logger(const char *name) :
        name_(name) {
 23ff1ac:	4b01      	ldr	r3, [pc, #4]	; (23ff1b4 <_GLOBAL__sub_I__ZN5spark3LogE+0x8>)
 23ff1ae:	4a02      	ldr	r2, [pc, #8]	; (23ff1b8 <_GLOBAL__sub_I__ZN5spark3LogE+0xc>)
 23ff1b0:	601a      	str	r2, [r3, #0]
#if Wiring_LogConfig

// spark::
void spark::logProcessControlRequest(ctrl_request* req) {
    JSONRequestHandler::process(req);
}
 23ff1b2:	4770      	bx	lr
 23ff1b4:	1007ae9c 	.word	0x1007ae9c
 23ff1b8:	023ffddc 	.word	0x023ffddc

023ff1bc <_GLOBAL__sub_I_TIME_FORMAT_DEFAULT>:
            calendar_time_cache = Convert_UnixTime_To_CalendarTime(unix_time);
            unix_time_cache = unix_time;
    }
}

const char* TimeClass::format_spec = TIME_FORMAT_DEFAULT;
 23ff1bc:	4b02      	ldr	r3, [pc, #8]	; (23ff1c8 <_GLOBAL__sub_I_TIME_FORMAT_DEFAULT+0xc>)
 23ff1be:	681a      	ldr	r2, [r3, #0]
 23ff1c0:	4b02      	ldr	r3, [pc, #8]	; (23ff1cc <_GLOBAL__sub_I_TIME_FORMAT_DEFAULT+0x10>)
 23ff1c2:	601a      	str	r2, [r3, #0]
{
  return isValid();
}


TimeClass Time;
 23ff1c4:	4770      	bx	lr
 23ff1c6:	bf00      	nop
 23ff1c8:	1007ade0 	.word	0x1007ade0
 23ff1cc:	1007aea0 	.word	0x1007aea0

023ff1d0 <delay>:
    return (value - fromStart) * (toEnd - toStart) / (fromEnd - fromStart) + toStart;
}

void delay(unsigned long ms)
{
    system_delay_ms(ms, false);
 23ff1d0:	2100      	movs	r1, #0
 23ff1d2:	f7ff bd6b 	b.w	23fecac <system_delay_ms>
	...

023ff1d8 <_GLOBAL__sub_I_RGB>:
	static void
	_M_init_functor(_Any_data& __functor, _Functor&& __f, false_type)
	{ __functor._M_access<_Functor*>() = new _Functor(std::move(__f)); }
      };

    _Function_base() : _M_manager(nullptr) { }
 23ff1d8:	2200      	movs	r2, #0
 23ff1da:	4b01      	ldr	r3, [pc, #4]	; (23ff1e0 <_GLOBAL__sub_I_RGB+0x8>)
 23ff1dc:	609a      	str	r2, [r3, #8]
{
    RGBClass* const d = static_cast<RGBClass*>(data);
    if (d->changeHandler_) {
        d->changeHandler_(r, g, b);
    }
}
 23ff1de:	4770      	bx	lr
 23ff1e0:	1007aea4 	.word	0x1007aea4

023ff1e4 <_ZZ21module_user_init_hookENUlP6_reentjmPvE_4_FUNES0_jmS1_>:

void module_user_init_hook()
{
#if HAL_PLATFORM_NEWLIB
    newlib_impure_ptr_callback([](struct _reent* r, size_t size, uint32_t version, void* ctx) -> void {
        _impure_ptr = r;
 23ff1e4:	4b01      	ldr	r3, [pc, #4]	; (23ff1ec <_ZZ21module_user_init_hookENUlP6_reentjmPvE_4_FUNES0_jmS1_+0x8>)
 23ff1e6:	6018      	str	r0, [r3, #0]
    }, nullptr);
 23ff1e8:	4770      	bx	lr
 23ff1ea:	bf00      	nop
 23ff1ec:	1007ade4 	.word	0x1007ade4

023ff1f0 <serialEventRun>:
{
 23ff1f0:	b508      	push	{r3, lr}
    if (serialEvent && Serial.available()>0)
 23ff1f2:	4b0f      	ldr	r3, [pc, #60]	; (23ff230 <serialEventRun+0x40>)
 23ff1f4:	b143      	cbz	r3, 23ff208 <serialEventRun+0x18>
 23ff1f6:	f000 f977 	bl	23ff4e8 <_Z16_fetch_usbserialv>
 23ff1fa:	6803      	ldr	r3, [r0, #0]
 23ff1fc:	691b      	ldr	r3, [r3, #16]
 23ff1fe:	4798      	blx	r3
 23ff200:	2800      	cmp	r0, #0
 23ff202:	dd01      	ble.n	23ff208 <serialEventRun+0x18>
        serialEvent();
 23ff204:	e000      	b.n	23ff208 <serialEventRun+0x18>
 23ff206:	bf00      	nop
    if (serialEvent1 && Serial1.available()>0)
 23ff208:	4b0a      	ldr	r3, [pc, #40]	; (23ff234 <serialEventRun+0x44>)
 23ff20a:	b143      	cbz	r3, 23ff21e <serialEventRun+0x2e>
 23ff20c:	f000 fc06 	bl	23ffa1c <_Z22__fetch_global_Serial1v>
 23ff210:	6803      	ldr	r3, [r0, #0]
 23ff212:	691b      	ldr	r3, [r3, #16]
 23ff214:	4798      	blx	r3
 23ff216:	2800      	cmp	r0, #0
 23ff218:	dd01      	ble.n	23ff21e <serialEventRun+0x2e>
        serialEvent1();
 23ff21a:	e000      	b.n	23ff21e <serialEventRun+0x2e>
 23ff21c:	bf00      	nop
    if (serialEvent2) serialEventRun2();
 23ff21e:	4b06      	ldr	r3, [pc, #24]	; (23ff238 <serialEventRun+0x48>)
 23ff220:	b10b      	cbz	r3, 23ff226 <serialEventRun+0x36>
 23ff222:	f000 fc41 	bl	23ffaa8 <_Z15serialEventRun2v>
    if (serialEvent3) serialEventRun3();
 23ff226:	4b05      	ldr	r3, [pc, #20]	; (23ff23c <serialEventRun+0x4c>)
 23ff228:	b10b      	cbz	r3, 23ff22e <serialEventRun+0x3e>
 23ff22a:	f000 fc73 	bl	23ffb14 <_Z15serialEventRun3v>
}
 23ff22e:	bd08      	pop	{r3, pc}
	...

023ff240 <_post_loop>:
{
 23ff240:	b508      	push	{r3, lr}
	serialEventRun();
 23ff242:	f7ff ffd5 	bl	23ff1f0 <serialEventRun>
		return !thread || !thread->isRunning();
	}

	static inline system_tick_t current_time()
	{
		return HAL_Timer_Get_Milli_Seconds();
 23ff246:	f7ff fb1d 	bl	23fe884 <HAL_Timer_Get_Milli_Seconds>
	/**
	 * Lifesign that the application is still working normally.
	 */
	static void checkin()
	{
		last_checkin = current_time();
 23ff24a:	4b01      	ldr	r3, [pc, #4]	; (23ff250 <_post_loop+0x10>)
 23ff24c:	6018      	str	r0, [r3, #0]
}
 23ff24e:	bd08      	pop	{r3, pc}
 23ff250:	1007af4c 	.word	0x1007af4c

023ff254 <_Z33system_initialize_user_backup_ramv>:
    memcpy(&link_global_retained_start, &link_global_retained_initial_values, len);
 23ff254:	4805      	ldr	r0, [pc, #20]	; (23ff26c <_Z33system_initialize_user_backup_ramv+0x18>)
 23ff256:	4a06      	ldr	r2, [pc, #24]	; (23ff270 <_Z33system_initialize_user_backup_ramv+0x1c>)
{
 23ff258:	b508      	push	{r3, lr}
    memcpy(&link_global_retained_start, &link_global_retained_initial_values, len);
 23ff25a:	1a12      	subs	r2, r2, r0
 23ff25c:	4905      	ldr	r1, [pc, #20]	; (23ff274 <_Z33system_initialize_user_backup_ramv+0x20>)
 23ff25e:	f000 fcb5 	bl	23ffbcc <memcpy>
    __backup_sram_signature = signature;
 23ff262:	4b05      	ldr	r3, [pc, #20]	; (23ff278 <_Z33system_initialize_user_backup_ramv+0x24>)
 23ff264:	4a05      	ldr	r2, [pc, #20]	; (23ff27c <_Z33system_initialize_user_backup_ramv+0x28>)
 23ff266:	601a      	str	r2, [r3, #0]
}
 23ff268:	bd08      	pop	{r3, pc}
 23ff26a:	bf00      	nop
 23ff26c:	1007b400 	.word	0x1007b400
 23ff270:	1007b404 	.word	0x1007b404
 23ff274:	085fefa8 	.word	0x085fefa8
 23ff278:	1007b400 	.word	0x1007b400
 23ff27c:	9a271c1e 	.word	0x9a271c1e

023ff280 <_Z27ctrl_request_custom_handlerP12ctrl_request>:
    system_ctrl_set_result(req, SYSTEM_ERROR_NOT_SUPPORTED, nullptr, nullptr, nullptr);
 23ff280:	2300      	movs	r3, #0
void __attribute((weak)) ctrl_request_custom_handler(ctrl_request* req) {
 23ff282:	b507      	push	{r0, r1, r2, lr}
    system_ctrl_set_result(req, SYSTEM_ERROR_NOT_SUPPORTED, nullptr, nullptr, nullptr);
 23ff284:	461a      	mov	r2, r3
 23ff286:	f06f 0177 	mvn.w	r1, #119	; 0x77
 23ff28a:	9300      	str	r3, [sp, #0]
 23ff28c:	f7ff fd2a 	bl	23fece4 <system_ctrl_set_result>
}
 23ff290:	b003      	add	sp, #12
 23ff292:	f85d fb04 	ldr.w	pc, [sp], #4
	...

023ff298 <_ZL20ctrl_request_handlerP12ctrl_request>:
static void ctrl_request_handler(ctrl_request* req) {
 23ff298:	b507      	push	{r0, r1, r2, lr}
    switch (req->type) {
 23ff29a:	8843      	ldrh	r3, [r0, #2]
 23ff29c:	2b0a      	cmp	r3, #10
 23ff29e:	d008      	beq.n	23ff2b2 <_ZL20ctrl_request_handlerP12ctrl_request+0x1a>
 23ff2a0:	2b50      	cmp	r3, #80	; 0x50
 23ff2a2:	d10b      	bne.n	23ff2bc <_ZL20ctrl_request_handlerP12ctrl_request+0x24>
        if (log_process_ctrl_request_callback) {
 23ff2a4:	4b09      	ldr	r3, [pc, #36]	; (23ff2cc <_ZL20ctrl_request_handlerP12ctrl_request+0x34>)
 23ff2a6:	681b      	ldr	r3, [r3, #0]
 23ff2a8:	b14b      	cbz	r3, 23ff2be <_ZL20ctrl_request_handlerP12ctrl_request+0x26>
}
 23ff2aa:	b003      	add	sp, #12
 23ff2ac:	f85d eb04 	ldr.w	lr, [sp], #4
            log_process_ctrl_request_callback(req);
 23ff2b0:	4718      	bx	r3
        ctrl_request_custom_handler(req);
 23ff2b2:	f7ff ffe5 	bl	23ff280 <_Z27ctrl_request_custom_handlerP12ctrl_request>
}
 23ff2b6:	b003      	add	sp, #12
 23ff2b8:	f85d fb04 	ldr.w	pc, [sp], #4
        system_ctrl_set_result(req, SYSTEM_ERROR_NOT_SUPPORTED, nullptr, nullptr, nullptr);
 23ff2bc:	2300      	movs	r3, #0
 23ff2be:	461a      	mov	r2, r3
 23ff2c0:	f06f 0177 	mvn.w	r1, #119	; 0x77
 23ff2c4:	9300      	str	r3, [sp, #0]
 23ff2c6:	f7ff fd0d 	bl	23fece4 <system_ctrl_set_result>
}
 23ff2ca:	e7f4      	b.n	23ff2b6 <_ZL20ctrl_request_handlerP12ctrl_request+0x1e>
 23ff2cc:	1007aeb8 	.word	0x1007aeb8

023ff2d0 <module_user_init_hook>:
    newlib_impure_ptr_callback([](struct _reent* r, size_t size, uint32_t version, void* ctx) -> void {
 23ff2d0:	2100      	movs	r1, #0
{
 23ff2d2:	b510      	push	{r4, lr}
    newlib_impure_ptr_callback([](struct _reent* r, size_t size, uint32_t version, void* ctx) -> void {
 23ff2d4:	4811      	ldr	r0, [pc, #68]	; (23ff31c <module_user_init_hook+0x4c>)
 23ff2d6:	f7ff fe1d 	bl	23fef14 <newlib_impure_ptr_callback>
#endif // HAL_PLATFORM_NEWLIB

#if HAL_PLATFORM_BACKUP_RAM
    backup_ram_was_valid_ = __backup_sram_signature == signature;
 23ff2da:	4b11      	ldr	r3, [pc, #68]	; (23ff320 <module_user_init_hook+0x50>)
 23ff2dc:	681a      	ldr	r2, [r3, #0]
 23ff2de:	4b11      	ldr	r3, [pc, #68]	; (23ff324 <module_user_init_hook+0x54>)
 23ff2e0:	429a      	cmp	r2, r3
 23ff2e2:	bf0c      	ite	eq
 23ff2e4:	2201      	moveq	r2, #1
 23ff2e6:	2200      	movne	r2, #0
 23ff2e8:	4b0f      	ldr	r3, [pc, #60]	; (23ff328 <module_user_init_hook+0x58>)
 23ff2ea:	701a      	strb	r2, [r3, #0]
    if (!backup_ram_was_valid_) {
 23ff2ec:	d001      	beq.n	23ff2f2 <module_user_init_hook+0x22>
        system_initialize_user_backup_ram();
 23ff2ee:	f7ff ffb1 	bl	23ff254 <_Z33system_initialize_user_backup_ramv>
    }
#endif

#if HAL_PLATFORM_RNG
    // Initialize the default stdlib PRNG using hardware RNG as a seed
    const uint32_t seed = HAL_RNG_GetRandomNumber();
 23ff2f2:	f7ff faab 	bl	23fe84c <HAL_RNG_GetRandomNumber>
 23ff2f6:	4604      	mov	r4, r0
    srand(seed);
 23ff2f8:	f000 fc7e 	bl	23ffbf8 <srand>

    // If the user defines random_seed_from_cloud, call it with a seed value
    // generated by a hardware RNG as well.
    if (random_seed_from_cloud) {
 23ff2fc:	4b0b      	ldr	r3, [pc, #44]	; (23ff32c <module_user_init_hook+0x5c>)
 23ff2fe:	b113      	cbz	r3, 23ff306 <module_user_init_hook+0x36>
        random_seed_from_cloud(seed);
 23ff300:	4620      	mov	r0, r4
 23ff302:	e000      	b.n	23ff306 <module_user_init_hook+0x36>
 23ff304:	bf00      	nop
    }
#endif
    // Register the random_seed_from_cloud handler
    spark_set_random_seed_from_cloud_handler(&random_seed_from_cloud, nullptr);
 23ff306:	2100      	movs	r1, #0
 23ff308:	4808      	ldr	r0, [pc, #32]	; (23ff32c <module_user_init_hook+0x5c>)
 23ff30a:	f7ff fdcb 	bl	23feea4 <spark_set_random_seed_from_cloud_handler>

    // Register application handler for the control requests
    system_ctrl_set_app_request_handler(ctrl_request_handler, nullptr);
}
 23ff30e:	e8bd 4010 	ldmia.w	sp!, {r4, lr}
    system_ctrl_set_app_request_handler(ctrl_request_handler, nullptr);
 23ff312:	2100      	movs	r1, #0
 23ff314:	4806      	ldr	r0, [pc, #24]	; (23ff330 <module_user_init_hook+0x60>)
 23ff316:	f7ff bcd7 	b.w	23fecc8 <system_ctrl_set_app_request_handler>
 23ff31a:	bf00      	nop
 23ff31c:	023ff1e5 	.word	0x023ff1e5
 23ff320:	1007b400 	.word	0x1007b400
 23ff324:	9a271c1e 	.word	0x9a271c1e
 23ff328:	1007aeb4 	.word	0x1007aeb4
 23ff32c:	00000000 	.word	0x00000000
 23ff330:	023ff299 	.word	0x023ff299

023ff334 <_ZN9IPAddressD1Ev>:
    IPAddress(uint32_t address);
    // 4 bytes defining the IP address in network order
    IPAddress(const uint8_t* address);
    IPAddress(const HAL_IPAddress& address);

    virtual ~IPAddress() {}
 23ff334:	4770      	bx	lr

023ff336 <_ZN9IPAddressD0Ev>:
 23ff336:	b510      	push	{r4, lr}
 23ff338:	4604      	mov	r4, r0
 23ff33a:	2118      	movs	r1, #24
 23ff33c:	f7fe ff3f 	bl	23fe1be <_ZdlPvj>
 23ff340:	4620      	mov	r0, r4
 23ff342:	bd10      	pop	{r4, pc}

023ff344 <_ZNK9IPAddress7printToER5Print>:
#endif // Wiring_IPv6
	return address.ipv4==that.address.ipv4;
}

size_t IPAddress::printTo(Print& p) const
{
 23ff344:	b5f0      	push	{r4, r5, r6, r7, lr}
#if Wiring_IPv6
#if HAL_USE_INET_HAL_POSIX
	if (address.v==6) {
 23ff346:	7d03      	ldrb	r3, [r0, #20]
{
 23ff348:	460e      	mov	r6, r1
	if (address.v==6) {
 23ff34a:	2b06      	cmp	r3, #6
 23ff34c:	f04f 0400 	mov.w	r4, #0
{
 23ff350:	b08d      	sub	sp, #52	; 0x34
		char buf[INET6_ADDRSTRLEN+1];
		buf[0] = 0;
		inet_inet_ntop(AF_INET6, address.ipv6, buf, sizeof(buf));
 23ff352:	f100 0704 	add.w	r7, r0, #4
	if (address.v==6) {
 23ff356:	d012      	beq.n	23ff37e <_ZNK9IPAddress7printToER5Print+0x3a>
 23ff358:	f100 0508 	add.w	r5, r0, #8
            val = n;
        }
#if __GNUC__ >= 9
#pragma GCC diagnostic pop
#endif // __GNUC__ >= 9
        return printNumber(val, base) + t;
 23ff35c:	f815 1d01 	ldrb.w	r1, [r5, #-1]!
 23ff360:	220a      	movs	r2, #10
 23ff362:	4630      	mov	r0, r6
 23ff364:	f7ff fed9 	bl	23ff11a <_ZN5Print11printNumberEmh>
#else
#pragma message "HAL_USE_INET_HAL_POSIX is required for IPv6 support in IPAddress::printTo()"
#endif // HAL_USE_INET_HAL_POSIX
#endif // Wiring_IPv6
    size_t n = 0;
    for (int i = 0; i < 4; i++)
 23ff368:	42af      	cmp	r7, r5
    {
        if (n)
            n += p.print('.');
        n += p.print((*this)[i], DEC);
 23ff36a:	4404      	add	r4, r0
    for (int i = 0; i < 4; i++)
 23ff36c:	d019      	beq.n	23ff3a2 <_ZNK9IPAddress7printToER5Print+0x5e>
        if (n)
 23ff36e:	2c00      	cmp	r4, #0
 23ff370:	d0f4      	beq.n	23ff35c <_ZNK9IPAddress7printToER5Print+0x18>
            n += p.print('.');
 23ff372:	212e      	movs	r1, #46	; 0x2e
 23ff374:	4630      	mov	r0, r6
 23ff376:	f7ff fecd 	bl	23ff114 <_ZN5Print5printEc>
 23ff37a:	4404      	add	r4, r0
 23ff37c:	e7ee      	b.n	23ff35c <_ZNK9IPAddress7printToER5Print+0x18>
		inet_inet_ntop(AF_INET6, address.ipv6, buf, sizeof(buf));
 23ff37e:	232f      	movs	r3, #47	; 0x2f
 23ff380:	466a      	mov	r2, sp
 23ff382:	4639      	mov	r1, r7
 23ff384:	200a      	movs	r0, #10
		buf[0] = 0;
 23ff386:	f88d 4000 	strb.w	r4, [sp]
		inet_inet_ntop(AF_INET6, address.ipv6, buf, sizeof(buf));
 23ff38a:	f7ff faa5 	bl	23fe8d8 <inet_inet_ntop>
      return write((const uint8_t *)str, strlen(str));
 23ff38e:	4668      	mov	r0, sp
 23ff390:	f7fe feee 	bl	23fe170 <strlen>
 23ff394:	6833      	ldr	r3, [r6, #0]
 23ff396:	4602      	mov	r2, r0
 23ff398:	4669      	mov	r1, sp
 23ff39a:	4630      	mov	r0, r6
 23ff39c:	68db      	ldr	r3, [r3, #12]
 23ff39e:	4798      	blx	r3
 23ff3a0:	4604      	mov	r4, r0
    }
    return n;
}
 23ff3a2:	4620      	mov	r0, r4
 23ff3a4:	b00d      	add	sp, #52	; 0x34
 23ff3a6:	bdf0      	pop	{r4, r5, r6, r7, pc}

023ff3a8 <_ZN9IPAddressC1Ev>:
IPAddress::IPAddress()
 23ff3a8:	b510      	push	{r4, lr}
 23ff3aa:	4604      	mov	r4, r0
 23ff3ac:	4b04      	ldr	r3, [pc, #16]	; (23ff3c0 <_ZN9IPAddressC1Ev+0x18>)
        return address;
    }

    virtual size_t printTo(Print& p) const;

    void clear() { memset(&address, 0, sizeof (address)); }
 23ff3ae:	2211      	movs	r2, #17
 23ff3b0:	2100      	movs	r1, #0
 23ff3b2:	f840 3b04 	str.w	r3, [r0], #4
 23ff3b6:	f000 fc16 	bl	23ffbe6 <memset>
}
 23ff3ba:	4620      	mov	r0, r4
 23ff3bc:	bd10      	pop	{r4, pc}
 23ff3be:	bf00      	nop
 23ff3c0:	023ffe04 	.word	0x023ffe04

023ff3c4 <_ZN9IPAddressC1ERK16_HAL_IPAddress_t>:
IPAddress::IPAddress(const HAL_IPAddress& address)
 23ff3c4:	4603      	mov	r3, r0
 23ff3c6:	4a07      	ldr	r2, [pc, #28]	; (23ff3e4 <_ZN9IPAddressC1ERK16_HAL_IPAddress_t+0x20>)
 23ff3c8:	b510      	push	{r4, lr}
 23ff3ca:	f843 2b04 	str.w	r2, [r3], #4
    memcpy(&this->address, &address, sizeof(address));
 23ff3ce:	f101 0210 	add.w	r2, r1, #16
 23ff3d2:	f851 4b04 	ldr.w	r4, [r1], #4
 23ff3d6:	4291      	cmp	r1, r2
 23ff3d8:	f843 4b04 	str.w	r4, [r3], #4
 23ff3dc:	d1f9      	bne.n	23ff3d2 <_ZN9IPAddressC1ERK16_HAL_IPAddress_t+0xe>
 23ff3de:	780a      	ldrb	r2, [r1, #0]
 23ff3e0:	701a      	strb	r2, [r3, #0]
}
 23ff3e2:	bd10      	pop	{r4, pc}
 23ff3e4:	023ffe04 	.word	0x023ffe04

023ff3e8 <_ZN9IPAddress8set_ipv4Ehhhh>:
{
 23ff3e8:	b510      	push	{r4, lr}
    address.ipv4 = b0<<24 | b1 << 16 | b2 << 8 | b3;
 23ff3ea:	f89d 4008 	ldrb.w	r4, [sp, #8]
 23ff3ee:	ea44 2303 	orr.w	r3, r4, r3, lsl #8
 23ff3f2:	ea43 4202 	orr.w	r2, r3, r2, lsl #16
        address.v = version;
 23ff3f6:	2304      	movs	r3, #4
 23ff3f8:	ea42 6101 	orr.w	r1, r2, r1, lsl #24
 23ff3fc:	6041      	str	r1, [r0, #4]
 23ff3fe:	7503      	strb	r3, [r0, #20]
}
 23ff400:	bd10      	pop	{r4, pc}
	...

023ff404 <_ZN9IPAddressC1EPKh>:
IPAddress::IPAddress(const uint8_t* addr)
 23ff404:	b507      	push	{r0, r1, r2, lr}
 23ff406:	4b06      	ldr	r3, [pc, #24]	; (23ff420 <_ZN9IPAddressC1EPKh+0x1c>)
 23ff408:	6003      	str	r3, [r0, #0]
    set_ipv4(addr[0], addr[1], addr[2], addr[3]);
 23ff40a:	78cb      	ldrb	r3, [r1, #3]
 23ff40c:	9300      	str	r3, [sp, #0]
 23ff40e:	788b      	ldrb	r3, [r1, #2]
 23ff410:	784a      	ldrb	r2, [r1, #1]
 23ff412:	7809      	ldrb	r1, [r1, #0]
 23ff414:	f7ff ffe8 	bl	23ff3e8 <_ZN9IPAddress8set_ipv4Ehhhh>
}
 23ff418:	b003      	add	sp, #12
 23ff41a:	f85d fb04 	ldr.w	pc, [sp], #4
 23ff41e:	bf00      	nop
 23ff420:	023ffe04 	.word	0x023ffe04

023ff424 <_ZN9USBSerial14blockOnOverrunEb>:
  HAL_USB_USART_Flush_Data(_serial);
}

void USBSerial::blockOnOverrun(bool block)
{
  _blocking = block;
 23ff424:	7441      	strb	r1, [r0, #17]
}
 23ff426:	4770      	bx	lr

023ff428 <__tcf_0>:
}

USBSerial& _fetch_usbserial()
{
  HAL_USB_USART_Config conf = acquireSerialBuffer();
	static USBSerial _usbserial(HAL_USB_USART_SERIAL, conf);
 23ff428:	4770      	bx	lr

023ff42a <_ZN9USBSerialD1Ev>:
#include "usb_hal.h"
#include "system_task.h"
#include "spark_wiring_startup.h"
#include "concurrent_hal.h"

class USBSerial : public Stream
 23ff42a:	4770      	bx	lr

023ff42c <_ZN9USBSerial4readEv>:
{
 23ff42c:	b508      	push	{r3, lr}
	return std::max(-1, (int)HAL_USB_USART_Receive_Data(_serial, false));
 23ff42e:	2100      	movs	r1, #0
 23ff430:	7c00      	ldrb	r0, [r0, #16]
 23ff432:	f7ff fbe7 	bl	23fec04 <HAL_USB_USART_Receive_Data>
}
 23ff436:	ea40 70e0 	orr.w	r0, r0, r0, asr #31
 23ff43a:	bd08      	pop	{r3, pc}

023ff43c <_ZN9USBSerial4peekEv>:
{
 23ff43c:	b508      	push	{r3, lr}
	return std::max(-1, (int)HAL_USB_USART_Receive_Data(_serial, true));
 23ff43e:	2101      	movs	r1, #1
 23ff440:	7c00      	ldrb	r0, [r0, #16]
 23ff442:	f7ff fbdf 	bl	23fec04 <HAL_USB_USART_Receive_Data>
}
 23ff446:	ea40 70e0 	orr.w	r0, r0, r0, asr #31
 23ff44a:	bd08      	pop	{r3, pc}

023ff44c <_ZN9USBSerial17availableForWriteEv>:
{
 23ff44c:	b508      	push	{r3, lr}
  return std::max(0, (int)HAL_USB_USART_Available_Data_For_Write(_serial));
 23ff44e:	7c00      	ldrb	r0, [r0, #16]
 23ff450:	f7ff fbca 	bl	23febe8 <HAL_USB_USART_Available_Data_For_Write>
}
 23ff454:	ea20 70e0 	bic.w	r0, r0, r0, asr #31
 23ff458:	bd08      	pop	{r3, pc}

023ff45a <_ZN9USBSerial9availableEv>:
{
 23ff45a:	b508      	push	{r3, lr}
	return std::max(0, (int)HAL_USB_USART_Available_Data(_serial));
 23ff45c:	7c00      	ldrb	r0, [r0, #16]
 23ff45e:	f7ff fbb5 	bl	23febcc <HAL_USB_USART_Available_Data>
}
 23ff462:	ea20 70e0 	bic.w	r0, r0, r0, asr #31
 23ff466:	bd08      	pop	{r3, pc}

023ff468 <_ZN9USBSerial5writeEh>:
{
 23ff468:	b513      	push	{r0, r1, r4, lr}
 23ff46a:	4604      	mov	r4, r0
  if (HAL_USB_USART_Available_Data_For_Write(_serial) > 0 || _blocking) {
 23ff46c:	7c00      	ldrb	r0, [r0, #16]
{
 23ff46e:	9101      	str	r1, [sp, #4]
  if (HAL_USB_USART_Available_Data_For_Write(_serial) > 0 || _blocking) {
 23ff470:	f7ff fbba 	bl	23febe8 <HAL_USB_USART_Available_Data_For_Write>
 23ff474:	2800      	cmp	r0, #0
 23ff476:	9901      	ldr	r1, [sp, #4]
 23ff478:	dc01      	bgt.n	23ff47e <_ZN9USBSerial5writeEh+0x16>
 23ff47a:	7c60      	ldrb	r0, [r4, #17]
 23ff47c:	b120      	cbz	r0, 23ff488 <_ZN9USBSerial5writeEh+0x20>
    return std::max(0, (int)HAL_USB_USART_Send_Data(_serial, byte));
 23ff47e:	7c20      	ldrb	r0, [r4, #16]
 23ff480:	f7ff fbce 	bl	23fec20 <HAL_USB_USART_Send_Data>
 23ff484:	ea20 70e0 	bic.w	r0, r0, r0, asr #31
}
 23ff488:	b002      	add	sp, #8
 23ff48a:	bd10      	pop	{r4, pc}

023ff48c <_ZN9USBSerial5flushEv>:
  HAL_USB_USART_Flush_Data(_serial);
 23ff48c:	7c00      	ldrb	r0, [r0, #16]
 23ff48e:	f7ff bbd5 	b.w	23fec3c <HAL_USB_USART_Flush_Data>

023ff492 <_ZN9USBSerialD0Ev>:
 23ff492:	b510      	push	{r4, lr}
 23ff494:	4604      	mov	r4, r0
 23ff496:	2114      	movs	r1, #20
 23ff498:	f7fe fe91 	bl	23fe1be <_ZdlPvj>
 23ff49c:	4620      	mov	r0, r4
 23ff49e:	bd10      	pop	{r4, pc}

023ff4a0 <_ZN9USBSerialC1E20HAL_USB_USART_SerialRK20HAL_USB_USART_Config>:
USBSerial::USBSerial(HAL_USB_USART_Serial serial, const HAL_USB_USART_Config& conf)
 23ff4a0:	b510      	push	{r4, lr}
    virtual int available() = 0;
    virtual int read() = 0;
    virtual int peek() = 0;
    virtual void flush() = 0;

    Stream() {_timeout=1000;}
 23ff4a2:	f44f 737a 	mov.w	r3, #1000	; 0x3e8
 23ff4a6:	4604      	mov	r4, r0
 23ff4a8:	4608      	mov	r0, r1
 23ff4aa:	2100      	movs	r1, #0
 23ff4ac:	e9c4 1301 	strd	r1, r3, [r4, #4]
 23ff4b0:	4b04      	ldr	r3, [pc, #16]	; (23ff4c4 <_ZN9USBSerialC1E20HAL_USB_USART_SerialRK20HAL_USB_USART_Config+0x24>)
  _serial = serial;
 23ff4b2:	7420      	strb	r0, [r4, #16]
USBSerial::USBSerial(HAL_USB_USART_Serial serial, const HAL_USB_USART_Config& conf)
 23ff4b4:	6023      	str	r3, [r4, #0]
  _blocking = true;
 23ff4b6:	2301      	movs	r3, #1
  HAL_USB_USART_Init(_serial, &conf);
 23ff4b8:	4611      	mov	r1, r2
  _blocking = true;
 23ff4ba:	7463      	strb	r3, [r4, #17]
  HAL_USB_USART_Init(_serial, &conf);
 23ff4bc:	f7ff fb6a 	bl	23feb94 <HAL_USB_USART_Init>
}
 23ff4c0:	4620      	mov	r0, r4
 23ff4c2:	bd10      	pop	{r4, pc}
 23ff4c4:	023ffe18 	.word	0x023ffe18

023ff4c8 <_ZN9USBSerial5beginEl>:
    HAL_USB_USART_Begin(_serial, speed, NULL);
 23ff4c8:	2200      	movs	r2, #0
 23ff4ca:	7c00      	ldrb	r0, [r0, #16]
 23ff4cc:	f7ff bb70 	b.w	23febb0 <HAL_USB_USART_Begin>

023ff4d0 <_ZN9USBSerial11isConnectedEv>:
  return HAL_USB_USART_Is_Connected(_serial);
 23ff4d0:	7c00      	ldrb	r0, [r0, #16]
 23ff4d2:	f7ff bbc1 	b.w	23fec58 <HAL_USB_USART_Is_Connected>

023ff4d6 <_Z19acquireSerialBufferv>:
{
 23ff4d6:	b510      	push	{r4, lr}
 23ff4d8:	4604      	mov	r4, r0
  HAL_USB_USART_Config conf = {};
 23ff4da:	2214      	movs	r2, #20
 23ff4dc:	2100      	movs	r1, #0
 23ff4de:	f000 fb82 	bl	23ffbe6 <memset>
}
 23ff4e2:	4620      	mov	r0, r4
 23ff4e4:	bd10      	pop	{r4, pc}
	...

023ff4e8 <_Z16_fetch_usbserialv>:
{
 23ff4e8:	b510      	push	{r4, lr}
 23ff4ea:	b088      	sub	sp, #32
  HAL_USB_USART_Config conf = acquireSerialBuffer();
 23ff4ec:	a803      	add	r0, sp, #12
 23ff4ee:	f7ff fff2 	bl	23ff4d6 <_Z19acquireSerialBufferv>
	static USBSerial _usbserial(HAL_USB_USART_SERIAL, conf);
 23ff4f2:	4c0c      	ldr	r4, [pc, #48]	; (23ff524 <_Z16_fetch_usbserialv+0x3c>)
 23ff4f4:	e8d4 1f8f 	ldab	r1, [r4]
 23ff4f8:	f011 0101 	ands.w	r1, r1, #1
 23ff4fc:	d10f      	bne.n	23ff51e <_Z16_fetch_usbserialv+0x36>
 23ff4fe:	4620      	mov	r0, r4
 23ff500:	9101      	str	r1, [sp, #4]
 23ff502:	f7fe fe5e 	bl	23fe1c2 <__cxa_guard_acquire>
 23ff506:	9901      	ldr	r1, [sp, #4]
 23ff508:	b148      	cbz	r0, 23ff51e <_Z16_fetch_usbserialv+0x36>
 23ff50a:	aa03      	add	r2, sp, #12
 23ff50c:	4806      	ldr	r0, [pc, #24]	; (23ff528 <_Z16_fetch_usbserialv+0x40>)
 23ff50e:	f7ff ffc7 	bl	23ff4a0 <_ZN9USBSerialC1E20HAL_USB_USART_SerialRK20HAL_USB_USART_Config>
 23ff512:	4620      	mov	r0, r4
 23ff514:	f7fe fe5a 	bl	23fe1cc <__cxa_guard_release>
 23ff518:	4804      	ldr	r0, [pc, #16]	; (23ff52c <_Z16_fetch_usbserialv+0x44>)
 23ff51a:	f000 fb51 	bl	23ffbc0 <atexit>
	return _usbserial;
}
 23ff51e:	4802      	ldr	r0, [pc, #8]	; (23ff528 <_Z16_fetch_usbserialv+0x40>)
 23ff520:	b008      	add	sp, #32
 23ff522:	bd10      	pop	{r4, pc}
 23ff524:	1007aebc 	.word	0x1007aebc
 23ff528:	1007aec0 	.word	0x1007aec0
 23ff52c:	023ff429 	.word	0x023ff429

023ff530 <_ZN11USARTSerialD1Ev>:
private:
  hal_usart_interface_t _serial;
  bool _blocking;
public:
  USARTSerial(hal_usart_interface_t serial, const hal_usart_buffer_config_t& config);
  virtual ~USARTSerial() {};
 23ff530:	4770      	bx	lr

023ff532 <_ZN11USARTSerial14blockOnOverrunEb>:
    hal_usart_half_duplex(_serial, Enable);
}

void USARTSerial::blockOnOverrun(bool block)
{
  _blocking = block;
 23ff532:	7441      	strb	r1, [r0, #17]
}
 23ff534:	4770      	bx	lr

023ff536 <_ZN11USARTSerial17availableForWriteEv>:


int USARTSerial::availableForWrite(void)
{
 23ff536:	b508      	push	{r3, lr}
  return std::max(0, (int)hal_usart_available_data_for_write(_serial));
 23ff538:	7c00      	ldrb	r0, [r0, #16]
 23ff53a:	f7ff fa2f 	bl	23fe99c <hal_usart_available_data_for_write>
}
 23ff53e:	ea20 70e0 	bic.w	r0, r0, r0, asr #31
 23ff542:	bd08      	pop	{r3, pc}

023ff544 <_ZN11USARTSerial9availableEv>:

int USARTSerial::available(void)
{
 23ff544:	b508      	push	{r3, lr}
  return std::max(0, (int)hal_usart_available(_serial));
 23ff546:	7c00      	ldrb	r0, [r0, #16]
 23ff548:	f7ff f9e2 	bl	23fe910 <hal_usart_available>
}
 23ff54c:	ea20 70e0 	bic.w	r0, r0, r0, asr #31
 23ff550:	bd08      	pop	{r3, pc}

023ff552 <_ZN11USARTSerial4peekEv>:

int USARTSerial::peek(void)
{
 23ff552:	b508      	push	{r3, lr}
  return std::max(-1, (int)hal_usart_peek(_serial));
 23ff554:	7c00      	ldrb	r0, [r0, #16]
 23ff556:	f7ff f9f7 	bl	23fe948 <hal_usart_peek>
}
 23ff55a:	ea40 70e0 	orr.w	r0, r0, r0, asr #31
 23ff55e:	bd08      	pop	{r3, pc}

023ff560 <_ZN11USARTSerial4readEv>:

int USARTSerial::read(void)
{
 23ff560:	b508      	push	{r3, lr}
  return std::max(-1, (int)hal_usart_read(_serial));
 23ff562:	7c00      	ldrb	r0, [r0, #16]
 23ff564:	f7ff f9e2 	bl	23fe92c <hal_usart_read>
}
 23ff568:	ea40 70e0 	orr.w	r0, r0, r0, asr #31
 23ff56c:	bd08      	pop	{r3, pc}

023ff56e <_ZN11USARTSerial5flushEv>:

void USARTSerial::flush()
{
  hal_usart_flush(_serial);
 23ff56e:	7c00      	ldrb	r0, [r0, #16]
 23ff570:	f7ff b9f8 	b.w	23fe964 <hal_usart_flush>

023ff574 <_ZN11USARTSerial5writeEh>:
}

size_t USARTSerial::write(uint8_t c)
{
 23ff574:	b537      	push	{r0, r1, r2, r4, r5, lr}
  // attempt a write if blocking, or for non-blocking if there is room.
  if (_blocking || hal_usart_available_data_for_write(_serial) > 0) {
 23ff576:	7c45      	ldrb	r5, [r0, #17]
{
 23ff578:	4604      	mov	r4, r0
  if (_blocking || hal_usart_available_data_for_write(_serial) > 0) {
 23ff57a:	b12d      	cbz	r5, 23ff588 <_ZN11USARTSerial5writeEh+0x14>
    // the HAL always blocks.
	  return hal_usart_write(_serial, c);
 23ff57c:	7c20      	ldrb	r0, [r4, #16]
  }
  return 0;
}
 23ff57e:	b003      	add	sp, #12
 23ff580:	e8bd 4030 	ldmia.w	sp!, {r4, r5, lr}
	  return hal_usart_write(_serial, c);
 23ff584:	f7ff b9b6 	b.w	23fe8f4 <hal_usart_write>
  if (_blocking || hal_usart_available_data_for_write(_serial) > 0) {
 23ff588:	7c00      	ldrb	r0, [r0, #16]
 23ff58a:	9101      	str	r1, [sp, #4]
 23ff58c:	f7ff fa06 	bl	23fe99c <hal_usart_available_data_for_write>
 23ff590:	2800      	cmp	r0, #0
 23ff592:	9901      	ldr	r1, [sp, #4]
 23ff594:	dcf2      	bgt.n	23ff57c <_ZN11USARTSerial5writeEh+0x8>
}
 23ff596:	4628      	mov	r0, r5
 23ff598:	b003      	add	sp, #12
 23ff59a:	bd30      	pop	{r4, r5, pc}

023ff59c <_ZN11USARTSerialD0Ev>:
 23ff59c:	b510      	push	{r4, lr}
 23ff59e:	4604      	mov	r4, r0
 23ff5a0:	2114      	movs	r1, #20
 23ff5a2:	f7fe fe0c 	bl	23fe1be <_ZdlPvj>
 23ff5a6:	4620      	mov	r0, r4
 23ff5a8:	bd10      	pop	{r4, pc}
	...

023ff5ac <_ZN11USARTSerialC1E21hal_usart_interface_tRK25hal_usart_buffer_config_t>:
USARTSerial::USARTSerial(hal_usart_interface_t serial, const hal_usart_buffer_config_t& config)
 23ff5ac:	b510      	push	{r4, lr}
 23ff5ae:	f44f 737a 	mov.w	r3, #1000	; 0x3e8
 23ff5b2:	4604      	mov	r4, r0
 23ff5b4:	4608      	mov	r0, r1
 23ff5b6:	4611      	mov	r1, r2
 23ff5b8:	2200      	movs	r2, #0
 23ff5ba:	e9c4 2301 	strd	r2, r3, [r4, #4]
 23ff5be:	4b04      	ldr	r3, [pc, #16]	; (23ff5d0 <_ZN11USARTSerialC1E21hal_usart_interface_tRK25hal_usart_buffer_config_t+0x24>)
  _serial = serial;
 23ff5c0:	7420      	strb	r0, [r4, #16]
USARTSerial::USARTSerial(hal_usart_interface_t serial, const hal_usart_buffer_config_t& config)
 23ff5c2:	6023      	str	r3, [r4, #0]
  _blocking = true;
 23ff5c4:	2301      	movs	r3, #1
 23ff5c6:	7463      	strb	r3, [r4, #17]
  hal_usart_init_ex(serial, &config, nullptr);
 23ff5c8:	f7ff f9f6 	bl	23fe9b8 <hal_usart_init_ex>
}
 23ff5cc:	4620      	mov	r0, r4
 23ff5ce:	bd10      	pop	{r4, pc}
 23ff5d0:	023ffe4c 	.word	0x023ffe4c

023ff5d4 <_ZN11USARTSerial9isEnabledEv>:
USARTSerial::operator bool() {
  return true;
}

bool USARTSerial::isEnabled() {
  return hal_usart_is_enabled(_serial);
 23ff5d4:	7c00      	ldrb	r0, [r0, #16]
 23ff5d6:	f7ff b9d3 	b.w	23fe980 <hal_usart_is_enabled>

023ff5da <_ZN7TwoWireD1Ev>:
private:
  hal_i2c_interface_t _i2c;

public:
  TwoWire(hal_i2c_interface_t i2c, const hal_i2c_config_t& config);
  virtual ~TwoWire() {};
 23ff5da:	4770      	bx	lr

023ff5dc <_ZN7TwoWire5writeEPKhj>:

// must be called in:
// slave tx event callback
// or after beginTransmission(address)
size_t TwoWire::write(const uint8_t *data, size_t quantity)
{
 23ff5dc:	b5f8      	push	{r3, r4, r5, r6, r7, lr}
 23ff5de:	4606      	mov	r6, r0
 23ff5e0:	4615      	mov	r5, r2
 23ff5e2:	460c      	mov	r4, r1
 23ff5e4:	188f      	adds	r7, r1, r2
  // in master/slave transmitter mode
  for(size_t i = 0; i < quantity; ++i)
 23ff5e6:	42bc      	cmp	r4, r7
 23ff5e8:	d006      	beq.n	23ff5f8 <_ZN7TwoWire5writeEPKhj+0x1c>
  {
    write(data[i]);
 23ff5ea:	6833      	ldr	r3, [r6, #0]
 23ff5ec:	4630      	mov	r0, r6
 23ff5ee:	689b      	ldr	r3, [r3, #8]
 23ff5f0:	f814 1b01 	ldrb.w	r1, [r4], #1
 23ff5f4:	4798      	blx	r3
  for(size_t i = 0; i < quantity; ++i)
 23ff5f6:	e7f6      	b.n	23ff5e6 <_ZN7TwoWire5writeEPKhj+0xa>
  }

  return quantity;
}
 23ff5f8:	4628      	mov	r0, r5
 23ff5fa:	bdf8      	pop	{r3, r4, r5, r6, r7, pc}

023ff5fc <_ZN7TwoWire5writeEh>:
  return hal_i2c_write(_i2c, data, NULL);
 23ff5fc:	2200      	movs	r2, #0
 23ff5fe:	7c00      	ldrb	r0, [r0, #16]
 23ff600:	f7ff b9e8 	b.w	23fe9d4 <hal_i2c_write>

023ff604 <_ZN7TwoWire9availableEv>:
// must be called in:
// slave rx event callback
// or after requestFrom(address, numBytes)
int TwoWire::available(void)
{
  return hal_i2c_available(_i2c, NULL);
 23ff604:	2100      	movs	r1, #0
 23ff606:	7c00      	ldrb	r0, [r0, #16]
 23ff608:	f7ff b9f2 	b.w	23fe9f0 <hal_i2c_available>

023ff60c <_ZN7TwoWire4readEv>:
// must be called in:
// slave rx event callback
// or after requestFrom(address, numBytes)
int TwoWire::read(void)
{
  return hal_i2c_read(_i2c, NULL);
 23ff60c:	2100      	movs	r1, #0
 23ff60e:	7c00      	ldrb	r0, [r0, #16]
 23ff610:	f7ff b9fc 	b.w	23fea0c <hal_i2c_read>

023ff614 <_ZN7TwoWire4peekEv>:
// must be called in:
// slave rx event callback
// or after requestFrom(address, numBytes)
int TwoWire::peek(void)
{
  return hal_i2c_peek(_i2c, NULL);
 23ff614:	2100      	movs	r1, #0
 23ff616:	7c00      	ldrb	r0, [r0, #16]
 23ff618:	f7ff ba06 	b.w	23fea28 <hal_i2c_peek>

023ff61c <_ZN7TwoWire5flushEv>:
}

void TwoWire::flush(void)
{
  hal_i2c_flush(_i2c, NULL);
 23ff61c:	2100      	movs	r1, #0
 23ff61e:	7c00      	ldrb	r0, [r0, #16]
 23ff620:	f7ff ba10 	b.w	23fea44 <hal_i2c_flush>

023ff624 <_ZN7TwoWireD0Ev>:
 23ff624:	b510      	push	{r4, lr}
 23ff626:	4604      	mov	r4, r0
 23ff628:	2114      	movs	r1, #20
 23ff62a:	f7fe fdc8 	bl	23fe1be <_ZdlPvj>
 23ff62e:	4620      	mov	r0, r4
 23ff630:	bd10      	pop	{r4, pc}
	...

023ff634 <_ZN7TwoWireC1E19hal_i2c_interface_tRK16hal_i2c_config_t>:
TwoWire::TwoWire(hal_i2c_interface_t i2c, const hal_i2c_config_t& conf)
 23ff634:	b538      	push	{r3, r4, r5, lr}
 23ff636:	4604      	mov	r4, r0
 23ff638:	4615      	mov	r5, r2
 23ff63a:	f44f 737a 	mov.w	r3, #1000	; 0x3e8
 23ff63e:	2200      	movs	r2, #0
 23ff640:	e9c4 2301 	strd	r2, r3, [r4, #4]
 23ff644:	4b09      	ldr	r3, [pc, #36]	; (23ff66c <_ZN7TwoWireC1E19hal_i2c_interface_tRK16hal_i2c_config_t+0x38>)
 23ff646:	4608      	mov	r0, r1
  _i2c = i2c;
 23ff648:	7421      	strb	r1, [r4, #16]
TwoWire::TwoWire(hal_i2c_interface_t i2c, const hal_i2c_config_t& conf)
 23ff64a:	6023      	str	r3, [r4, #0]
  int result = hal_i2c_init(_i2c, &conf);
 23ff64c:	4629      	mov	r1, r5
 23ff64e:	f7ff fa15 	bl	23fea7c <hal_i2c_init>
  if (result == SYSTEM_ERROR_NOT_ENOUGH_DATA && 
 23ff652:	30bf      	adds	r0, #191	; 0xbf
 23ff654:	d108      	bne.n	23ff668 <_ZN7TwoWireC1E19hal_i2c_interface_tRK16hal_i2c_config_t+0x34>
      (conf.flags & HAL_I2C_CONFIG_FLAG_FREEABLE)) {
 23ff656:	696b      	ldr	r3, [r5, #20]
  if (result == SYSTEM_ERROR_NOT_ENOUGH_DATA && 
 23ff658:	07db      	lsls	r3, r3, #31
 23ff65a:	d505      	bpl.n	23ff668 <_ZN7TwoWireC1E19hal_i2c_interface_tRK16hal_i2c_config_t+0x34>
    free(conf.rx_buffer);
 23ff65c:	6868      	ldr	r0, [r5, #4]
 23ff65e:	f7ff fc3d 	bl	23feedc <free>
    free(conf.tx_buffer);
 23ff662:	68e8      	ldr	r0, [r5, #12]
 23ff664:	f7ff fc3a 	bl	23feedc <free>
}
 23ff668:	4620      	mov	r0, r4
 23ff66a:	bd38      	pop	{r3, r4, r5, pc}
 23ff66c:	023ffe80 	.word	0x023ffe80

023ff670 <_GLOBAL__sub_I__ZN7TwoWireC2E19hal_i2c_interface_tRK16hal_i2c_config_t>:
        buffer_(nullptr) {
 23ff670:	21ff      	movs	r1, #255	; 0xff
 23ff672:	2200      	movs	r2, #0
      : address_{address},
 23ff674:	4b04      	ldr	r3, [pc, #16]	; (23ff688 <_GLOBAL__sub_I__ZN7TwoWireC2E19hal_i2c_interface_tRK16hal_i2c_config_t+0x18>)
        buffer_(nullptr) {
 23ff676:	2001      	movs	r0, #1
 23ff678:	e9c3 1200 	strd	r1, r2, [r3]
 23ff67c:	2164      	movs	r1, #100	; 0x64
 23ff67e:	611a      	str	r2, [r3, #16]
 23ff680:	e9c3 0102 	strd	r0, r1, [r3, #8]

namespace particle {
namespace detail {
const WireTransmission WIRE_INVALID_TRANSMISSION(0xff);
} // detail
} // particle
 23ff684:	4770      	bx	lr
 23ff686:	bf00      	nop
 23ff688:	1007aed4 	.word	0x1007aed4

023ff68c <_ZN5spark9WiFiClass5readyEv>:
    bool connecting(void) {
        return network_connecting(*this, 0, NULL);
    }

    bool ready(void) {
        return network_ready(*this, 0, NULL);
 23ff68c:	2200      	movs	r2, #0
 23ff68e:	6840      	ldr	r0, [r0, #4]
 23ff690:	4611      	mov	r1, r2
 23ff692:	f7ff bb5f 	b.w	23fed54 <network_ready>

023ff696 <_ZN5spark9WiFiClass9listeningEv>:
    uint16_t getListenTimeout(void) {
        return network_get_listen_timeout(*this, 0, NULL);
    }

    bool listening(void) {
        return network_listening(*this, 0, NULL);
 23ff696:	2200      	movs	r2, #0
 23ff698:	6840      	ldr	r0, [r0, #4]
 23ff69a:	4611      	mov	r1, r2
 23ff69c:	f7ff bb92 	b.w	23fedc4 <network_listening>

023ff6a0 <_ZN5spark9WiFiClass16getListenTimeoutEv>:
        return network_get_listen_timeout(*this, 0, NULL);
 23ff6a0:	2200      	movs	r2, #0
 23ff6a2:	6840      	ldr	r0, [r0, #4]
 23ff6a4:	4611      	mov	r1, r2
 23ff6a6:	f7ff bba9 	b.w	23fedfc <network_get_listen_timeout>

023ff6aa <_ZN5spark9WiFiClass16setListenTimeoutEt>:
        network_set_listen_timeout(*this, timeout, NULL);
 23ff6aa:	2200      	movs	r2, #0
 23ff6ac:	6840      	ldr	r0, [r0, #4]
 23ff6ae:	f7ff bb97 	b.w	23fede0 <network_set_listen_timeout>

023ff6b2 <_ZN5spark9WiFiClass6listenEb>:
        network_listen(*this, begin ? 0 : 1, NULL);
 23ff6b2:	2200      	movs	r2, #0
 23ff6b4:	6840      	ldr	r0, [r0, #4]
 23ff6b6:	f081 0101 	eor.w	r1, r1, #1
 23ff6ba:	f7ff bb75 	b.w	23feda8 <network_listen>

023ff6be <_ZN5spark9WiFiClass3offEv>:
        network_off(*this, 0, 0, NULL);
 23ff6be:	2300      	movs	r3, #0
 23ff6c0:	6840      	ldr	r0, [r0, #4]
 23ff6c2:	461a      	mov	r2, r3
 23ff6c4:	4619      	mov	r1, r3
 23ff6c6:	f7ff bb61 	b.w	23fed8c <network_off>

023ff6ca <_ZN5spark9WiFiClass2onEv>:
        network_on(*this, 0, 0, NULL);
 23ff6ca:	2300      	movs	r3, #0
 23ff6cc:	6840      	ldr	r0, [r0, #4]
 23ff6ce:	461a      	mov	r2, r3
 23ff6d0:	4619      	mov	r1, r3
 23ff6d2:	f7ff bb4d 	b.w	23fed70 <network_on>

023ff6d6 <_ZN5spark9WiFiClass10connectingEv>:
        return network_connecting(*this, 0, NULL);
 23ff6d6:	2200      	movs	r2, #0
 23ff6d8:	6840      	ldr	r0, [r0, #4]
 23ff6da:	4611      	mov	r1, r2
 23ff6dc:	f7ff bb1e 	b.w	23fed1c <network_connecting>

023ff6e0 <_ZN5spark9WiFiClass10disconnectEv>:
        network_disconnect(*this, NETWORK_DISCONNECT_REASON_USER, NULL);
 23ff6e0:	2200      	movs	r2, #0
 23ff6e2:	2102      	movs	r1, #2
 23ff6e4:	6840      	ldr	r0, [r0, #4]
 23ff6e6:	f7ff bb27 	b.w	23fed38 <network_disconnect>

023ff6ea <_ZN5spark9WiFiClass7connectEj>:
        network_connect(*this, flags, 0, NULL);
 23ff6ea:	2300      	movs	r3, #0
 23ff6ec:	6840      	ldr	r0, [r0, #4]
 23ff6ee:	461a      	mov	r2, r3
 23ff6f0:	f7ff bb06 	b.w	23fed00 <network_connect>

023ff6f4 <_GLOBAL__sub_I__ZN10WiFiSignalC2ERK21wlan_connected_info_t>:
 23ff6f4:	2204      	movs	r2, #4
 23ff6f6:	4b02      	ldr	r3, [pc, #8]	; (23ff700 <_GLOBAL__sub_I__ZN10WiFiSignalC2ERK21wlan_connected_info_t+0xc>)
 23ff6f8:	605a      	str	r2, [r3, #4]
            NetworkClass(NETWORK_INTERFACE_WIFI_STA) {
 23ff6fa:	4a02      	ldr	r2, [pc, #8]	; (23ff704 <_GLOBAL__sub_I__ZN10WiFiSignalC2ERK21wlan_connected_info_t+0x10>)
 23ff6fc:	601a      	str	r2, [r3, #0]
the same way.
*****************************************************************************/

    WiFiClass WiFi;
    // NetworkClass& Network = WiFi;
}
 23ff6fe:	4770      	bx	lr
 23ff700:	1007aee8 	.word	0x1007aee8
 23ff704:	023ffeac 	.word	0x023ffeac

023ff708 <_ZN5spark12NetworkClass7connectEj>:
        return Network;
    }
}

void NetworkClass::connect(unsigned flags) {
    network_connect(*this, flags, 0, nullptr);
 23ff708:	2300      	movs	r3, #0
 23ff70a:	6840      	ldr	r0, [r0, #4]
 23ff70c:	461a      	mov	r2, r3
 23ff70e:	f7ff baf7 	b.w	23fed00 <network_connect>

023ff712 <_ZN5spark12NetworkClass10disconnectEv>:
}

void NetworkClass::disconnect() {
    network_disconnect(*this, NETWORK_DISCONNECT_REASON_USER, nullptr);
 23ff712:	2200      	movs	r2, #0
 23ff714:	2102      	movs	r1, #2
 23ff716:	6840      	ldr	r0, [r0, #4]
 23ff718:	f7ff bb0e 	b.w	23fed38 <network_disconnect>

023ff71c <_ZN5spark12NetworkClass10connectingEv>:
}

bool NetworkClass::connecting() {
    return network_connecting(*this, 0, nullptr);
 23ff71c:	2200      	movs	r2, #0
 23ff71e:	6840      	ldr	r0, [r0, #4]
 23ff720:	4611      	mov	r1, r2
 23ff722:	f7ff bafb 	b.w	23fed1c <network_connecting>

023ff726 <_ZN5spark12NetworkClass5readyEv>:
}

bool NetworkClass::ready() {
    return network_ready(*this, 0, nullptr);
 23ff726:	2200      	movs	r2, #0
 23ff728:	6840      	ldr	r0, [r0, #4]
 23ff72a:	4611      	mov	r1, r2
 23ff72c:	f7ff bb12 	b.w	23fed54 <network_ready>

023ff730 <_ZN5spark12NetworkClass2onEv>:
}

void NetworkClass::on() {
    network_on(*this, 0, 0, nullptr);
 23ff730:	2300      	movs	r3, #0
 23ff732:	6840      	ldr	r0, [r0, #4]
 23ff734:	461a      	mov	r2, r3
 23ff736:	4619      	mov	r1, r3
 23ff738:	f7ff bb1a 	b.w	23fed70 <network_on>

023ff73c <_ZN5spark12NetworkClass3offEv>:
}

void NetworkClass::off() {
    network_off(*this, 0, 0, nullptr);
 23ff73c:	2300      	movs	r3, #0
 23ff73e:	6840      	ldr	r0, [r0, #4]
 23ff740:	461a      	mov	r2, r3
 23ff742:	4619      	mov	r1, r3
 23ff744:	f7ff bb22 	b.w	23fed8c <network_off>

023ff748 <_ZN5spark12NetworkClass4isOnEv>:
}

bool NetworkClass::isOn() {
    return network_is_on(*this, nullptr);
 23ff748:	2100      	movs	r1, #0
 23ff74a:	6840      	ldr	r0, [r0, #4]
 23ff74c:	f7ff bb64 	b.w	23fee18 <network_is_on>

023ff750 <_ZN5spark12NetworkClass5isOffEv>:
}

bool NetworkClass::isOff() {
    return network_is_off(*this, nullptr);
 23ff750:	2100      	movs	r1, #0
 23ff752:	6840      	ldr	r0, [r0, #4]
 23ff754:	f7ff bb6e 	b.w	23fee34 <network_is_off>

023ff758 <_ZN5spark12NetworkClass6listenEb>:
}

void NetworkClass::listen(bool begin) {
    network_listen(*this, begin ? 0 : 1, nullptr);
 23ff758:	2200      	movs	r2, #0
 23ff75a:	6840      	ldr	r0, [r0, #4]
 23ff75c:	f081 0101 	eor.w	r1, r1, #1
 23ff760:	f7ff bb22 	b.w	23feda8 <network_listen>

023ff764 <_ZN5spark12NetworkClass16setListenTimeoutEt>:
}

void NetworkClass::setListenTimeout(uint16_t timeout) {
    network_set_listen_timeout(*this, timeout, nullptr);
 23ff764:	2200      	movs	r2, #0
 23ff766:	6840      	ldr	r0, [r0, #4]
 23ff768:	f7ff bb3a 	b.w	23fede0 <network_set_listen_timeout>

023ff76c <_ZN5spark12NetworkClass16getListenTimeoutEv>:
}

uint16_t NetworkClass::getListenTimeout() {
    return network_get_listen_timeout(*this, 0, nullptr);
 23ff76c:	2200      	movs	r2, #0
 23ff76e:	6840      	ldr	r0, [r0, #4]
 23ff770:	4611      	mov	r1, r2
 23ff772:	f7ff bb43 	b.w	23fedfc <network_get_listen_timeout>

023ff776 <_ZN5spark12NetworkClass9listeningEv>:
}

bool NetworkClass::listening() {
    return network_listening(*this, 0, nullptr);
 23ff776:	2200      	movs	r2, #0
 23ff778:	6840      	ldr	r0, [r0, #4]
 23ff77a:	4611      	mov	r1, r2
 23ff77c:	f7ff bb22 	b.w	23fedc4 <network_listening>

023ff780 <_ZN5spark12NetworkClass11isPreferredEv>:
    network_handle_t network = network_prefer(*this, prefer, nullptr);
    return Network.from(network);
}

bool NetworkClass::isPreferred() {
    return network_is_preferred(*this, nullptr);
 23ff780:	2100      	movs	r1, #0
 23ff782:	6840      	ldr	r0, [r0, #4]
 23ff784:	f7ff bb72 	b.w	23fee6c <network_is_preferred>

023ff788 <_ZN5spark12NetworkClass7resolveEPKc>:
}

IPAddress NetworkClass::resolve(const char* name) {
 23ff788:	e92d 43f0 	stmdb	sp!, {r4, r5, r6, r7, r8, r9, lr}
 23ff78c:	b095      	sub	sp, #84	; 0x54
 23ff78e:	4614      	mov	r4, r2
 23ff790:	460d      	mov	r5, r1
 23ff792:	4607      	mov	r7, r0
    IPAddress addr;
 23ff794:	f7ff fe08 	bl	23ff3a8 <_ZN9IPAddressC1Ev>
#if HAL_USE_INET_HAL_POSIX
    struct addrinfo *ai = nullptr;
 23ff798:	2100      	movs	r1, #0
    struct addrinfo hints = {};
 23ff79a:	221c      	movs	r2, #28
 23ff79c:	a80d      	add	r0, sp, #52	; 0x34
    struct addrinfo *ai = nullptr;
 23ff79e:	9100      	str	r1, [sp, #0]
    struct addrinfo hints = {};
 23ff7a0:	f000 fa21 	bl	23ffbe6 <memset>
    hints.ai_flags = AI_ADDRCONFIG;
 23ff7a4:	2340      	movs	r3, #64	; 0x40
    hints.ai_family = AF_UNSPEC;
    const int r = getaddrinfo(name, nullptr, &hints, &ai);
 23ff7a6:	4620      	mov	r0, r4
    hints.ai_flags = AI_ADDRCONFIG;
 23ff7a8:	930c      	str	r3, [sp, #48]	; 0x30
    const int r = getaddrinfo(name, nullptr, &hints, &ai);
 23ff7aa:	2100      	movs	r1, #0
 23ff7ac:	466b      	mov	r3, sp
 23ff7ae:	aa0c      	add	r2, sp, #48	; 0x30
 23ff7b0:	f7fe ffea 	bl	23fe788 <netdb_getaddrinfo>
    if (!r) {
 23ff7b4:	4604      	mov	r4, r0
 23ff7b6:	2800      	cmp	r0, #0
 23ff7b8:	d14b      	bne.n	23ff852 <_ZN5spark12NetworkClass7resolveEPKc+0xca>
        bool ok = false;
        // This is not really needed if AI_ADDRCONFIG is properly supported
        bool ipv4 = network_ready(*this, NETWORK_READY_TYPE_IPV4, nullptr);
 23ff7ba:	4602      	mov	r2, r0
 23ff7bc:	2101      	movs	r1, #1
 23ff7be:	6868      	ldr	r0, [r5, #4]
 23ff7c0:	f7ff fac8 	bl	23fed54 <network_ready>
        bool ipv6 = network_ready(*this, NETWORK_READY_TYPE_IPV6, nullptr);
 23ff7c4:	2102      	movs	r1, #2
        bool ipv4 = network_ready(*this, NETWORK_READY_TYPE_IPV4, nullptr);
 23ff7c6:	4680      	mov	r8, r0
        bool ipv6 = network_ready(*this, NETWORK_READY_TYPE_IPV6, nullptr);
 23ff7c8:	4622      	mov	r2, r4
 23ff7ca:	6868      	ldr	r0, [r5, #4]
 23ff7cc:	f7ff fac2 	bl	23fed54 <network_ready>
        bool ok = false;
 23ff7d0:	4621      	mov	r1, r4
        bool ipv6 = network_ready(*this, NETWORK_READY_TYPE_IPV6, nullptr);
 23ff7d2:	4681      	mov	r9, r0
        for (auto cur = ai; cur != nullptr && !ok; cur = cur->ai_next) {
 23ff7d4:	9e00      	ldr	r6, [sp, #0]
 23ff7d6:	2e00      	cmp	r6, #0
 23ff7d8:	d03b      	beq.n	23ff852 <_ZN5spark12NetworkClass7resolveEPKc+0xca>
 23ff7da:	2900      	cmp	r1, #0
 23ff7dc:	d139      	bne.n	23ff852 <_ZN5spark12NetworkClass7resolveEPKc+0xca>
            // NOTE: using only the first entry that matches the current state of IPv4/IPv6 connectivity
            switch (cur->ai_family) {
 23ff7de:	6873      	ldr	r3, [r6, #4]
 23ff7e0:	2b02      	cmp	r3, #2
 23ff7e2:	d003      	beq.n	23ff7ec <_ZN5spark12NetworkClass7resolveEPKc+0x64>
 23ff7e4:	2b0a      	cmp	r3, #10
 23ff7e6:	d011      	beq.n	23ff80c <_ZN5spark12NetworkClass7resolveEPKc+0x84>
        for (auto cur = ai; cur != nullptr && !ok; cur = cur->ai_next) {
 23ff7e8:	69f6      	ldr	r6, [r6, #28]
 23ff7ea:	e7f4      	b.n	23ff7d6 <_ZN5spark12NetworkClass7resolveEPKc+0x4e>
                case AF_INET: {
                    if (!ipv4) {
 23ff7ec:	f1b8 0f00 	cmp.w	r8, #0
 23ff7f0:	d0fa      	beq.n	23ff7e8 <_ZN5spark12NetworkClass7resolveEPKc+0x60>
                        continue;
                    }
                    // NOTE: HAL_IPAddress is little-endian
                    auto in = (struct sockaddr_in*)cur->ai_addr;
                    addr = (const uint8_t*)(&in->sin_addr.s_addr);
 23ff7f2:	6971      	ldr	r1, [r6, #20]
        return *this = IPAddress(address);
 23ff7f4:	a806      	add	r0, sp, #24
 23ff7f6:	3104      	adds	r1, #4
class IPAddress : public Printable {
 23ff7f8:	1d3c      	adds	r4, r7, #4
 23ff7fa:	ad07      	add	r5, sp, #28
        return *this = IPAddress(address);
 23ff7fc:	f7ff fe02 	bl	23ff404 <_ZN9IPAddressC1EPKh>
class IPAddress : public Printable {
 23ff800:	cd0f      	ldmia	r5!, {r0, r1, r2, r3}
 23ff802:	c40f      	stmia	r4!, {r0, r1, r2, r3}
 23ff804:	682b      	ldr	r3, [r5, #0]
                    ok = true;
 23ff806:	4641      	mov	r1, r8
 23ff808:	7023      	strb	r3, [r4, #0]
        return *this = IPAddress(address);
 23ff80a:	e7ed      	b.n	23ff7e8 <_ZN5spark12NetworkClass7resolveEPKc+0x60>
                    break;
                }
                case AF_INET6: {
                    if (!ipv6) {
 23ff80c:	f1b9 0f00 	cmp.w	r9, #0
 23ff810:	d0ea      	beq.n	23ff7e8 <_ZN5spark12NetworkClass7resolveEPKc+0x60>
                        continue;
                    }
                    auto in6 = (struct sockaddr_in6*)cur->ai_addr;
                    HAL_IPAddress a = {};
 23ff812:	2210      	movs	r2, #16
 23ff814:	a801      	add	r0, sp, #4
                    auto in6 = (struct sockaddr_in6*)cur->ai_addr;
 23ff816:	6974      	ldr	r4, [r6, #20]
                    HAL_IPAddress a = {};
 23ff818:	f000 f9e5 	bl	23ffbe6 <memset>
                    a.v = 6;
 23ff81c:	2306      	movs	r3, #6
                    memcpy(a.ipv6, in6->sin6_addr.s6_addr, sizeof(a.ipv6));
 23ff81e:	ad01      	add	r5, sp, #4
                    a.v = 6;
 23ff820:	f88d 3014 	strb.w	r3, [sp, #20]
                    memcpy(a.ipv6, in6->sin6_addr.s6_addr, sizeof(a.ipv6));
 23ff824:	f104 0308 	add.w	r3, r4, #8
 23ff828:	3418      	adds	r4, #24
 23ff82a:	462a      	mov	r2, r5
 23ff82c:	6818      	ldr	r0, [r3, #0]
 23ff82e:	6859      	ldr	r1, [r3, #4]
 23ff830:	3308      	adds	r3, #8
 23ff832:	c203      	stmia	r2!, {r0, r1}
 23ff834:	42a3      	cmp	r3, r4
 23ff836:	4615      	mov	r5, r2
 23ff838:	d1f7      	bne.n	23ff82a <_ZN5spark12NetworkClass7resolveEPKc+0xa2>
                    addr = IPAddress(a);
 23ff83a:	a901      	add	r1, sp, #4
 23ff83c:	a806      	add	r0, sp, #24
class IPAddress : public Printable {
 23ff83e:	1d3c      	adds	r4, r7, #4
 23ff840:	ad07      	add	r5, sp, #28
 23ff842:	f7ff fdbf 	bl	23ff3c4 <_ZN9IPAddressC1ERK16_HAL_IPAddress_t>
 23ff846:	cd0f      	ldmia	r5!, {r0, r1, r2, r3}
 23ff848:	c40f      	stmia	r4!, {r0, r1, r2, r3}
 23ff84a:	682b      	ldr	r3, [r5, #0]
                    ok = true;
 23ff84c:	4649      	mov	r1, r9
 23ff84e:	7023      	strb	r3, [r4, #0]
                    break;
 23ff850:	e7ca      	b.n	23ff7e8 <_ZN5spark12NetworkClass7resolveEPKc+0x60>
                }
            }
        }
    }
    freeaddrinfo(ai);
 23ff852:	9800      	ldr	r0, [sp, #0]
 23ff854:	f7fe ff8a 	bl	23fe76c <netdb_freeaddrinfo>
    return Cellular.resolve(name);
#endif // Wiring_Cellular

#endif // HAL_USE_INET_HAL_POSIX
    return addr;
}
 23ff858:	4638      	mov	r0, r7
 23ff85a:	b015      	add	sp, #84	; 0x54
 23ff85c:	e8bd 83f0 	ldmia.w	sp!, {r4, r5, r6, r7, r8, r9, pc}

023ff860 <_ZN5spark12NetworkClass4fromEm>:
    switch (nif) {
 23ff860:	3803      	subs	r0, #3
 23ff862:	2802      	cmp	r0, #2
 23ff864:	bf9a      	itte	ls
 23ff866:	4b02      	ldrls	r3, [pc, #8]	; (23ff870 <_ZN5spark12NetworkClass4fromEm+0x10>)
 23ff868:	f853 0020 	ldrls.w	r0, [r3, r0, lsl #2]
NetworkClass& NetworkClass::from(network_interface_t nif) {
 23ff86c:	4801      	ldrhi	r0, [pc, #4]	; (23ff874 <_ZN5spark12NetworkClass4fromEm+0x14>)
}
 23ff86e:	4770      	bx	lr
 23ff870:	023ffee8 	.word	0x023ffee8
 23ff874:	1007aef0 	.word	0x1007aef0

023ff878 <_ZN5spark12NetworkClass6preferEb>:
NetworkClass& NetworkClass::prefer(bool prefer) {
 23ff878:	b508      	push	{r3, lr}
    network_handle_t network = network_prefer(*this, prefer, nullptr);
 23ff87a:	2200      	movs	r2, #0
 23ff87c:	6840      	ldr	r0, [r0, #4]
 23ff87e:	f7ff fae7 	bl	23fee50 <network_prefer>
}
 23ff882:	e8bd 4008 	ldmia.w	sp!, {r3, lr}
    return Network.from(network);
 23ff886:	f7ff bfeb 	b.w	23ff860 <_ZN5spark12NetworkClass4fromEm>
	...

023ff88c <_GLOBAL__sub_I__ZN5spark7NetworkE>:
 23ff88c:	4b02      	ldr	r3, [pc, #8]	; (23ff898 <_GLOBAL__sub_I__ZN5spark7NetworkE+0xc>)
 23ff88e:	4a03      	ldr	r2, [pc, #12]	; (23ff89c <_GLOBAL__sub_I__ZN5spark7NetworkE+0x10>)
 23ff890:	601a      	str	r2, [r3, #0]
 23ff892:	2200      	movs	r2, #0
 23ff894:	605a      	str	r2, [r3, #4]
    network_free_configuration(c, count, nullptr);
    return res;
}
#endif // HAL_USE_SOCKET_HAL_POSIX

} // spark
 23ff896:	4770      	bx	lr
 23ff898:	1007aef0 	.word	0x1007aef0
 23ff89c:	023ffefc 	.word	0x023ffefc

023ff8a0 <getPinMode>:
 * AN_OUTPUT = 7
 * PIN_MODE_NONE = 255
 */
PinMode getPinMode(uint16_t pin)
{
  return hal_gpio_get_mode(pin);
 23ff8a0:	f7fe bf9c 	b.w	23fe7dc <hal_gpio_get_mode>

023ff8a4 <pinAvailable>:
/*
 * @brief Perform safety check on desired pin to see if it's already
 * being used.  Return 0 if used, otherwise return 1 if available.
 */
bool pinAvailable(uint16_t pin) {
  if (pin >= TOTAL_PINS) {
 23ff8a4:	281b      	cmp	r0, #27
bool pinAvailable(uint16_t pin) {
 23ff8a6:	b537      	push	{r0, r1, r2, r4, r5, lr}
 23ff8a8:	4604      	mov	r4, r0
  if (pin >= TOTAL_PINS) {
 23ff8aa:	d902      	bls.n	23ff8b2 <pinAvailable+0xe>
    return false;
 23ff8ac:	2000      	movs	r0, #0
    return false; // 'pin' is used
  }
#endif

  return true; // 'pin' is available
}
 23ff8ae:	b003      	add	sp, #12
 23ff8b0:	bd30      	pop	{r4, r5, pc}
  if((pin == SCK || pin == MOSI || pin == MISO) && hal_spi_is_enabled(SPI.interface()) == true)
 23ff8b2:	f1a0 030f 	sub.w	r3, r0, #15
 23ff8b6:	2b02      	cmp	r3, #2
 23ff8b8:	d90b      	bls.n	23ff8d2 <pinAvailable+0x2e>
  if((pin == SCL || pin == SDA) && hal_i2c_is_enabled(Wire.interface(), nullptr) == true)
 23ff8ba:	2801      	cmp	r0, #1
 23ff8bc:	d821      	bhi.n	23ff902 <pinAvailable+0x5e>
 23ff8be:	f000 f959 	bl	23ffb74 <_Z19__fetch_global_Wirev>
 23ff8c2:	2100      	movs	r1, #0
 23ff8c4:	7c00      	ldrb	r0, [r0, #16]
 23ff8c6:	f7ff f8cb 	bl	23fea60 <hal_i2c_is_enabled>
  if((pin == RX || pin == TX) && hal_usart_is_enabled(Serial1.interface()) == true)
 23ff8ca:	f080 0001 	eor.w	r0, r0, #1
 23ff8ce:	b2c0      	uxtb	r0, r0
 23ff8d0:	e7ed      	b.n	23ff8ae <pinAvailable+0xa>

template <hal_spi_interface_t Interface>
class SpiProxy {
public:
    static SPIClass& instance() {
        static SPIClass instance(Interface);
 23ff8d2:	4d11      	ldr	r5, [pc, #68]	; (23ff918 <pinAvailable+0x74>)
 23ff8d4:	e8d5 1f8f 	ldab	r1, [r5]
 23ff8d8:	f011 0101 	ands.w	r1, r1, #1
 23ff8dc:	d10b      	bne.n	23ff8f6 <pinAvailable+0x52>
 23ff8de:	4628      	mov	r0, r5
 23ff8e0:	9101      	str	r1, [sp, #4]
 23ff8e2:	f7fe fc6e 	bl	23fe1c2 <__cxa_guard_acquire>
 23ff8e6:	9901      	ldr	r1, [sp, #4]
 23ff8e8:	b128      	cbz	r0, 23ff8f6 <pinAvailable+0x52>
 23ff8ea:	480c      	ldr	r0, [pc, #48]	; (23ff91c <pinAvailable+0x78>)
 23ff8ec:	f7ff fb64 	bl	23fefb8 <_ZN8SPIClassC1E19hal_spi_interface_t>
 23ff8f0:	4628      	mov	r0, r5
 23ff8f2:	f7fe fc6b 	bl	23fe1cc <__cxa_guard_release>
  if((pin == SCK || pin == MOSI || pin == MISO) && hal_spi_is_enabled(SPI.interface()) == true)
 23ff8f6:	4b09      	ldr	r3, [pc, #36]	; (23ff91c <pinAvailable+0x78>)
 23ff8f8:	7818      	ldrb	r0, [r3, #0]
 23ff8fa:	f7ff f8e9 	bl	23fead0 <hal_spi_is_enabled>
 23ff8fe:	2800      	cmp	r0, #0
 23ff900:	d1d4      	bne.n	23ff8ac <pinAvailable+0x8>
  if((pin == RX || pin == TX) && hal_usart_is_enabled(Serial1.interface()) == true)
 23ff902:	3c08      	subs	r4, #8
 23ff904:	2c01      	cmp	r4, #1
 23ff906:	d805      	bhi.n	23ff914 <pinAvailable+0x70>
 23ff908:	f000 f888 	bl	23ffa1c <_Z22__fetch_global_Serial1v>
 23ff90c:	7c00      	ldrb	r0, [r0, #16]
 23ff90e:	f7ff f837 	bl	23fe980 <hal_usart_is_enabled>
 23ff912:	e7da      	b.n	23ff8ca <pinAvailable+0x26>
  return true; // 'pin' is available
 23ff914:	2001      	movs	r0, #1
 23ff916:	e7ca      	b.n	23ff8ae <pinAvailable+0xa>
 23ff918:	1007aef8 	.word	0x1007aef8
 23ff91c:	1007aefc 	.word	0x1007aefc

023ff920 <pinMode>:
  if(pin >= TOTAL_PINS || setMode == PIN_MODE_NONE )
 23ff920:	281b      	cmp	r0, #27
{
 23ff922:	b538      	push	{r3, r4, r5, lr}
 23ff924:	4604      	mov	r4, r0
 23ff926:	460d      	mov	r5, r1
  if(pin >= TOTAL_PINS || setMode == PIN_MODE_NONE )
 23ff928:	d80a      	bhi.n	23ff940 <pinMode+0x20>
 23ff92a:	29ff      	cmp	r1, #255	; 0xff
 23ff92c:	d008      	beq.n	23ff940 <pinMode+0x20>
  if( !pinAvailable(pin) ) {
 23ff92e:	f7ff ffb9 	bl	23ff8a4 <pinAvailable>
 23ff932:	b128      	cbz	r0, 23ff940 <pinMode+0x20>
  hal_gpio_mode(pin, setMode);
 23ff934:	4629      	mov	r1, r5
 23ff936:	4620      	mov	r0, r4
}
 23ff938:	e8bd 4038 	ldmia.w	sp!, {r3, r4, r5, lr}
  hal_gpio_mode(pin, setMode);
 23ff93c:	f7fe bf40 	b.w	23fe7c0 <hal_gpio_mode>
}
 23ff940:	bd38      	pop	{r3, r4, r5, pc}

023ff942 <digitalWrite>:

/*
 * @brief Sets a GPIO pin to HIGH or LOW.
 */
void digitalWrite(hal_pin_t pin, uint8_t value)
{
 23ff942:	b538      	push	{r3, r4, r5, lr}
 23ff944:	4604      	mov	r4, r0
 23ff946:	460d      	mov	r5, r1
    PinMode mode = hal_gpio_get_mode(pin);
 23ff948:	f7fe ff48 	bl	23fe7dc <hal_gpio_get_mode>
    if (mode==PIN_MODE_NONE || is_input_mode(mode))
 23ff94c:	28ff      	cmp	r0, #255	; 0xff
 23ff94e:	d010      	beq.n	23ff972 <digitalWrite+0x30>
            mode == INPUT_PULLDOWN ||
 23ff950:	2806      	cmp	r0, #6
 23ff952:	d804      	bhi.n	23ff95e <digitalWrite+0x1c>
 23ff954:	234d      	movs	r3, #77	; 0x4d
 23ff956:	fa23 f000 	lsr.w	r0, r3, r0
 23ff95a:	07c3      	lsls	r3, r0, #31
 23ff95c:	d409      	bmi.n	23ff972 <digitalWrite+0x30>
        return;
  // Safety check
  if( !pinAvailable(pin) ) {
 23ff95e:	4620      	mov	r0, r4
 23ff960:	f7ff ffa0 	bl	23ff8a4 <pinAvailable>
 23ff964:	b128      	cbz	r0, 23ff972 <digitalWrite+0x30>
    return;
  }

  hal_gpio_write(pin, value);
 23ff966:	4629      	mov	r1, r5
 23ff968:	4620      	mov	r0, r4
}
 23ff96a:	e8bd 4038 	ldmia.w	sp!, {r3, r4, r5, lr}
  hal_gpio_write(pin, value);
 23ff96e:	f7fe bf43 	b.w	23fe7f8 <hal_gpio_write>
}
 23ff972:	bd38      	pop	{r3, r4, r5, pc}

023ff974 <digitalRead>:

/*
 * @brief Reads the value of a GPIO pin. Should return either 1 (HIGH) or 0 (LOW).
 */
int32_t digitalRead(hal_pin_t pin)
{
 23ff974:	b510      	push	{r4, lr}
 23ff976:	4604      	mov	r4, r0
    PinMode mode = hal_gpio_get_mode(pin);
 23ff978:	f7fe ff30 	bl	23fe7dc <hal_gpio_get_mode>
    return mode == AF_OUTPUT_PUSHPULL ||
 23ff97c:	1f03      	subs	r3, r0, #4
    if (is_af_output_mode(mode))
 23ff97e:	b2db      	uxtb	r3, r3
 23ff980:	2b01      	cmp	r3, #1
 23ff982:	d908      	bls.n	23ff996 <digitalRead+0x22>
        return LOW;

    // Safety check
    if( !pinAvailable(pin) ) {
 23ff984:	4620      	mov	r0, r4
 23ff986:	f7ff ff8d 	bl	23ff8a4 <pinAvailable>
 23ff98a:	b120      	cbz	r0, 23ff996 <digitalRead+0x22>
      return LOW;
    }

    return hal_gpio_read(pin);
 23ff98c:	4620      	mov	r0, r4
}
 23ff98e:	e8bd 4010 	ldmia.w	sp!, {r4, lr}
    return hal_gpio_read(pin);
 23ff992:	f7fe bf3f 	b.w	23fe814 <hal_gpio_read>
}
 23ff996:	2000      	movs	r0, #0
 23ff998:	bd10      	pop	{r4, pc}

023ff99a <analogRead>:
 * @brief Read the analog value of a pin.
 * Should return a 16-bit value, 0-65536 (0 = LOW, 65536 = HIGH)
 * Note: ADC is 12-bit. Currently it returns 0-4095
 */
int32_t analogRead(hal_pin_t pin)
{
 23ff99a:	b510      	push	{r4, lr}
 23ff99c:	4604      	mov	r4, r0
  }
#endif // defined(FIRST_ANALOG_PIN) && FIRST_ANALOG_PIN > 0
#endif

  // Safety check
  if( !pinAvailable(pin) ) {
 23ff99e:	f7ff ff81 	bl	23ff8a4 <pinAvailable>
 23ff9a2:	b150      	cbz	r0, 23ff9ba <analogRead+0x20>
    return LOW;
  }

  if(hal_pin_validate_function(pin, PF_ADC)!=PF_ADC)
 23ff9a4:	2103      	movs	r1, #3
 23ff9a6:	4620      	mov	r0, r4
 23ff9a8:	f7fe fefc 	bl	23fe7a4 <hal_pin_validate_function>
 23ff9ac:	2803      	cmp	r0, #3
 23ff9ae:	d104      	bne.n	23ff9ba <analogRead+0x20>
  {
    return LOW;
  }

  return hal_adc_read(pin);
 23ff9b0:	4620      	mov	r0, r4
}
 23ff9b2:	e8bd 4010 	ldmia.w	sp!, {r4, lr}
  return hal_adc_read(pin);
 23ff9b6:	f7fe bf3b 	b.w	23fe830 <hal_adc_read>
}
 23ff9ba:	2000      	movs	r0, #0
 23ff9bc:	bd10      	pop	{r4, pc}

023ff9be <__tcf_0>:
}
#endif

USARTSerial& __fetch_global_Serial1()
{
    static USARTSerial serial1(HAL_USART_SERIAL1, acquireSerial1Buffer());
 23ff9be:	4770      	bx	lr

023ff9c0 <_ZN12_GLOBAL__N_118defaultUsartConfigEv>:
hal_usart_buffer_config_t defaultUsartConfig() {
 23ff9c0:	b538      	push	{r3, r4, r5, lr}
    hal_usart_buffer_config_t config = {
 23ff9c2:	2514      	movs	r5, #20
hal_usart_buffer_config_t defaultUsartConfig() {
 23ff9c4:	4604      	mov	r4, r0
    hal_usart_buffer_config_t config = {
 23ff9c6:	462a      	mov	r2, r5
 23ff9c8:	2100      	movs	r1, #0
 23ff9ca:	f000 f90c 	bl	23ffbe6 <memset>
 23ff9ce:	8025      	strh	r5, [r4, #0]
 23ff9d0:	2540      	movs	r5, #64	; 0x40
        .rx_buffer = new (std::nothrow) uint8_t[bufferSize],
 23ff9d2:	4907      	ldr	r1, [pc, #28]	; (23ff9f0 <_ZN12_GLOBAL__N_118defaultUsartConfigEv+0x30>)
 23ff9d4:	4628      	mov	r0, r5
    hal_usart_buffer_config_t config = {
 23ff9d6:	8125      	strh	r5, [r4, #8]
 23ff9d8:	8225      	strh	r5, [r4, #16]
        .rx_buffer = new (std::nothrow) uint8_t[bufferSize],
 23ff9da:	f000 f8ef 	bl	23ffbbc <_ZnajRKSt9nothrow_t>
        .tx_buffer = new (std::nothrow) uint8_t[bufferSize],
 23ff9de:	4904      	ldr	r1, [pc, #16]	; (23ff9f0 <_ZN12_GLOBAL__N_118defaultUsartConfigEv+0x30>)
    };
 23ff9e0:	6060      	str	r0, [r4, #4]
        .tx_buffer = new (std::nothrow) uint8_t[bufferSize],
 23ff9e2:	4628      	mov	r0, r5
 23ff9e4:	f000 f8ea 	bl	23ffbbc <_ZnajRKSt9nothrow_t>
    };
 23ff9e8:	60e0      	str	r0, [r4, #12]
}
 23ff9ea:	4620      	mov	r0, r4
 23ff9ec:	bd38      	pop	{r3, r4, r5, pc}
 23ff9ee:	bf00      	nop
 23ff9f0:	023fff38 	.word	0x023fff38

023ff9f4 <__tcf_2>:
 23ff9f4:	4770      	bx	lr

023ff9f6 <__tcf_1>:
 23ff9f6:	4770      	bx	lr

023ff9f8 <_Z20acquireSerial1Bufferv>:
{
 23ff9f8:	b510      	push	{r4, lr}
 23ff9fa:	4604      	mov	r4, r0
    return defaultUsartConfig();
 23ff9fc:	f7ff ffe0 	bl	23ff9c0 <_ZN12_GLOBAL__N_118defaultUsartConfigEv>
}
 23ffa00:	4620      	mov	r0, r4
 23ffa02:	bd10      	pop	{r4, pc}

023ffa04 <_Z20acquireSerial2Bufferv>:
 23ffa04:	b510      	push	{r4, lr}
 23ffa06:	4604      	mov	r4, r0
 23ffa08:	f7ff ffda 	bl	23ff9c0 <_ZN12_GLOBAL__N_118defaultUsartConfigEv>
 23ffa0c:	4620      	mov	r0, r4
 23ffa0e:	bd10      	pop	{r4, pc}

023ffa10 <_Z20acquireSerial3Bufferv>:
 23ffa10:	b510      	push	{r4, lr}
 23ffa12:	4604      	mov	r4, r0
 23ffa14:	f7ff ffd4 	bl	23ff9c0 <_ZN12_GLOBAL__N_118defaultUsartConfigEv>
 23ffa18:	4620      	mov	r0, r4
 23ffa1a:	bd10      	pop	{r4, pc}

023ffa1c <_Z22__fetch_global_Serial1v>:
{
 23ffa1c:	b530      	push	{r4, r5, lr}
    static USARTSerial serial1(HAL_USART_SERIAL1, acquireSerial1Buffer());
 23ffa1e:	4d0e      	ldr	r5, [pc, #56]	; (23ffa58 <_Z22__fetch_global_Serial1v+0x3c>)
{
 23ffa20:	b087      	sub	sp, #28
    static USARTSerial serial1(HAL_USART_SERIAL1, acquireSerial1Buffer());
 23ffa22:	e8d5 1f8f 	ldab	r1, [r5]
 23ffa26:	f011 0401 	ands.w	r4, r1, #1
 23ffa2a:	d111      	bne.n	23ffa50 <_Z22__fetch_global_Serial1v+0x34>
 23ffa2c:	4628      	mov	r0, r5
 23ffa2e:	f7fe fbc8 	bl	23fe1c2 <__cxa_guard_acquire>
 23ffa32:	b168      	cbz	r0, 23ffa50 <_Z22__fetch_global_Serial1v+0x34>
 23ffa34:	a801      	add	r0, sp, #4
 23ffa36:	f7ff ffdf 	bl	23ff9f8 <_Z20acquireSerial1Bufferv>
 23ffa3a:	4621      	mov	r1, r4
 23ffa3c:	aa01      	add	r2, sp, #4
 23ffa3e:	4807      	ldr	r0, [pc, #28]	; (23ffa5c <_Z22__fetch_global_Serial1v+0x40>)
 23ffa40:	f7ff fdb4 	bl	23ff5ac <_ZN11USARTSerialC1E21hal_usart_interface_tRK25hal_usart_buffer_config_t>
 23ffa44:	4628      	mov	r0, r5
 23ffa46:	f7fe fbc1 	bl	23fe1cc <__cxa_guard_release>
 23ffa4a:	4805      	ldr	r0, [pc, #20]	; (23ffa60 <_Z22__fetch_global_Serial1v+0x44>)
 23ffa4c:	f000 f8b8 	bl	23ffbc0 <atexit>
    return serial1;
}
 23ffa50:	4802      	ldr	r0, [pc, #8]	; (23ffa5c <_Z22__fetch_global_Serial1v+0x40>)
 23ffa52:	b007      	add	sp, #28
 23ffa54:	bd30      	pop	{r4, r5, pc}
 23ffa56:	bf00      	nop
 23ffa58:	1007af04 	.word	0x1007af04
 23ffa5c:	1007af10 	.word	0x1007af10
 23ffa60:	023ff9bf 	.word	0x023ff9bf

023ffa64 <_Z22__fetch_global_Serial2v>:

#if Wiring_Serial2
USARTSerial& __fetch_global_Serial2()
{
 23ffa64:	b510      	push	{r4, lr}
	static USARTSerial serial2(HAL_USART_SERIAL2, acquireSerial2Buffer());
 23ffa66:	4c0d      	ldr	r4, [pc, #52]	; (23ffa9c <_Z22__fetch_global_Serial2v+0x38>)
{
 23ffa68:	b086      	sub	sp, #24
	static USARTSerial serial2(HAL_USART_SERIAL2, acquireSerial2Buffer());
 23ffa6a:	e8d4 3f8f 	ldab	r3, [r4]
 23ffa6e:	07db      	lsls	r3, r3, #31
 23ffa70:	d411      	bmi.n	23ffa96 <_Z22__fetch_global_Serial2v+0x32>
 23ffa72:	4620      	mov	r0, r4
 23ffa74:	f7fe fba5 	bl	23fe1c2 <__cxa_guard_acquire>
 23ffa78:	b168      	cbz	r0, 23ffa96 <_Z22__fetch_global_Serial2v+0x32>
 23ffa7a:	a801      	add	r0, sp, #4
 23ffa7c:	f7ff ffc2 	bl	23ffa04 <_Z20acquireSerial2Bufferv>
 23ffa80:	2101      	movs	r1, #1
 23ffa82:	aa01      	add	r2, sp, #4
 23ffa84:	4806      	ldr	r0, [pc, #24]	; (23ffaa0 <_Z22__fetch_global_Serial2v+0x3c>)
 23ffa86:	f7ff fd91 	bl	23ff5ac <_ZN11USARTSerialC1E21hal_usart_interface_tRK25hal_usart_buffer_config_t>
 23ffa8a:	4620      	mov	r0, r4
 23ffa8c:	f7fe fb9e 	bl	23fe1cc <__cxa_guard_release>
 23ffa90:	4804      	ldr	r0, [pc, #16]	; (23ffaa4 <_Z22__fetch_global_Serial2v+0x40>)
 23ffa92:	f000 f895 	bl	23ffbc0 <atexit>
	return serial2;
}
 23ffa96:	4802      	ldr	r0, [pc, #8]	; (23ffaa0 <_Z22__fetch_global_Serial2v+0x3c>)
 23ffa98:	b006      	add	sp, #24
 23ffa9a:	bd10      	pop	{r4, pc}
 23ffa9c:	1007af08 	.word	0x1007af08
 23ffaa0:	1007af24 	.word	0x1007af24
 23ffaa4:	023ff9f7 	.word	0x023ff9f7

023ffaa8 <_Z15serialEventRun2v>:

void serialEventRun2()
{
 23ffaa8:	b510      	push	{r4, lr}
    __handleSerialEvent(Serial2, serialEvent2);
 23ffaaa:	f7ff ffdb 	bl	23ffa64 <_Z22__fetch_global_Serial2v>

inline void __handleSerialEvent(USARTSerial& serial, void (*handler)(void)) __attribute__((always_inline));

inline void __handleSerialEvent(USARTSerial& serial, void (*handler)(void))
{
    if (handler && serial.isEnabled() && serial.available()>0)
 23ffaae:	4b07      	ldr	r3, [pc, #28]	; (23ffacc <_Z15serialEventRun2v+0x24>)
 23ffab0:	4604      	mov	r4, r0
 23ffab2:	b153      	cbz	r3, 23ffaca <_Z15serialEventRun2v+0x22>
 23ffab4:	f7ff fd8e 	bl	23ff5d4 <_ZN11USARTSerial9isEnabledEv>
 23ffab8:	b138      	cbz	r0, 23ffaca <_Z15serialEventRun2v+0x22>
 23ffaba:	6823      	ldr	r3, [r4, #0]
 23ffabc:	4620      	mov	r0, r4
 23ffabe:	691b      	ldr	r3, [r3, #16]
 23ffac0:	4798      	blx	r3
 23ffac2:	2800      	cmp	r0, #0
 23ffac4:	dd01      	ble.n	23ffaca <_Z15serialEventRun2v+0x22>
        handler();
 23ffac6:	e000      	b.n	23ffaca <_Z15serialEventRun2v+0x22>
 23ffac8:	bf00      	nop
}
 23ffaca:	bd10      	pop	{r4, pc}
 23ffacc:	00000000 	.word	0x00000000

023ffad0 <_Z22__fetch_global_Serial3v>:
#endif

#if Wiring_Serial3
USARTSerial& __fetch_global_Serial3()
{
 23ffad0:	b510      	push	{r4, lr}
	static USARTSerial serial3(HAL_USART_SERIAL3, acquireSerial3Buffer());
 23ffad2:	4c0d      	ldr	r4, [pc, #52]	; (23ffb08 <_Z22__fetch_global_Serial3v+0x38>)
{
 23ffad4:	b086      	sub	sp, #24
	static USARTSerial serial3(HAL_USART_SERIAL3, acquireSerial3Buffer());
 23ffad6:	e8d4 3f8f 	ldab	r3, [r4]
 23ffada:	07db      	lsls	r3, r3, #31
 23ffadc:	d411      	bmi.n	23ffb02 <_Z22__fetch_global_Serial3v+0x32>
 23ffade:	4620      	mov	r0, r4
 23ffae0:	f7fe fb6f 	bl	23fe1c2 <__cxa_guard_acquire>
 23ffae4:	b168      	cbz	r0, 23ffb02 <_Z22__fetch_global_Serial3v+0x32>
 23ffae6:	a801      	add	r0, sp, #4
 23ffae8:	f7ff ff92 	bl	23ffa10 <_Z20acquireSerial3Bufferv>
 23ffaec:	2102      	movs	r1, #2
 23ffaee:	aa01      	add	r2, sp, #4
 23ffaf0:	4806      	ldr	r0, [pc, #24]	; (23ffb0c <_Z22__fetch_global_Serial3v+0x3c>)
 23ffaf2:	f7ff fd5b 	bl	23ff5ac <_ZN11USARTSerialC1E21hal_usart_interface_tRK25hal_usart_buffer_config_t>
 23ffaf6:	4620      	mov	r0, r4
 23ffaf8:	f7fe fb68 	bl	23fe1cc <__cxa_guard_release>
 23ffafc:	4804      	ldr	r0, [pc, #16]	; (23ffb10 <_Z22__fetch_global_Serial3v+0x40>)
 23ffafe:	f000 f85f 	bl	23ffbc0 <atexit>
	return serial3;
}
 23ffb02:	4802      	ldr	r0, [pc, #8]	; (23ffb0c <_Z22__fetch_global_Serial3v+0x3c>)
 23ffb04:	b006      	add	sp, #24
 23ffb06:	bd10      	pop	{r4, pc}
 23ffb08:	1007af0c 	.word	0x1007af0c
 23ffb0c:	1007af38 	.word	0x1007af38
 23ffb10:	023ff9f5 	.word	0x023ff9f5

023ffb14 <_Z15serialEventRun3v>:

void serialEventRun3()
{
 23ffb14:	b510      	push	{r4, lr}
    __handleSerialEvent(Serial3, serialEvent3);
 23ffb16:	f7ff ffdb 	bl	23ffad0 <_Z22__fetch_global_Serial3v>
    if (handler && serial.isEnabled() && serial.available()>0)
 23ffb1a:	4b07      	ldr	r3, [pc, #28]	; (23ffb38 <_Z15serialEventRun3v+0x24>)
 23ffb1c:	4604      	mov	r4, r0
 23ffb1e:	b153      	cbz	r3, 23ffb36 <_Z15serialEventRun3v+0x22>
 23ffb20:	f7ff fd58 	bl	23ff5d4 <_ZN11USARTSerial9isEnabledEv>
 23ffb24:	b138      	cbz	r0, 23ffb36 <_Z15serialEventRun3v+0x22>
 23ffb26:	6823      	ldr	r3, [r4, #0]
 23ffb28:	4620      	mov	r0, r4
 23ffb2a:	691b      	ldr	r3, [r3, #16]
 23ffb2c:	4798      	blx	r3
 23ffb2e:	2800      	cmp	r0, #0
 23ffb30:	dd01      	ble.n	23ffb36 <_Z15serialEventRun3v+0x22>
        handler();
 23ffb32:	e000      	b.n	23ffb36 <_Z15serialEventRun3v+0x22>
 23ffb34:	bf00      	nop
}
 23ffb36:	bd10      	pop	{r4, pc}
 23ffb38:	00000000 	.word	0x00000000

023ffb3c <__tcf_0>:
}
#endif

TwoWire& __fetch_global_Wire()
{
	static TwoWire wire(HAL_I2C_INTERFACE1, acquireWireBuffer());
 23ffb3c:	4770      	bx	lr
	...

023ffb40 <_Z17acquireWireBufferv>:
{
 23ffb40:	b538      	push	{r3, r4, r5, lr}
	hal_i2c_config_t config = {
 23ffb42:	4b0a      	ldr	r3, [pc, #40]	; (23ffb6c <_Z17acquireWireBufferv+0x2c>)
{
 23ffb44:	4604      	mov	r4, r0
	hal_i2c_config_t config = {
 23ffb46:	6003      	str	r3, [r0, #0]
 23ffb48:	2301      	movs	r3, #1
		.rx_buffer = new (std::nothrow) uint8_t[i2c_buffer_size],
 23ffb4a:	4909      	ldr	r1, [pc, #36]	; (23ffb70 <_Z17acquireWireBufferv+0x30>)
	hal_i2c_config_t config = {
 23ffb4c:	6143      	str	r3, [r0, #20]
		.rx_buffer = new (std::nothrow) uint8_t[i2c_buffer_size],
 23ffb4e:	2020      	movs	r0, #32
 23ffb50:	f000 f834 	bl	23ffbbc <_ZnajRKSt9nothrow_t>
	};
 23ffb54:	2520      	movs	r5, #32
 23ffb56:	6060      	str	r0, [r4, #4]
		.tx_buffer = new (std::nothrow) uint8_t[i2c_buffer_size],
 23ffb58:	4905      	ldr	r1, [pc, #20]	; (23ffb70 <_Z17acquireWireBufferv+0x30>)
 23ffb5a:	4628      	mov	r0, r5
	};
 23ffb5c:	60a5      	str	r5, [r4, #8]
		.tx_buffer = new (std::nothrow) uint8_t[i2c_buffer_size],
 23ffb5e:	f000 f82d 	bl	23ffbbc <_ZnajRKSt9nothrow_t>
	};
 23ffb62:	e9c4 0503 	strd	r0, r5, [r4, #12]
}
 23ffb66:	4620      	mov	r0, r4
 23ffb68:	bd38      	pop	{r3, r4, r5, pc}
 23ffb6a:	bf00      	nop
 23ffb6c:	00010018 	.word	0x00010018
 23ffb70:	023fff38 	.word	0x023fff38

023ffb74 <_Z19__fetch_global_Wirev>:
{
 23ffb74:	b530      	push	{r4, r5, lr}
	static TwoWire wire(HAL_I2C_INTERFACE1, acquireWireBuffer());
 23ffb76:	4d0e      	ldr	r5, [pc, #56]	; (23ffbb0 <_Z19__fetch_global_Wirev+0x3c>)
{
 23ffb78:	b087      	sub	sp, #28
	static TwoWire wire(HAL_I2C_INTERFACE1, acquireWireBuffer());
 23ffb7a:	e8d5 1f8f 	ldab	r1, [r5]
 23ffb7e:	f011 0401 	ands.w	r4, r1, #1
 23ffb82:	d111      	bne.n	23ffba8 <_Z19__fetch_global_Wirev+0x34>
 23ffb84:	4628      	mov	r0, r5
 23ffb86:	f7fe fb1c 	bl	23fe1c2 <__cxa_guard_acquire>
 23ffb8a:	b168      	cbz	r0, 23ffba8 <_Z19__fetch_global_Wirev+0x34>
 23ffb8c:	4668      	mov	r0, sp
 23ffb8e:	f7ff ffd7 	bl	23ffb40 <_Z17acquireWireBufferv>
 23ffb92:	466a      	mov	r2, sp
 23ffb94:	4621      	mov	r1, r4
 23ffb96:	4807      	ldr	r0, [pc, #28]	; (23ffbb4 <_Z19__fetch_global_Wirev+0x40>)
 23ffb98:	f7ff fd4c 	bl	23ff634 <_ZN7TwoWireC1E19hal_i2c_interface_tRK16hal_i2c_config_t>
 23ffb9c:	4628      	mov	r0, r5
 23ffb9e:	f7fe fb15 	bl	23fe1cc <__cxa_guard_release>
 23ffba2:	4805      	ldr	r0, [pc, #20]	; (23ffbb8 <_Z19__fetch_global_Wirev+0x44>)
 23ffba4:	f000 f80c 	bl	23ffbc0 <atexit>
	return wire;
}
 23ffba8:	4802      	ldr	r0, [pc, #8]	; (23ffbb4 <_Z19__fetch_global_Wirev+0x40>)
 23ffbaa:	b007      	add	sp, #28
 23ffbac:	bd30      	pop	{r4, r5, pc}
 23ffbae:	bf00      	nop
 23ffbb0:	1007af50 	.word	0x1007af50
 23ffbb4:	1007af54 	.word	0x1007af54
 23ffbb8:	023ffb3d 	.word	0x023ffb3d

023ffbbc <_ZnajRKSt9nothrow_t>:
 23ffbbc:	f7fe bafd 	b.w	23fe1ba <_Znaj>

023ffbc0 <atexit>:
 23ffbc0:	2300      	movs	r3, #0
 23ffbc2:	4601      	mov	r1, r0
 23ffbc4:	461a      	mov	r2, r3
 23ffbc6:	4618      	mov	r0, r3
 23ffbc8:	f000 b844 	b.w	23ffc54 <__register_exitproc>

023ffbcc <memcpy>:
 23ffbcc:	440a      	add	r2, r1
 23ffbce:	1e43      	subs	r3, r0, #1
 23ffbd0:	4291      	cmp	r1, r2
 23ffbd2:	d100      	bne.n	23ffbd6 <memcpy+0xa>
 23ffbd4:	4770      	bx	lr
 23ffbd6:	b510      	push	{r4, lr}
 23ffbd8:	f811 4b01 	ldrb.w	r4, [r1], #1
 23ffbdc:	4291      	cmp	r1, r2
 23ffbde:	f803 4f01 	strb.w	r4, [r3, #1]!
 23ffbe2:	d1f9      	bne.n	23ffbd8 <memcpy+0xc>
 23ffbe4:	bd10      	pop	{r4, pc}

023ffbe6 <memset>:
 23ffbe6:	4402      	add	r2, r0
 23ffbe8:	4603      	mov	r3, r0
 23ffbea:	4293      	cmp	r3, r2
 23ffbec:	d100      	bne.n	23ffbf0 <memset+0xa>
 23ffbee:	4770      	bx	lr
 23ffbf0:	f803 1b01 	strb.w	r1, [r3], #1
 23ffbf4:	e7f9      	b.n	23ffbea <memset+0x4>
	...

023ffbf8 <srand>:
 23ffbf8:	b538      	push	{r3, r4, r5, lr}
 23ffbfa:	4b10      	ldr	r3, [pc, #64]	; (23ffc3c <srand+0x44>)
 23ffbfc:	4604      	mov	r4, r0
 23ffbfe:	681d      	ldr	r5, [r3, #0]
 23ffc00:	6bab      	ldr	r3, [r5, #56]	; 0x38
 23ffc02:	b9b3      	cbnz	r3, 23ffc32 <srand+0x3a>
 23ffc04:	2018      	movs	r0, #24
 23ffc06:	f7ff f95b 	bl	23feec0 <malloc>
 23ffc0a:	4602      	mov	r2, r0
 23ffc0c:	63a8      	str	r0, [r5, #56]	; 0x38
 23ffc0e:	b920      	cbnz	r0, 23ffc1a <srand+0x22>
 23ffc10:	4b0b      	ldr	r3, [pc, #44]	; (23ffc40 <srand+0x48>)
 23ffc12:	2142      	movs	r1, #66	; 0x42
 23ffc14:	480b      	ldr	r0, [pc, #44]	; (23ffc44 <srand+0x4c>)
 23ffc16:	f7ff f96f 	bl	23feef8 <__assert_func>
 23ffc1a:	490b      	ldr	r1, [pc, #44]	; (23ffc48 <srand+0x50>)
 23ffc1c:	4b0b      	ldr	r3, [pc, #44]	; (23ffc4c <srand+0x54>)
 23ffc1e:	e9c0 1300 	strd	r1, r3, [r0]
 23ffc22:	4b0b      	ldr	r3, [pc, #44]	; (23ffc50 <srand+0x58>)
 23ffc24:	2100      	movs	r1, #0
 23ffc26:	6083      	str	r3, [r0, #8]
 23ffc28:	230b      	movs	r3, #11
 23ffc2a:	8183      	strh	r3, [r0, #12]
 23ffc2c:	2001      	movs	r0, #1
 23ffc2e:	e9c2 0104 	strd	r0, r1, [r2, #16]
 23ffc32:	6bab      	ldr	r3, [r5, #56]	; 0x38
 23ffc34:	2200      	movs	r2, #0
 23ffc36:	611c      	str	r4, [r3, #16]
 23ffc38:	615a      	str	r2, [r3, #20]
 23ffc3a:	bd38      	pop	{r3, r4, r5, pc}
 23ffc3c:	1007ade4 	.word	0x1007ade4
 23ffc40:	023fff39 	.word	0x023fff39
 23ffc44:	023fff50 	.word	0x023fff50
 23ffc48:	abcd330e 	.word	0xabcd330e
 23ffc4c:	e66d1234 	.word	0xe66d1234
 23ffc50:	0005deec 	.word	0x0005deec

023ffc54 <__register_exitproc>:
 23ffc54:	e92d 43f8 	stmdb	sp!, {r3, r4, r5, r6, r7, r8, r9, lr}
 23ffc58:	f8df 80bc 	ldr.w	r8, [pc, #188]	; 23ffd18 <__register_exitproc+0xc4>
 23ffc5c:	4606      	mov	r6, r0
 23ffc5e:	461f      	mov	r7, r3
 23ffc60:	460d      	mov	r5, r1
 23ffc62:	f8d8 0000 	ldr.w	r0, [r8]
 23ffc66:	4691      	mov	r9, r2
 23ffc68:	f000 f858 	bl	23ffd1c <__retarget_lock_acquire_recursive>
 23ffc6c:	4b26      	ldr	r3, [pc, #152]	; (23ffd08 <__register_exitproc+0xb4>)
 23ffc6e:	681c      	ldr	r4, [r3, #0]
 23ffc70:	b934      	cbnz	r4, 23ffc80 <__register_exitproc+0x2c>
 23ffc72:	4c26      	ldr	r4, [pc, #152]	; (23ffd0c <__register_exitproc+0xb8>)
 23ffc74:	601c      	str	r4, [r3, #0]
 23ffc76:	4b26      	ldr	r3, [pc, #152]	; (23ffd10 <__register_exitproc+0xbc>)
 23ffc78:	b113      	cbz	r3, 23ffc80 <__register_exitproc+0x2c>
 23ffc7a:	681b      	ldr	r3, [r3, #0]
 23ffc7c:	f8c4 3088 	str.w	r3, [r4, #136]	; 0x88
 23ffc80:	6863      	ldr	r3, [r4, #4]
 23ffc82:	2b1f      	cmp	r3, #31
 23ffc84:	dd07      	ble.n	23ffc96 <__register_exitproc+0x42>
 23ffc86:	f8d8 0000 	ldr.w	r0, [r8]
 23ffc8a:	f000 f849 	bl	23ffd20 <__retarget_lock_release_recursive>
 23ffc8e:	f04f 30ff 	mov.w	r0, #4294967295
 23ffc92:	e8bd 83f8 	ldmia.w	sp!, {r3, r4, r5, r6, r7, r8, r9, pc}
 23ffc96:	b35e      	cbz	r6, 23ffcf0 <__register_exitproc+0x9c>
 23ffc98:	f8d4 0088 	ldr.w	r0, [r4, #136]	; 0x88
 23ffc9c:	b988      	cbnz	r0, 23ffcc2 <__register_exitproc+0x6e>
 23ffc9e:	4b1d      	ldr	r3, [pc, #116]	; (23ffd14 <__register_exitproc+0xc0>)
 23ffca0:	b923      	cbnz	r3, 23ffcac <__register_exitproc+0x58>
 23ffca2:	f8d8 0000 	ldr.w	r0, [r8]
 23ffca6:	f000 f83a 	bl	23ffd1e <__retarget_lock_release>
 23ffcaa:	e7f0      	b.n	23ffc8e <__register_exitproc+0x3a>
 23ffcac:	f44f 7084 	mov.w	r0, #264	; 0x108
 23ffcb0:	f7ff f906 	bl	23feec0 <malloc>
 23ffcb4:	2800      	cmp	r0, #0
 23ffcb6:	d0f4      	beq.n	23ffca2 <__register_exitproc+0x4e>
 23ffcb8:	2300      	movs	r3, #0
 23ffcba:	e9c0 3340 	strd	r3, r3, [r0, #256]	; 0x100
 23ffcbe:	f8c4 0088 	str.w	r0, [r4, #136]	; 0x88
 23ffcc2:	6863      	ldr	r3, [r4, #4]
 23ffcc4:	2201      	movs	r2, #1
 23ffcc6:	2e02      	cmp	r6, #2
 23ffcc8:	f840 9023 	str.w	r9, [r0, r3, lsl #2]
 23ffccc:	fa02 f203 	lsl.w	r2, r2, r3
 23ffcd0:	eb00 0183 	add.w	r1, r0, r3, lsl #2
 23ffcd4:	f8d0 3100 	ldr.w	r3, [r0, #256]	; 0x100
 23ffcd8:	ea43 0302 	orr.w	r3, r3, r2
 23ffcdc:	f8c0 3100 	str.w	r3, [r0, #256]	; 0x100
 23ffce0:	f8c1 7080 	str.w	r7, [r1, #128]	; 0x80
 23ffce4:	bf02      	ittt	eq
 23ffce6:	f8d0 3104 	ldreq.w	r3, [r0, #260]	; 0x104
 23ffcea:	4313      	orreq	r3, r2
 23ffcec:	f8c0 3104 	streq.w	r3, [r0, #260]	; 0x104
 23ffcf0:	6863      	ldr	r3, [r4, #4]
 23ffcf2:	f8d8 0000 	ldr.w	r0, [r8]
 23ffcf6:	1c5a      	adds	r2, r3, #1
 23ffcf8:	3302      	adds	r3, #2
 23ffcfa:	6062      	str	r2, [r4, #4]
 23ffcfc:	f844 5023 	str.w	r5, [r4, r3, lsl #2]
 23ffd00:	f000 f80e 	bl	23ffd20 <__retarget_lock_release_recursive>
 23ffd04:	2000      	movs	r0, #0
 23ffd06:	e7c4      	b.n	23ffc92 <__register_exitproc+0x3e>
 23ffd08:	1007aff4 	.word	0x1007aff4
 23ffd0c:	1007af68 	.word	0x1007af68
 23ffd10:	00000000 	.word	0x00000000
 23ffd14:	023feec1 	.word	0x023feec1
 23ffd18:	1007ae48 	.word	0x1007ae48

023ffd1c <__retarget_lock_acquire_recursive>:
 23ffd1c:	4770      	bx	lr

023ffd1e <__retarget_lock_release>:
 23ffd1e:	4770      	bx	lr

023ffd20 <__retarget_lock_release_recursive>:
 23ffd20:	4770      	bx	lr
	...

023ffd24 <dynalib_user>:
 23ffd24:	e181 023f e1a9 023f e1ad 023f 0000 0000     ..?...?...?.....
 23ffd34:	5053 2f49 5053 3149 6920 746e 7265 6166     SPI/SPI1 interfa
 23ffd44:	6563 6e20 746f 6420 6665 6e69 6465 0021     ce not defined!.
 23ffd54:	6950 6578 206c 7974 6570 6e20 746f 7320     Pixel type not s
 23ffd64:	7075 6f70 7472 6465 0021 0000 6f4e 2074     upported!...Not 
 23ffd74:	6e65 756f 6867 6d20 6d65 726f 2079 7661     enough memory av
 23ffd84:	6961 616c 6c62 2165 0000 0000               ailable!....

023ffd90 <_ZTVN5spark13EthernetClassE>:
	...
 23ffd98:	ef8f 023f ef85 023f ef7b 023f ef71 023f     ..?...?.{.?.q.?.
 23ffda8:	ef65 023f ef59 023f f749 023f f751 023f     e.?.Y.?.I.?.Q.?.
 23ffdb8:	ef4d 023f ef45 023f ef3b 023f ef31 023f     M.?.E.?.;.?.1.?.
 23ffdc8:	f879 023f f781 023f f789 023f               y.?...?...?.

023ffdd4 <_ZN12_GLOBAL__N_1L14clock_divisorsE>:
 23ffdd4:	0800 1810 2820 3830 7061 0070 5925 252d     .... (08app.%Y-%
 23ffde4:	2d6d 6425 2554 3a48 4d25 253a 2553 007a     m-%dT%H:%M:%S%z.
 23ffdf4:	7361 7463 6d69 0065                         asctime.

023ffdfc <_ZTV9IPAddress>:
	...
 23ffe04:	f345 023f f335 023f f337 023f               E.?.5.?.7.?.

023ffe10 <_ZTV9USBSerial>:
	...
 23ffe18:	f42b 023f f493 023f f469 023f f0c5 023f     +.?...?.i.?...?.
 23ffe28:	f45b 023f f42d 023f f43d 023f f48d 023f     [.?.-.?.=.?...?.
 23ffe38:	f181 023f f44d 023f f425 023f               ..?.M.?.%.?.

023ffe44 <_ZTV11USARTSerial>:
	...
 23ffe4c:	f531 023f f59d 023f f575 023f f0c5 023f     1.?...?.u.?...?.
 23ffe5c:	f545 023f f561 023f f553 023f f56f 023f     E.?.a.?.S.?.o.?.
 23ffe6c:	f181 023f f533 023f f537 023f               ..?.3.?.7.?.

023ffe78 <_ZTV7TwoWire>:
	...
 23ffe80:	f5db 023f f625 023f f5fd 023f f5dd 023f     ..?.%.?...?...?.
 23ffe90:	f605 023f f60d 023f f615 023f f61d 023f     ..?...?...?...?.
 23ffea0:	f181 023f                                   ..?.

023ffea4 <_ZTVN5spark9WiFiClassE>:
	...
 23ffeac:	f6eb 023f f6e1 023f f6d7 023f f68d 023f     ..?...?...?...?.
 23ffebc:	f6cb 023f f6bf 023f f749 023f f751 023f     ..?...?.I.?.Q.?.
 23ffecc:	f6b3 023f f6ab 023f f6a1 023f f697 023f     ..?...?...?...?.
 23ffedc:	f879 023f f781 023f f789 023f               y.?...?...?.

023ffee8 <CSWTCH.109>:
 23ffee8:	ae80 1007 aee8 1007 aef0 1007               ............

023ffef4 <_ZTVN5spark12NetworkClassE>:
	...
 23ffefc:	f709 023f f713 023f f71d 023f f727 023f     ..?...?...?.'.?.
 23fff0c:	f731 023f f73d 023f f749 023f f751 023f     1.?.=.?.I.?.Q.?.
 23fff1c:	f759 023f f765 023f f76d 023f f777 023f     Y.?.e.?.m.?.w.?.
 23fff2c:	f879 023f f781 023f f789 023f               y.?...?...?.

023fff38 <_ZSt7nothrow>:
 23fff38:	5200 4545 544e 6d20 6c61 6f6c 2063 7573     .REENT malloc su
 23fff48:	6363 6565 6564 0064 6d2f 746e 772f 726f     cceeded./mnt/wor
 23fff58:	736b 6170 6563 772f 726f 736b 6170 6563     kspace/workspace
 23fff68:	472f 4343 312d 2d30 6970 6570 696c 656e     /GCC-10-pipeline
 23fff78:	6a2f 6e65 696b 736e 472d 4343 312d 2d30     /jenkins-GCC-10-
 23fff88:	6970 6570 696c 656e 342d 5f38 3032 3032     pipeline-48_2020
 23fff98:	3131 3432 315f 3036 3136 3038 3436 2f31     1124_1606180641/
 23fffa8:	7273 2f63 656e 6c77 6269 6e2f 7765 696c     src/newlib/newli
 23fffb8:	2f62 696c 6362 732f 6474 696c 2f62 6172     b/libc/stdlib/ra
 23fffc8:	646e 632e                                    nd.c.

023fffcd <link_const_data_end>:
 23fffcd:	00          	.byte	0x00
	...

023fffd0 <link_constructors_location>:
 23fffd0:	023fe2d9 	.word	0x023fe2d9
 23fffd4:	023fef99 	.word	0x023fef99
 23fffd8:	023ff091 	.word	0x023ff091
 23fffdc:	023ff0b5 	.word	0x023ff0b5
 23fffe0:	023ff1ad 	.word	0x023ff1ad
 23fffe4:	023ff1bd 	.word	0x023ff1bd
 23fffe8:	023ff1d9 	.word	0x023ff1d9
 23fffec:	023ff671 	.word	0x023ff671
 23ffff0:	023ff6f5 	.word	0x023ff6f5
 23ffff4:	023ff88d 	.word	0x023ff88d
