
h:/IOT2/IOT2/pottySense/pottySense/target/6.3.3/p2/pottySense.elf:     file format elf32-littlearm

Sections:
Idx Name          Size      VMA       LMA       File off  Algn
  0 .module_info  00000018  085fb000  085fb000  0000b000  2**0
                  CONTENTS, ALLOC, LOAD, READONLY, DATA
  1 .text         0000008c  085fb018  085fb018  0000b018  2**2
                  CONTENTS, ALLOC, LOAD, READONLY, CODE
  2 .dynalib      00000008  023fb9c8  085fb0a8  0000b9c8  2**3
                  CONTENTS, ALLOC, LOAD, READONLY, DATA
  3 .psram_text   00004628  023fb9d0  085fb0b0  0000b9d0  2**2
                  CONTENTS, ALLOC, LOAD, CODE
  4 .data_alt     00000000  023ffff8  023ffff8  00020000  2**0
                  CONTENTS
  5 .bss_alt      00000000  023ffff8  023ffff8  00020000  2**0
                  CONTENTS
  6 .data         00000494  1007a980  085ff6d8  0001a980  2**2
                  CONTENTS, ALLOC, LOAD, DATA
  7 .bss          000001e8  1007ae14  1007ae14  0002ae14  2**2
                  ALLOC
  8 .secure_ram_text 00000000  1007d000  1007d000  00020000  2**0
                  CONTENTS
  9 .backup       00000004  1007b400  085ffb6c  0001b400  2**2
                  CONTENTS, ALLOC, LOAD, DATA
 10 .module_info_suffix_align 00000448  085ffb70  085ffb70  0001fb70  2**0
                  ALLOC
 11 .module_info_product 00000006  085fffb8  085fffb8  0001fb70  2**0
                  ALLOC
 12 .module_info_suffix 0000003e  085fffbe  085fffbe  0001ffbe  2**0
                  CONTENTS, ALLOC, LOAD, READONLY, DATA
 13 .module_info_crc 00000004  085ffffc  085ffffc  0001fffc  2**0
                  CONTENTS, ALLOC, LOAD, READONLY, DATA
 14 .debug_info   00199673  00000000  00000000  00020000  2**0
                  CONTENTS, READONLY, DEBUGGING, OCTETS
 15 .debug_abbrev 00018624  00000000  00000000  001b9673  2**0
                  CONTENTS, READONLY, DEBUGGING, OCTETS
 16 .debug_loc    0005538d  00000000  00000000  001d1c97  2**0
                  CONTENTS, READONLY, DEBUGGING, OCTETS
 17 .debug_aranges 00003860  00000000  00000000  00227024  2**0
                  CONTENTS, READONLY, DEBUGGING, OCTETS
 18 .debug_ranges 0000ef70  00000000  00000000  0022a884  2**0
                  CONTENTS, READONLY, DEBUGGING, OCTETS
 19 .debug_macro  0004e5f2  00000000  00000000  002397f4  2**0
                  CONTENTS, READONLY, DEBUGGING, OCTETS
 20 .debug_line   00058686  00000000  00000000  00287de6  2**0
                  CONTENTS, READONLY, DEBUGGING, OCTETS
 21 .debug_str    0013328b  00000000  00000000  002e046c  2**0
                  CONTENTS, READONLY, DEBUGGING, OCTETS
 22 .debug_frame  0000a3bc  00000000  00000000  004136f8  2**2
                  CONTENTS, READONLY, DEBUGGING, OCTETS

Disassembly of section .text:

085fb018 <module_user_pre_init>:
 * Initializes this user module. Returns the start of the heap.
 */
__attribute__((section(".xip.text"))) void* module_user_pre_init() {
    // NOTE: Must invoke APIs in ROM
    // Copy .data
    if ( (&link_global_data_start != &link_global_data_initial_values) && (link_global_data_size != 0))
 85fb018:	4813      	ldr	r0, [pc, #76]	; (85fb068 <module_user_pre_init+0x50>)
 85fb01a:	4914      	ldr	r1, [pc, #80]	; (85fb06c <module_user_pre_init+0x54>)
__attribute__((section(".xip.text"))) void* module_user_pre_init() {
 85fb01c:	b508      	push	{r3, lr}
    if ( (&link_global_data_start != &link_global_data_initial_values) && (link_global_data_size != 0))
 85fb01e:	4288      	cmp	r0, r1
 85fb020:	d005      	beq.n	85fb02e <module_user_pre_init+0x16>
 85fb022:	4a13      	ldr	r2, [pc, #76]	; (85fb070 <module_user_pre_init+0x58>)
 85fb024:	4282      	cmp	r2, r0
 85fb026:	d002      	beq.n	85fb02e <module_user_pre_init+0x16>
    {
        _memcpy(&link_global_data_start, &link_global_data_initial_values, link_global_data_size);
 85fb028:	4b12      	ldr	r3, [pc, #72]	; (85fb074 <module_user_pre_init+0x5c>)
 85fb02a:	1a12      	subs	r2, r2, r0
 85fb02c:	4798      	blx	r3
    }

    // Initialize .bss
    _memset(&link_bss_location, 0, link_bss_size );
 85fb02e:	4812      	ldr	r0, [pc, #72]	; (85fb078 <module_user_pre_init+0x60>)
 85fb030:	4a12      	ldr	r2, [pc, #72]	; (85fb07c <module_user_pre_init+0x64>)
 85fb032:	2100      	movs	r1, #0
 85fb034:	4b12      	ldr	r3, [pc, #72]	; (85fb080 <module_user_pre_init+0x68>)
 85fb036:	1a12      	subs	r2, r2, r0
 85fb038:	4798      	blx	r3

    // Copy .dynalib
    if ( (&link_dynalib_start != &link_dynalib_flash_start) && (link_dynalib_size != 0))
 85fb03a:	4812      	ldr	r0, [pc, #72]	; (85fb084 <module_user_pre_init+0x6c>)
 85fb03c:	4912      	ldr	r1, [pc, #72]	; (85fb088 <module_user_pre_init+0x70>)
 85fb03e:	4288      	cmp	r0, r1
 85fb040:	d005      	beq.n	85fb04e <module_user_pre_init+0x36>
 85fb042:	4a12      	ldr	r2, [pc, #72]	; (85fb08c <module_user_pre_init+0x74>)
 85fb044:	4282      	cmp	r2, r0
 85fb046:	d002      	beq.n	85fb04e <module_user_pre_init+0x36>
    {
        _memcpy(&link_dynalib_start, &link_dynalib_flash_start, link_dynalib_size);
 85fb048:	4b0a      	ldr	r3, [pc, #40]	; (85fb074 <module_user_pre_init+0x5c>)
 85fb04a:	1a12      	subs	r2, r2, r0
 85fb04c:	4798      	blx	r3
    }

    // Copy .psram_text
    if ( (&link_psram_code_start != &link_psram_code_flash_start) && (link_psram_code_size != 0))
 85fb04e:	4810      	ldr	r0, [pc, #64]	; (85fb090 <module_user_pre_init+0x78>)
 85fb050:	4910      	ldr	r1, [pc, #64]	; (85fb094 <module_user_pre_init+0x7c>)
 85fb052:	4288      	cmp	r0, r1
 85fb054:	d005      	beq.n	85fb062 <module_user_pre_init+0x4a>
 85fb056:	4a10      	ldr	r2, [pc, #64]	; (85fb098 <module_user_pre_init+0x80>)
 85fb058:	4282      	cmp	r2, r0
 85fb05a:	d002      	beq.n	85fb062 <module_user_pre_init+0x4a>
    {
        _memcpy(&link_psram_code_start, &link_psram_code_flash_start, link_psram_code_size);
 85fb05c:	4b05      	ldr	r3, [pc, #20]	; (85fb074 <module_user_pre_init+0x5c>)
 85fb05e:	1a12      	subs	r2, r2, r0
 85fb060:	4798      	blx	r3
    }

    return &link_global_data_start;
}
 85fb062:	4801      	ldr	r0, [pc, #4]	; (85fb068 <module_user_pre_init+0x50>)
 85fb064:	bd08      	pop	{r3, pc}
 85fb066:	bf00      	nop
 85fb068:	1007a980 	.word	0x1007a980
 85fb06c:	085ff6d8 	.word	0x085ff6d8
 85fb070:	1007ae14 	.word	0x1007ae14
 85fb074:	10110d2d 	.word	0x10110d2d
 85fb078:	1007ae14 	.word	0x1007ae14
 85fb07c:	1007affc 	.word	0x1007affc
 85fb080:	10110ea1 	.word	0x10110ea1
 85fb084:	023fb9c8 	.word	0x023fb9c8
 85fb088:	085fb0a8 	.word	0x085fb0a8
 85fb08c:	023fb9d0 	.word	0x023fb9d0
 85fb090:	023fb9d0 	.word	0x023fb9d0
 85fb094:	085fb0b0 	.word	0x085fb0b0
 85fb098:	023ffff8 	.word	0x023ffff8

085fb09c <dynalib_preinit>:
 85fb09c:	085fb019 00000000                       .._.....

Disassembly of section .psram_text:

023fb9d0 <strcmp>:
 23fb9d0:	f810 2b01 	ldrb.w	r2, [r0], #1
 23fb9d4:	f811 3b01 	ldrb.w	r3, [r1], #1
 23fb9d8:	2a01      	cmp	r2, #1
 23fb9da:	bf28      	it	cs
 23fb9dc:	429a      	cmpcs	r2, r3
 23fb9de:	d0f7      	beq.n	23fb9d0 <strcmp>
 23fb9e0:	1ad0      	subs	r0, r2, r3
 23fb9e2:	4770      	bx	lr

023fb9e4 <strlen>:
 23fb9e4:	4603      	mov	r3, r0
 23fb9e6:	f813 2b01 	ldrb.w	r2, [r3], #1
 23fb9ea:	2a00      	cmp	r2, #0
 23fb9ec:	d1fb      	bne.n	23fb9e6 <strlen+0x2>
 23fb9ee:	1a18      	subs	r0, r3, r0
 23fb9f0:	3801      	subs	r0, #1
 23fb9f2:	4770      	bx	lr

023fb9f4 <module_user_init>:
extern constructor_ptr_t link_constructors_location[];
extern constructor_ptr_t link_constructors_end;
#define link_constructors_size   ((unsigned long)&link_constructors_end  -  (unsigned long)&link_constructors_location )

void module_user_init()
{
 23fb9f4:	b570      	push	{r4, r5, r6, lr}
    module_user_init_hook();
 23fb9f6:	f002 f89b 	bl	23fdb30 <module_user_init_hook>

    // invoke constructors
    unsigned ctor_num;
    for (ctor_num=0; ctor_num < link_constructors_size/sizeof(constructor_ptr_t); ctor_num++ )
 23fb9fa:	2500      	movs	r5, #0
 23fb9fc:	4e05      	ldr	r6, [pc, #20]	; (23fba14 <module_user_init+0x20>)
 23fb9fe:	4c06      	ldr	r4, [pc, #24]	; (23fba18 <module_user_init+0x24>)
 23fba00:	1ba4      	subs	r4, r4, r6
 23fba02:	08a4      	lsrs	r4, r4, #2
 23fba04:	42ac      	cmp	r4, r5
 23fba06:	d100      	bne.n	23fba0a <module_user_init+0x16>
    {
        link_constructors_location[ctor_num]();
    }
}
 23fba08:	bd70      	pop	{r4, r5, r6, pc}
        link_constructors_location[ctor_num]();
 23fba0a:	f856 3b04 	ldr.w	r3, [r6], #4
 23fba0e:	4798      	blx	r3
    for (ctor_num=0; ctor_num < link_constructors_size/sizeof(constructor_ptr_t); ctor_num++ )
 23fba10:	3501      	adds	r5, #1
 23fba12:	e7f7      	b.n	23fba04 <module_user_init+0x10>
 23fba14:	023fffcc 	.word	0x023fffcc
 23fba18:	023ffff8 	.word	0x023ffff8

023fba1c <module_user_setup>:

/**
 * Export these functions with a fuller name so they don't clash with the setup/loop wrappers in the system module.
 */
void module_user_setup() {
    setup();
 23fba1c:	f000 b872 	b.w	23fbb04 <setup>

023fba20 <module_user_loop>:
}

void module_user_loop() {
 23fba20:	b508      	push	{r3, lr}
    loop();
 23fba22:	f000 f909 	bl	23fbc38 <loop>
    _post_loop();
}
 23fba26:	e8bd 4008 	ldmia.w	sp!, {r3, lr}
    _post_loop();
 23fba2a:	f002 b839 	b.w	23fdaa0 <_post_loop>

023fba2e <_Znwj>:
 * Implement C++ new/delete operators using the heap
 */

void *operator new(size_t size)
{
	return malloc(size);
 23fba2e:	f001 bd8f 	b.w	23fd550 <malloc>

023fba32 <_Znaj>:
 23fba32:	f001 bd8d 	b.w	23fd550 <malloc>

023fba36 <_ZdlPvj>:
	free(p);
}

void operator delete(void *p, size_t size)
{
	free(p);
 23fba36:	f001 bd99 	b.w	23fd56c <free>
	...

023fba3c <__cxa_pure_virtual>:
    return -1;
}

/* Default implementation for call made to pure virtual function. */
void __cxa_pure_virtual() {
  PANIC(PureVirtualCall,"Call on pure virtual");
 23fba3c:	4674      	mov	r4, lr
void __cxa_pure_virtual() {
 23fba3e:	b500      	push	{lr}
 23fba40:	b08d      	sub	sp, #52	; 0x34
  PANIC(PureVirtualCall,"Call on pure virtual");
 23fba42:	222c      	movs	r2, #44	; 0x2c
 23fba44:	2100      	movs	r1, #0
 23fba46:	a801      	add	r0, sp, #4
 23fba48:	f003 f92f 	bl	23fecaa <memset>
 23fba4c:	4b05      	ldr	r3, [pc, #20]	; (23fba64 <__cxa_pure_virtual+0x28>)
 23fba4e:	9404      	str	r4, [sp, #16]
 23fba50:	9301      	str	r3, [sp, #4]
 23fba52:	4b05      	ldr	r3, [pc, #20]	; (23fba68 <__cxa_pure_virtual+0x2c>)
 23fba54:	9302      	str	r3, [sp, #8]
}

__attribute__((always_inline)) static inline uint32_t __get_PC(void) { 
    uint32_t result; 

    asm volatile ("mov %0, pc\n" : "=r" (result) ); 
 23fba56:	467b      	mov	r3, pc
 23fba58:	2100      	movs	r1, #0
 23fba5a:	a801      	add	r0, sp, #4
 23fba5c:	9303      	str	r3, [sp, #12]
 23fba5e:	f001 fc43 	bl	23fd2e8 <panic_ext>
  while (1);
 23fba62:	e7fe      	b.n	23fba62 <__cxa_pure_virtual+0x26>
 23fba64:	000c002c 	.word	0x000c002c
 23fba68:	023fed28 	.word	0x023fed28

023fba6c <__register_exitproc>:
int __cxa_atexit(void (*f)(void *), void *p, void *d) {
    return 0;
}

void __register_exitproc(int type, void (*fn)(void), void* arg, void* d) {
}
 23fba6c:	4770      	bx	lr

023fba6e <_ZN5Print6printfEPKcz>:

    size_t println(const Printable&);
    size_t println(void);
    size_t println(const __FlashStringHelper*);

    size_t printf(const char* format, ...) __attribute__ ((format(printf, 2, 3)))
 23fba6e:	b40e      	push	{r1, r2, r3}
 23fba70:	b503      	push	{r0, r1, lr}
 23fba72:	ab03      	add	r3, sp, #12
 23fba74:	f853 2b04 	ldr.w	r2, [r3], #4
    {
        va_list args;
        va_start(args, format);
        auto r = this->vprintf(false, format, args);
 23fba78:	2100      	movs	r1, #0
        va_start(args, format);
 23fba7a:	9301      	str	r3, [sp, #4]
        auto r = this->vprintf(false, format, args);
 23fba7c:	f001 ff6b 	bl	23fd956 <_ZN5Print7vprintfEbPKcSt9__va_list>
        va_end(args);
        return r;
    }
 23fba80:	b002      	add	sp, #8
 23fba82:	f85d eb04 	ldr.w	lr, [sp], #4
 23fba86:	b003      	add	sp, #12
 23fba88:	4770      	bx	lr
	...

023fba8c <_ZN9TCPClientD1Ev>:
class TCPClient : public Client {

public:
    TCPClient();
    TCPClient(sock_handle_t sock);
    virtual ~TCPClient() {};
 23fba8c:	b538      	push	{r3, r4, r5, lr}
 23fba8e:	4b0b      	ldr	r3, [pc, #44]	; (23fbabc <_ZN9TCPClientD1Ev+0x30>)
      // Does not throw if __r._M_get_use_count() == 0, caller must check.
      explicit __shared_count(const __weak_count<_Lp>& __r, std::nothrow_t);

      ~__shared_count() noexcept
      {
	if (_M_pi != nullptr)
 23fba90:	6984      	ldr	r4, [r0, #24]
 23fba92:	4605      	mov	r5, r0
 23fba94:	6003      	str	r3, [r0, #0]
 23fba96:	b17c      	cbz	r4, 23fbab8 <_ZN9TCPClientD1Ev+0x2c>
      if (--_M_use_count == 0)
 23fba98:	6863      	ldr	r3, [r4, #4]
 23fba9a:	3b01      	subs	r3, #1
 23fba9c:	6063      	str	r3, [r4, #4]
 23fba9e:	b95b      	cbnz	r3, 23fbab8 <_ZN9TCPClientD1Ev+0x2c>
          _M_dispose();
 23fbaa0:	6823      	ldr	r3, [r4, #0]
 23fbaa2:	4620      	mov	r0, r4
 23fbaa4:	689b      	ldr	r3, [r3, #8]
 23fbaa6:	4798      	blx	r3
          if (--_M_weak_count == 0)
 23fbaa8:	68a3      	ldr	r3, [r4, #8]
 23fbaaa:	3b01      	subs	r3, #1
 23fbaac:	60a3      	str	r3, [r4, #8]
 23fbaae:	b91b      	cbnz	r3, 23fbab8 <_ZN9TCPClientD1Ev+0x2c>
            _M_destroy();
 23fbab0:	6823      	ldr	r3, [r4, #0]
 23fbab2:	4620      	mov	r0, r4
 23fbab4:	68db      	ldr	r3, [r3, #12]
 23fbab6:	4798      	blx	r3
 23fbab8:	4628      	mov	r0, r5
 23fbaba:	bd38      	pop	{r3, r4, r5, pc}
 23fbabc:	023ffd64 	.word	0x023ffd64

023fbac0 <_ZN9TCPClientD0Ev>:
 23fbac0:	b510      	push	{r4, lr}
 23fbac2:	4604      	mov	r4, r0
 23fbac4:	f7ff ffe2 	bl	23fba8c <_ZN9TCPClientD1Ev>
 23fbac8:	4620      	mov	r0, r4
 23fbaca:	211c      	movs	r1, #28
 23fbacc:	f7ff ffb3 	bl	23fba36 <_ZdlPvj>
 23fbad0:	4620      	mov	r0, r4
 23fbad2:	bd10      	pop	{r4, pc}

023fbad4 <_Z9pixelFilliii>:
  }
}
}

void pixelFill(int startPixel, int endPixel, int color)
{
 23fbad4:	b5f8      	push	{r3, r4, r5, r6, r7, lr}
 23fbad6:	4604      	mov	r4, r0
  int litPixel;
  pixel.clear();
 23fbad8:	4809      	ldr	r0, [pc, #36]	; (23fbb00 <_Z9pixelFilliii+0x2c>)
{
 23fbada:	460e      	mov	r6, r1
 23fbadc:	4615      	mov	r5, r2
  pixel.clear();
 23fbade:	f000 fbd1 	bl	23fc284 <_ZN17Adafruit_NeoPixel5clearEv>
  for (litPixel = startPixel; litPixel <= endPixel; litPixel++)
  {
    pixel.setPixelColor(litPixel, color);
 23fbae2:	4f07      	ldr	r7, [pc, #28]	; (23fbb00 <_Z9pixelFilliii+0x2c>)
  for (litPixel = startPixel; litPixel <= endPixel; litPixel++)
 23fbae4:	42b4      	cmp	r4, r6
 23fbae6:	dc06      	bgt.n	23fbaf6 <_Z9pixelFilliii+0x22>
    pixel.setPixelColor(litPixel, color);
 23fbae8:	b2a1      	uxth	r1, r4
 23fbaea:	462a      	mov	r2, r5
 23fbaec:	4638      	mov	r0, r7
 23fbaee:	f000 fb5f 	bl	23fc1b0 <_ZN17Adafruit_NeoPixel13setPixelColorEtm>
  for (litPixel = startPixel; litPixel <= endPixel; litPixel++)
 23fbaf2:	3401      	adds	r4, #1
 23fbaf4:	e7f6      	b.n	23fbae4 <_Z9pixelFilliii+0x10>
  }
  pixel.show();
 23fbaf6:	4802      	ldr	r0, [pc, #8]	; (23fbb00 <_Z9pixelFilliii+0x2c>)
}
 23fbaf8:	e8bd 40f8 	ldmia.w	sp!, {r3, r4, r5, r6, r7, lr}
  pixel.show();
 23fbafc:	f000 ba4e 	b.w	23fbf9c <_ZN17Adafruit_NeoPixel4showEv>
 23fbb00:	1007aeec 	.word	0x1007aeec

023fbb04 <setup>:
void setup(){
 23fbb04:	b538      	push	{r3, r4, r5, lr}
Serial.begin(9600);
 23fbb06:	f002 f935 	bl	23fdd74 <_Z16_fetch_usbserialv>
 23fbb0a:	f44f 5116 	mov.w	r1, #9600	; 0x2580
 23fbb0e:	f002 f921 	bl	23fdd54 <_ZN9USBSerial5beginEl>
        HAL_Core_Button_Mirror_Pin_Disable((uint8_t)bootloader, 0, nullptr);
    }

    // This function is similar to the global millis() but returns a 64-bit value
    static uint64_t millis() {
        return hal_timer_millis(nullptr);
 23fbb12:	2000      	movs	r0, #0
 23fbb14:	f001 f948 	bl	23fcda8 <hal_timer_millis>
        while (_while() && !_condition()) {
 23fbb18:	f242 7510 	movw	r5, #10000	; 0x2710
        return hal_timer_millis(nullptr);
 23fbb1c:	4604      	mov	r4, r0
 23fbb1e:	2000      	movs	r0, #0
 23fbb20:	f001 f942 	bl	23fcda8 <hal_timer_millis>
        return waitConditionWhile(_condition, [=]{ return (millis()-start)<timeout; });
 23fbb24:	1b00      	subs	r0, r0, r4
 23fbb26:	f161 0100 	sbc.w	r1, r1, #0
        while (_while() && !_condition()) {
 23fbb2a:	42a8      	cmp	r0, r5
 23fbb2c:	f171 0300 	sbcs.w	r3, r1, #0
 23fbb30:	d207      	bcs.n	23fbb42 <setup+0x3e>
waitFor(Serial.isConnected, 10000);
 23fbb32:	f002 f91f 	bl	23fdd74 <_Z16_fetch_usbserialv>
 23fbb36:	f002 f911 	bl	23fdd5c <_ZN9USBSerial11isConnectedEv>
 23fbb3a:	b910      	cbnz	r0, 23fbb42 <setup+0x3e>
            spark_process();
 23fbb3c:	f001 fcec 	bl	23fd518 <spark_process>
        while (_while() && !_condition()) {
 23fbb40:	e7ed      	b.n	23fbb1e <setup+0x1a>
 23fbb42:	f002 f917 	bl	23fdd74 <_Z16_fetch_usbserialv>
 23fbb46:	f002 f909 	bl	23fdd5c <_ZN9USBSerial11isConnectedEv>
pinMode(LAS, OUTPUT);
 23fbb4a:	2101      	movs	r1, #1
 23fbb4c:	2003      	movs	r0, #3
 23fbb4e:	f002 fe15 	bl	23fe77c <pinMode>
pinMode(PHOTO, INPUT);
 23fbb52:	2100      	movs	r1, #0
 23fbb54:	200b      	movs	r0, #11
 23fbb56:	f002 fe11 	bl	23fe77c <pinMode>
pixel.begin();
 23fbb5a:	4809      	ldr	r0, [pc, #36]	; (23fbb80 <setup+0x7c>)
 23fbb5c:	f000 f9b8 	bl	23fbed0 <_ZN17Adafruit_NeoPixel5beginEv>
pixel.setBrightness(10);
 23fbb60:	210a      	movs	r1, #10
 23fbb62:	4807      	ldr	r0, [pc, #28]	; (23fbb80 <setup+0x7c>)
 23fbb64:	f000 fb67 	bl	23fc236 <_ZN17Adafruit_NeoPixel13setBrightnessEh>
digitalWrite(LAS, HIGH);
 23fbb68:	2101      	movs	r1, #1
 23fbb6a:	2003      	movs	r0, #3
 23fbb6c:	f002 fe17 	bl	23fe79e <digitalWrite>
}
 23fbb70:	e8bd 4038 	ldmia.w	sp!, {r3, r4, r5, lr}
pixelFill(0,PIXELCOUNT,blue);
 23fbb74:	22ff      	movs	r2, #255	; 0xff
 23fbb76:	210c      	movs	r1, #12
 23fbb78:	2000      	movs	r0, #0
 23fbb7a:	f7ff bfab 	b.w	23fbad4 <_Z9pixelFilliii>
 23fbb7e:	bf00      	nop
 23fbb80:	1007aeec 	.word	0x1007aeec

023fbb84 <_Z6wyattPv>:
// display2.drawBitmap(0, 0, closed, F4ZDQK_BMPWIDTH, F4ZDQK_BMPHEIGHT, WHITE);
// display1.display();
// display2.display();
// }

void wyattP(){
 23fbb84:	b538      	push	{r3, r4, r5, lr}
int reading = analogRead(PHOTO);
 23fbb86:	200b      	movs	r0, #11
 23fbb88:	f002 fe35 	bl	23fe7f6 <analogRead>
pixel.clear();
 23fbb8c:	4820      	ldr	r0, [pc, #128]	; (23fbc10 <_Z6wyattPv+0x8c>)
 23fbb8e:	f000 fb79 	bl	23fc284 <_ZN17Adafruit_NeoPixel5clearEv>
reading = analogRead(PHOTO);
 23fbb92:	200b      	movs	r0, #11
 23fbb94:	f002 fe2f 	bl	23fe7f6 <analogRead>
 23fbb98:	4604      	mov	r4, r0

display1.clearDisplay();
display2.clearDisplay();
   
if (reading != prevRead) {
 23fbb9a:	4d1e      	ldr	r5, [pc, #120]	; (23fbc14 <_Z6wyattPv+0x90>)
display1.clearDisplay();
 23fbb9c:	481e      	ldr	r0, [pc, #120]	; (23fbc18 <_Z6wyattPv+0x94>)
 23fbb9e:	f000 fd53 	bl	23fc648 <_ZN16Adafruit_SSD130612clearDisplayEv>
display2.clearDisplay();
 23fbba2:	481e      	ldr	r0, [pc, #120]	; (23fbc1c <_Z6wyattPv+0x98>)
 23fbba4:	f000 fd50 	bl	23fc648 <_ZN16Adafruit_SSD130612clearDisplayEv>
if (reading != prevRead) {
 23fbba8:	682b      	ldr	r3, [r5, #0]
 23fbbaa:	42a3      	cmp	r3, r4
 23fbbac:	d020      	beq.n	23fbbf0 <_Z6wyattPv+0x6c>
  Serial.printf("reading %i\n", reading);
 23fbbae:	f002 f8e1 	bl	23fdd74 <_Z16_fetch_usbserialv>
 23fbbb2:	4622      	mov	r2, r4
 23fbbb4:	491a      	ldr	r1, [pc, #104]	; (23fbc20 <_Z6wyattPv+0x9c>)
 23fbbb6:	f7ff ff5a 	bl	23fba6e <_ZN5Print6printfEPKcz>
  if (reading > 350) {
 23fbbba:	f5b4 7faf 	cmp.w	r4, #350	; 0x15e
 23fbbbe:	dd18      	ble.n	23fbbf2 <_Z6wyattPv+0x6e>
    pixelFill(0,PIXELCOUNT,blue);
 23fbbc0:	22ff      	movs	r2, #255	; 0xff
 23fbbc2:	210c      	movs	r1, #12
 23fbbc4:	2000      	movs	r0, #0
 23fbbc6:	f7ff ff85 	bl	23fbad4 <_Z9pixelFilliii>
    delay(5000);
 23fbbca:	f241 3088 	movw	r0, #5000	; 0x1388
 23fbbce:	f001 ff2f 	bl	23fda30 <delay>
    display1.printf("TIME TO");
 23fbbd2:	4914      	ldr	r1, [pc, #80]	; (23fbc24 <_Z6wyattPv+0xa0>)
 23fbbd4:	4810      	ldr	r0, [pc, #64]	; (23fbc18 <_Z6wyattPv+0x94>)
 23fbbd6:	f7ff ff4a 	bl	23fba6e <_ZN5Print6printfEPKcz>
    display2.printf("GO POTTY!!");
 23fbbda:	4913      	ldr	r1, [pc, #76]	; (23fbc28 <_Z6wyattPv+0xa4>)
  } 
  else {
    pixelFill(0,PIXELCOUNT,yellow);
    delay(2000);
    display1.printf("GOOD JOB");
    display2.printf("WYATT!!");
 23fbbdc:	480f      	ldr	r0, [pc, #60]	; (23fbc1c <_Z6wyattPv+0x98>)
 23fbbde:	f7ff ff46 	bl	23fba6e <_ZN5Print6printfEPKcz>
    display1.display();
 23fbbe2:	480d      	ldr	r0, [pc, #52]	; (23fbc18 <_Z6wyattPv+0x94>)
 23fbbe4:	f000 fda6 	bl	23fc734 <_ZN16Adafruit_SSD13067displayEv>
    display2.display();
 23fbbe8:	480c      	ldr	r0, [pc, #48]	; (23fbc1c <_Z6wyattPv+0x98>)
 23fbbea:	f000 fda3 	bl	23fc734 <_ZN16Adafruit_SSD13067displayEv>
  }
    prevRead = reading;
 23fbbee:	602c      	str	r4, [r5, #0]
}
 23fbbf0:	bd38      	pop	{r3, r4, r5, pc}
    pixelFill(0,PIXELCOUNT,yellow);
 23fbbf2:	210c      	movs	r1, #12
 23fbbf4:	4a0d      	ldr	r2, [pc, #52]	; (23fbc2c <_Z6wyattPv+0xa8>)
 23fbbf6:	2000      	movs	r0, #0
 23fbbf8:	f7ff ff6c 	bl	23fbad4 <_Z9pixelFilliii>
    delay(2000);
 23fbbfc:	f44f 60fa 	mov.w	r0, #2000	; 0x7d0
 23fbc00:	f001 ff16 	bl	23fda30 <delay>
    display1.printf("GOOD JOB");
 23fbc04:	490a      	ldr	r1, [pc, #40]	; (23fbc30 <_Z6wyattPv+0xac>)
 23fbc06:	4804      	ldr	r0, [pc, #16]	; (23fbc18 <_Z6wyattPv+0x94>)
 23fbc08:	f7ff ff31 	bl	23fba6e <_ZN5Print6printfEPKcz>
    display2.printf("WYATT!!");
 23fbc0c:	4909      	ldr	r1, [pc, #36]	; (23fbc34 <_Z6wyattPv+0xb0>)
 23fbc0e:	e7e5      	b.n	23fbbdc <_Z6wyattPv+0x58>
 23fbc10:	1007aeec 	.word	0x1007aeec
 23fbc14:	1007af04 	.word	0x1007af04
 23fbc18:	1007ae94 	.word	0x1007ae94
 23fbc1c:	1007aeb8 	.word	0x1007aeb8
 23fbc20:	023fee11 	.word	0x023fee11
 23fbc24:	023fee1d 	.word	0x023fee1d
 23fbc28:	023fee25 	.word	0x023fee25
 23fbc2c:	00ffff00 	.word	0x00ffff00
 23fbc30:	023fee30 	.word	0x023fee30
 23fbc34:	023fee39 	.word	0x023fee39

023fbc38 <loop>:
void loop() {
 23fbc38:	b57f      	push	{r0, r1, r2, r3, r4, r5, r6, lr}
  count = 1;
 23fbc3a:	2301      	movs	r3, #1
    }

    bool isClicked() {
      bool _buttonState, _clicked;

      _buttonState = digitalRead(_buttonPin);
 23fbc3c:	4d3b      	ldr	r5, [pc, #236]	; (23fbd2c <loop+0xf4>)
 23fbc3e:	4c3c      	ldr	r4, [pc, #240]	; (23fbd30 <loop+0xf8>)
 23fbc40:	8828      	ldrh	r0, [r5, #0]
 23fbc42:	6023      	str	r3, [r4, #0]
 23fbc44:	f002 fdc4 	bl	23fe7d0 <digitalRead>
      if(_pullUp) {
 23fbc48:	7a2b      	ldrb	r3, [r5, #8]
 23fbc4a:	2b00      	cmp	r3, #0
 23fbc4c:	d15f      	bne.n	23fbd0e <loop+0xd6>
      _buttonState = digitalRead(_buttonPin);
 23fbc4e:	3800      	subs	r0, #0
 23fbc50:	bf18      	it	ne
 23fbc52:	2001      	movne	r0, #1
        _buttonState = !_buttonState;
      }
      if(_buttonState != _prevButtonState) {
 23fbc54:	686b      	ldr	r3, [r5, #4]
 23fbc56:	4298      	cmp	r0, r3
 23fbc58:	d066      	beq.n	23fbd28 <loop+0xf0>
        _clicked = _buttonState;
      }
      else {
        _clicked = false;
      }
      _prevButtonState=_buttonState;
 23fbc5a:	6068      	str	r0, [r5, #4]
if (button.isClicked()) {
 23fbc5c:	2800      	cmp	r0, #0
 23fbc5e:	d063      	beq.n	23fbd28 <loop+0xf0>
  count++;
 23fbc60:	6823      	ldr	r3, [r4, #0]
if (count == 3) {
 23fbc62:	2b02      	cmp	r3, #2
  count++;
 23fbc64:	f103 0201 	add.w	r2, r3, #1
  count = 1;
 23fbc68:	bf0a      	itet	eq
 23fbc6a:	2301      	moveq	r3, #1
  count++;
 23fbc6c:	6022      	strne	r2, [r4, #0]
  count = 1;
 23fbc6e:	6023      	streq	r3, [r4, #0]
Serial.printf("%i",count);
 23fbc70:	f002 f880 	bl	23fdd74 <_Z16_fetch_usbserialv>
 23fbc74:	6822      	ldr	r2, [r4, #0]
 23fbc76:	492f      	ldr	r1, [pc, #188]	; (23fbd34 <loop+0xfc>)
 23fbc78:	f7ff fef9 	bl	23fba6e <_ZN5Print6printfEPKcz>
switch (count) {
 23fbc7c:	6823      	ldr	r3, [r4, #0]
 23fbc7e:	2b02      	cmp	r3, #2
 23fbc80:	d049      	beq.n	23fbd16 <loop+0xde>
  digitalWrite(LAS,LOW);
 23fbc82:	2100      	movs	r1, #0
 23fbc84:	2003      	movs	r0, #3
 23fbc86:	f002 fd8a 	bl	23fe79e <digitalWrite>
  display1.clearDisplay();
 23fbc8a:	482b      	ldr	r0, [pc, #172]	; (23fbd38 <loop+0x100>)
 23fbc8c:	f000 fcdc 	bl	23fc648 <_ZN16Adafruit_SSD130612clearDisplayEv>
  display2.clearDisplay();
 23fbc90:	482a      	ldr	r0, [pc, #168]	; (23fbd3c <loop+0x104>)
 23fbc92:	f000 fcd9 	bl	23fc648 <_ZN16Adafruit_SSD130612clearDisplayEv>
  display1.drawBitmap(0, 0, open, FYFX5S_BMPWIDTH, FYFX5S_BMPHEIGHT, WHITE);
 23fbc96:	2540      	movs	r5, #64	; 0x40
 23fbc98:	2601      	movs	r6, #1
 23fbc9a:	2480      	movs	r4, #128	; 0x80
 23fbc9c:	2200      	movs	r2, #0
 23fbc9e:	e9cd 5601 	strd	r5, r6, [sp, #4]
 23fbca2:	4611      	mov	r1, r2
 23fbca4:	4b26      	ldr	r3, [pc, #152]	; (23fbd40 <loop+0x108>)
 23fbca6:	4824      	ldr	r0, [pc, #144]	; (23fbd38 <loop+0x100>)
 23fbca8:	9400      	str	r4, [sp, #0]
 23fbcaa:	f000 fe9f 	bl	23fc9ec <_ZN12Adafruit_GFX10drawBitmapEssPKhsst>
  display2.drawBitmap(0, 0, open, FYFX5S_BMPWIDTH, FYFX5S_BMPHEIGHT, WHITE);
 23fbcae:	2200      	movs	r2, #0
 23fbcb0:	4b23      	ldr	r3, [pc, #140]	; (23fbd40 <loop+0x108>)
 23fbcb2:	4611      	mov	r1, r2
 23fbcb4:	e9cd 5601 	strd	r5, r6, [sp, #4]
 23fbcb8:	4820      	ldr	r0, [pc, #128]	; (23fbd3c <loop+0x104>)
 23fbcba:	9400      	str	r4, [sp, #0]
 23fbcbc:	f000 fe96 	bl	23fc9ec <_ZN12Adafruit_GFX10drawBitmapEssPKhsst>
  display1.display();
 23fbcc0:	481d      	ldr	r0, [pc, #116]	; (23fbd38 <loop+0x100>)
 23fbcc2:	f000 fd37 	bl	23fc734 <_ZN16Adafruit_SSD13067displayEv>
  display2.display();
 23fbcc6:	481d      	ldr	r0, [pc, #116]	; (23fbd3c <loop+0x104>)
 23fbcc8:	f000 fd34 	bl	23fc734 <_ZN16Adafruit_SSD13067displayEv>
  display1.clearDisplay();
 23fbccc:	481a      	ldr	r0, [pc, #104]	; (23fbd38 <loop+0x100>)
 23fbcce:	f000 fcbb 	bl	23fc648 <_ZN16Adafruit_SSD130612clearDisplayEv>
  display2.clearDisplay();
 23fbcd2:	481a      	ldr	r0, [pc, #104]	; (23fbd3c <loop+0x104>)
 23fbcd4:	f000 fcb8 	bl	23fc648 <_ZN16Adafruit_SSD130612clearDisplayEv>
  display1.drawBitmap(0, 0, closed, F4ZDQK_BMPWIDTH, F4ZDQK_BMPHEIGHT, WHITE);
 23fbcd8:	2200      	movs	r2, #0
 23fbcda:	e9cd 5601 	strd	r5, r6, [sp, #4]
 23fbcde:	4611      	mov	r1, r2
 23fbce0:	4b18      	ldr	r3, [pc, #96]	; (23fbd44 <loop+0x10c>)
 23fbce2:	4815      	ldr	r0, [pc, #84]	; (23fbd38 <loop+0x100>)
 23fbce4:	9400      	str	r4, [sp, #0]
 23fbce6:	f000 fe81 	bl	23fc9ec <_ZN12Adafruit_GFX10drawBitmapEssPKhsst>
  display2.drawBitmap(0, 0, closed, F4ZDQK_BMPWIDTH, F4ZDQK_BMPHEIGHT, WHITE);
 23fbcea:	2200      	movs	r2, #0
 23fbcec:	4b15      	ldr	r3, [pc, #84]	; (23fbd44 <loop+0x10c>)
 23fbcee:	4611      	mov	r1, r2
 23fbcf0:	e9cd 5601 	strd	r5, r6, [sp, #4]
 23fbcf4:	4811      	ldr	r0, [pc, #68]	; (23fbd3c <loop+0x104>)
 23fbcf6:	9400      	str	r4, [sp, #0]
 23fbcf8:	f000 fe78 	bl	23fc9ec <_ZN12Adafruit_GFX10drawBitmapEssPKhsst>
  display1.display();
 23fbcfc:	480e      	ldr	r0, [pc, #56]	; (23fbd38 <loop+0x100>)
 23fbcfe:	f000 fd19 	bl	23fc734 <_ZN16Adafruit_SSD13067displayEv>
  display2.display();
 23fbd02:	480e      	ldr	r0, [pc, #56]	; (23fbd3c <loop+0x104>)
}
 23fbd04:	b004      	add	sp, #16
 23fbd06:	e8bd 4070 	ldmia.w	sp!, {r4, r5, r6, lr}
  display2.display();
 23fbd0a:	f000 bd13 	b.w	23fc734 <_ZN16Adafruit_SSD13067displayEv>
        _buttonState = !_buttonState;
 23fbd0e:	fab0 f080 	clz	r0, r0
 23fbd12:	0940      	lsrs	r0, r0, #5
 23fbd14:	e79e      	b.n	23fbc54 <loop+0x1c>
digitalWrite(LAS, HIGH); 
 23fbd16:	2101      	movs	r1, #1
 23fbd18:	2003      	movs	r0, #3
 23fbd1a:	f002 fd40 	bl	23fe79e <digitalWrite>
}
 23fbd1e:	b004      	add	sp, #16
 23fbd20:	e8bd 4070 	ldmia.w	sp!, {r4, r5, r6, lr}
wyattP();
 23fbd24:	f7ff bf2e 	b.w	23fbb84 <_Z6wyattPv>
}
 23fbd28:	b004      	add	sp, #16
 23fbd2a:	bd70      	pop	{r4, r5, r6, pc}
 23fbd2c:	1007ae84 	.word	0x1007ae84
 23fbd30:	1007ae90 	.word	0x1007ae90
 23fbd34:	023fee41 	.word	0x023fee41
 23fbd38:	1007ae94 	.word	0x1007ae94
 23fbd3c:	1007aeb8 	.word	0x1007aeb8
 23fbd40:	023fee44 	.word	0x023fee44
 23fbd44:	023ff244 	.word	0x023ff244

023fbd48 <_GLOBAL__sub_I_hueOn>:
 23fbd48:	b510      	push	{r4, lr}

//  Hue variables
bool hueOn;  // on/off
int hueBri;  // brightness value
long hueHue;  // hue value
String hueCmd;  // Hue command
 23fbd4a:	492b      	ldr	r1, [pc, #172]	; (23fbdf8 <_GLOBAL__sub_I_hueOn+0xb0>)
 23fbd4c:	482b      	ldr	r0, [pc, #172]	; (23fbdfc <_GLOBAL__sub_I_hueOn+0xb4>)
 23fbd4e:	f001 fd91 	bl	23fd874 <_ZN6StringC1EPK19__FlashStringHelper>
              error_(SYSTEM_ERROR_NONE) {
 23fbd52:	2400      	movs	r4, #0
int HueYellow = 10000;
int HueGreen = 22500;
int HueBlue = 45000;
int HueIndigo = 47500;
int HueViolet = 50000;
int HueRainbow[] = {HueRed, HueOrange, HueYellow, HueGreen, HueBlue, HueIndigo, HueViolet};
 23fbd54:	4a2a      	ldr	r2, [pc, #168]	; (23fbe00 <_GLOBAL__sub_I_hueOn+0xb8>)
 23fbd56:	4b2b      	ldr	r3, [pc, #172]	; (23fbe04 <_GLOBAL__sub_I_hueOn+0xbc>)
 23fbd58:	6812      	ldr	r2, [r2, #0]

TCPClient HueClient;
 23fbd5a:	482b      	ldr	r0, [pc, #172]	; (23fbe08 <_GLOBAL__sub_I_hueOn+0xc0>)
int HueRainbow[] = {HueRed, HueOrange, HueYellow, HueGreen, HueBlue, HueIndigo, HueViolet};
 23fbd5c:	601a      	str	r2, [r3, #0]
 23fbd5e:	4a2b      	ldr	r2, [pc, #172]	; (23fbe0c <_GLOBAL__sub_I_hueOn+0xc4>)
 23fbd60:	6812      	ldr	r2, [r2, #0]
 23fbd62:	605a      	str	r2, [r3, #4]
 23fbd64:	4a2a      	ldr	r2, [pc, #168]	; (23fbe10 <_GLOBAL__sub_I_hueOn+0xc8>)
 23fbd66:	6812      	ldr	r2, [r2, #0]
 23fbd68:	609a      	str	r2, [r3, #8]
 23fbd6a:	4a2a      	ldr	r2, [pc, #168]	; (23fbe14 <_GLOBAL__sub_I_hueOn+0xcc>)
 23fbd6c:	6812      	ldr	r2, [r2, #0]
 23fbd6e:	60da      	str	r2, [r3, #12]
 23fbd70:	4a29      	ldr	r2, [pc, #164]	; (23fbe18 <_GLOBAL__sub_I_hueOn+0xd0>)
 23fbd72:	6812      	ldr	r2, [r2, #0]
 23fbd74:	611a      	str	r2, [r3, #16]
 23fbd76:	4a29      	ldr	r2, [pc, #164]	; (23fbe1c <_GLOBAL__sub_I_hueOn+0xd4>)
 23fbd78:	6812      	ldr	r2, [r2, #0]
 23fbd7a:	615a      	str	r2, [r3, #20]
 23fbd7c:	4a28      	ldr	r2, [pc, #160]	; (23fbe20 <_GLOBAL__sub_I_hueOn+0xd8>)
 23fbd7e:	6812      	ldr	r2, [r2, #0]
 23fbd80:	619a      	str	r2, [r3, #24]
TCPClient HueClient;
 23fbd82:	f002 fb8b 	bl	23fe49c <_ZN9TCPClientC1Ev>
 *  Date:     06-FEB-2022
 */

#include "application.h"

TCPClient WemoClient;
 23fbd86:	4827      	ldr	r0, [pc, #156]	; (23fbe24 <_GLOBAL__sub_I_hueOn+0xdc>)
 23fbd88:	f002 fb88 	bl	23fe49c <_ZN9TCPClientC1Ev>
 23fbd8c:	4b26      	ldr	r3, [pc, #152]	; (23fbe28 <_GLOBAL__sub_I_hueOn+0xe0>)
    SleepResult() {}
 23fbd8e:	4a27      	ldr	r2, [pc, #156]	; (23fbe2c <_GLOBAL__sub_I_hueOn+0xe4>)
              error_(SYSTEM_ERROR_NONE) {
 23fbd90:	e9c3 4400 	strd	r4, r4, [r3]
    SleepResult() {}
 23fbd94:	609a      	str	r2, [r3, #8]
        set_system_mode(mode);
 23fbd96:	2002      	movs	r0, #2
 23fbd98:	f001 fab4 	bl	23fd304 <set_system_mode>
SYSTEM_THREAD(ENABLED);
 23fbd9c:	4621      	mov	r1, r4
 23fbd9e:	2001      	movs	r0, #1
 23fbda0:	f001 facc 	bl	23fd33c <system_thread_set_state>
Adafruit_SSD1306 display1(OLED_RESET);
 23fbda4:	f04f 31ff 	mov.w	r1, #4294967295
 23fbda8:	4821      	ldr	r0, [pc, #132]	; (23fbe30 <_GLOBAL__sub_I_hueOn+0xe8>)
 23fbdaa:	f000 fc37 	bl	23fc61c <_ZN16Adafruit_SSD1306C1Ea>
Adafruit_SSD1306 display2(OLED_RESET);
 23fbdae:	f04f 31ff 	mov.w	r1, #4294967295
 23fbdb2:	4820      	ldr	r0, [pc, #128]	; (23fbe34 <_GLOBAL__sub_I_hueOn+0xec>)
 23fbdb4:	f000 fc32 	bl	23fc61c <_ZN16Adafruit_SSD1306C1Ea>

template <hal_spi_interface_t Interface>
class SpiProxy {
public:
    static SPIClass& instance() {
        static SPIClass instance(Interface);
 23fbdb8:	4c1f      	ldr	r4, [pc, #124]	; (23fbe38 <_GLOBAL__sub_I_hueOn+0xf0>)
 23fbdba:	e8d4 3f8f 	ldab	r3, [r4]
 23fbdbe:	07db      	lsls	r3, r3, #31
 23fbdc0:	d40a      	bmi.n	23fbdd8 <_GLOBAL__sub_I_hueOn+0x90>
 23fbdc2:	4620      	mov	r0, r4
 23fbdc4:	f001 fc26 	bl	23fd614 <__cxa_guard_acquire>
 23fbdc8:	b130      	cbz	r0, 23fbdd8 <_GLOBAL__sub_I_hueOn+0x90>
 23fbdca:	2101      	movs	r1, #1
 23fbdcc:	481b      	ldr	r0, [pc, #108]	; (23fbe3c <_GLOBAL__sub_I_hueOn+0xf4>)
 23fbdce:	f001 fc89 	bl	23fd6e4 <_ZN8SPIClassC1E19hal_spi_interface_t>
 23fbdd2:	4620      	mov	r0, r4
 23fbdd4:	f001 fc2c 	bl	23fd630 <__cxa_guard_release>
Adafruit_NeoPixel pixel(PIXELCOUNT, SPI1, WS2812B);
 23fbdd8:	2302      	movs	r3, #2
 23fbdda:	210c      	movs	r1, #12
 23fbddc:	4a17      	ldr	r2, [pc, #92]	; (23fbe3c <_GLOBAL__sub_I_hueOn+0xf4>)
 23fbdde:	4818      	ldr	r0, [pc, #96]	; (23fbe40 <_GLOBAL__sub_I_hueOn+0xf8>)
 23fbde0:	f000 f867 	bl	23fbeb2 <_ZN17Adafruit_NeoPixelC1EtR8SPIClassh>
      _buttonPin = buttonPin;
 23fbde4:	2004      	movs	r0, #4
      _pullUp = pullUp;
 23fbde6:	2200      	movs	r2, #0
      _buttonPin = buttonPin;
 23fbde8:	4b16      	ldr	r3, [pc, #88]	; (23fbe44 <_GLOBAL__sub_I_hueOn+0xfc>)
        pinMode(_buttonPin,INPUT_PULLDOWN);       
 23fbdea:	2103      	movs	r1, #3
      _buttonPin = buttonPin;
 23fbdec:	6018      	str	r0, [r3, #0]
      _pullUp = pullUp;
 23fbdee:	721a      	strb	r2, [r3, #8]
 23fbdf0:	e8bd 4010 	ldmia.w	sp!, {r4, lr}
        pinMode(_buttonPin,INPUT_PULLDOWN);       
 23fbdf4:	f002 bcc2 	b.w	23fe77c <pinMode>
 23fbdf8:	023fed58 	.word	0x023fed58
 23fbdfc:	1007aedc 	.word	0x1007aedc
 23fbe00:	1007ae58 	.word	0x1007ae58
 23fbe04:	1007ae3c 	.word	0x1007ae3c
 23fbe08:	1007ae20 	.word	0x1007ae20
 23fbe0c:	1007a990 	.word	0x1007a990
 23fbe10:	1007a998 	.word	0x1007a998
 23fbe14:	1007a988 	.word	0x1007a988
 23fbe18:	1007a984 	.word	0x1007a984
 23fbe1c:	1007a98c 	.word	0x1007a98c
 23fbe20:	1007a994 	.word	0x1007a994
 23fbe24:	1007ae68 	.word	0x1007ae68
 23fbe28:	1007ae5c 	.word	0x1007ae5c
 23fbe2c:	ffff0000 	.word	0xffff0000
 23fbe30:	1007ae94 	.word	0x1007ae94
 23fbe34:	1007aeb8 	.word	0x1007aeb8
 23fbe38:	1007ae14 	.word	0x1007ae14
 23fbe3c:	1007ae18 	.word	0x1007ae18
 23fbe40:	1007aeec 	.word	0x1007aeec
 23fbe44:	1007ae84 	.word	0x1007ae84

023fbe48 <_ZNK5spark6Logger5errorEPKcz>:
    va_start(args, fmt);
    log(LOG_LEVEL_WARN, fmt, args);
    va_end(args);
}

inline void spark::Logger::error(const char *fmt, ...) const {
 23fbe48:	b40e      	push	{r1, r2, r3}
}

inline void spark::Logger::log(LogLevel level, const char *fmt, va_list args) const {
    LogAttributes attr;
    attr.size = sizeof(LogAttributes);
    attr.flags = 0;
 23fbe4a:	f04f 0c20 	mov.w	ip, #32
 23fbe4e:	2300      	movs	r3, #0
inline void spark::Logger::error(const char *fmt, ...) const {
 23fbe50:	b500      	push	{lr}
 23fbe52:	b08c      	sub	sp, #48	; 0x30
 23fbe54:	aa0d      	add	r2, sp, #52	; 0x34
 23fbe56:	f852 1b04 	ldr.w	r1, [r2], #4
    attr.flags = 0;
 23fbe5a:	e9cd c304 	strd	ip, r3, [sp, #16]
    log_message_v(level, name_, &attr, nullptr, fmt, args);
 23fbe5e:	e9cd 1200 	strd	r1, r2, [sp]
    va_start(args, fmt);
 23fbe62:	9203      	str	r2, [sp, #12]
    log_message_v(level, name_, &attr, nullptr, fmt, args);
 23fbe64:	6801      	ldr	r1, [r0, #0]
 23fbe66:	aa04      	add	r2, sp, #16
 23fbe68:	2032      	movs	r0, #50	; 0x32
 23fbe6a:	f001 fa2f 	bl	23fd2cc <log_message_v>
}
 23fbe6e:	b00c      	add	sp, #48	; 0x30
 23fbe70:	f85d eb04 	ldr.w	lr, [sp], #4
 23fbe74:	b003      	add	sp, #12
 23fbe76:	4770      	bx	lr

023fbe78 <_ZN17Adafruit_NeoPixel12updateLengthEt>:

uint8_t Adafruit_NeoPixel::getType() const {
    return type;
}

void Adafruit_NeoPixel::updateLength(uint16_t n) {
 23fbe78:	b538      	push	{r3, r4, r5, lr}
 23fbe7a:	4604      	mov	r4, r0
  if (pixels) free(pixels); // Free existing data (if any)
 23fbe7c:	68c0      	ldr	r0, [r0, #12]
void Adafruit_NeoPixel::updateLength(uint16_t n) {
 23fbe7e:	460d      	mov	r5, r1
  if (pixels) free(pixels); // Free existing data (if any)
 23fbe80:	b108      	cbz	r0, 23fbe86 <_ZN17Adafruit_NeoPixel12updateLengthEt+0xe>
 23fbe82:	f001 fb73 	bl	23fd56c <free>

  // Allocate new data -- note: ALL PIXELS ARE CLEARED
  numBytes = n * ((type == SK6812RGBW) ? 4 : 3);
 23fbe86:	79a3      	ldrb	r3, [r4, #6]
 23fbe88:	2b06      	cmp	r3, #6
 23fbe8a:	bf0c      	ite	eq
 23fbe8c:	2004      	moveq	r0, #4
 23fbe8e:	2003      	movne	r0, #3
 23fbe90:	fb10 f005 	smulbb	r0, r0, r5
 23fbe94:	b280      	uxth	r0, r0
 23fbe96:	80a0      	strh	r0, [r4, #4]
  if ((pixels = (uint8_t *)malloc(numBytes))) {
 23fbe98:	f001 fb5a 	bl	23fd550 <malloc>
 23fbe9c:	60e0      	str	r0, [r4, #12]
 23fbe9e:	b128      	cbz	r0, 23fbeac <_ZN17Adafruit_NeoPixel12updateLengthEt+0x34>
    memset(pixels, 0, numBytes);
 23fbea0:	2100      	movs	r1, #0
 23fbea2:	88a2      	ldrh	r2, [r4, #4]
 23fbea4:	f002 ff01 	bl	23fecaa <memset>
    numLEDs = n;
 23fbea8:	8065      	strh	r5, [r4, #2]
  } else {
    numLEDs = numBytes = 0;
  }
}
 23fbeaa:	bd38      	pop	{r3, r4, r5, pc}
    numLEDs = numBytes = 0;
 23fbeac:	80a0      	strh	r0, [r4, #4]
 23fbeae:	8060      	strh	r0, [r4, #2]
}
 23fbeb0:	e7fb      	b.n	23fbeaa <_ZN17Adafruit_NeoPixel12updateLengthEt+0x32>

023fbeb2 <_ZN17Adafruit_NeoPixelC1EtR8SPIClassh>:
Adafruit_NeoPixel::Adafruit_NeoPixel(uint16_t n, SPIClass& spi, uint8_t t) :
 23fbeb2:	b570      	push	{r4, r5, r6, lr}
  begun(false), type(t), brightness(0), pixels(NULL), endTime(0)
 23fbeb4:	2500      	movs	r5, #0
Adafruit_NeoPixel::Adafruit_NeoPixel(uint16_t n, SPIClass& spi, uint8_t t) :
 23fbeb6:	4604      	mov	r4, r0
 23fbeb8:	4616      	mov	r6, r2
  begun(false), type(t), brightness(0), pixels(NULL), endTime(0)
 23fbeba:	e9c0 5503 	strd	r5, r5, [r0, #12]
 23fbebe:	7005      	strb	r5, [r0, #0]
 23fbec0:	7183      	strb	r3, [r0, #6]
 23fbec2:	7205      	strb	r5, [r0, #8]
  updateLength(n);
 23fbec4:	f7ff ffd8 	bl	23fbe78 <_ZN17Adafruit_NeoPixel12updateLengthEt>
}
 23fbec8:	4620      	mov	r0, r4
  spi_ = &spi;
 23fbeca:	6166      	str	r6, [r4, #20]
}
 23fbecc:	bd70      	pop	{r4, r5, r6, pc}
	...

023fbed0 <_ZN17Adafruit_NeoPixel5beginEv>:

void Adafruit_NeoPixel::begin(void) {
 23fbed0:	e92d 4ff7 	stmdb	sp!, {r0, r1, r2, r4, r5, r6, r7, r8, r9, sl, fp, lr}
#if (PLATFORM_ID == 32)
  if (getType() == WS2812B) {
 23fbed4:	7983      	ldrb	r3, [r0, #6]
void Adafruit_NeoPixel::begin(void) {
 23fbed6:	4604      	mov	r4, r0
  if (getType() == WS2812B) {
 23fbed8:	2b02      	cmp	r3, #2
 23fbeda:	d14e      	bne.n	23fbf7a <_ZN17Adafruit_NeoPixel5beginEv+0xaa>
  // Prevent copying
  SPIClass(const SPIClass&) = delete;
  SPIClass& operator=(const SPIClass&) = delete;

  hal_spi_interface_t interface() const {
    return _spi;
 23fbedc:	6943      	ldr	r3, [r0, #20]
 23fbede:	781b      	ldrb	r3, [r3, #0]
    if (spi_->interface() >= HAL_PLATFORM_SPI_NUM) {
 23fbee0:	2b01      	cmp	r3, #1
 23fbee2:	d906      	bls.n	23fbef2 <_ZN17Adafruit_NeoPixel5beginEv+0x22>
      Log.error("SPI/SPI1 interface not defined!");
 23fbee4:	4929      	ldr	r1, [pc, #164]	; (23fbf8c <_ZN17Adafruit_NeoPixel5beginEv+0xbc>)
 23fbee6:	482a      	ldr	r0, [pc, #168]	; (23fbf90 <_ZN17Adafruit_NeoPixel5beginEv+0xc0>)
 23fbee8:	f7ff ffae 	bl	23fbe48 <_ZNK5spark6Logger5errorEPKcz>
#else
  pinMode(pin, OUTPUT);
  digitalWrite(pin, LOW);
#endif // #if (PLATFORM_ID == 32)
  begun = true;
}
 23fbeec:	b003      	add	sp, #12
 23fbeee:	e8bd 8ff0 	ldmia.w	sp!, {r4, r5, r6, r7, r8, r9, sl, fp, pc}
      misoPin = MISO1;
 23fbef2:	2b00      	cmp	r3, #0
 23fbef4:	bf0c      	ite	eq
 23fbef6:	f04f 0911 	moveq.w	r9, #17
 23fbefa:	f04f 0904 	movne.w	r9, #4
    PinMode sckPinMode = getPinMode(sckPin);
 23fbefe:	4648      	mov	r0, r9
      misoPin = MISO1;
 23fbf00:	bf0c      	ite	eq
 23fbf02:	2710      	moveq	r7, #16
 23fbf04:	2703      	movne	r7, #3
    PinMode sckPinMode = getPinMode(sckPin);
 23fbf06:	f002 fbf9 	bl	23fe6fc <getPinMode>
 23fbf0a:	4606      	mov	r6, r0
    PinMode misoPinMode = getPinMode(misoPin);
 23fbf0c:	4638      	mov	r0, r7
 23fbf0e:	f002 fbf5 	bl	23fe6fc <getPinMode>
    int sckValue = (sckPinMode == OUTPUT) ? digitalRead(sckPin) : 0;
 23fbf12:	2e01      	cmp	r6, #1
    PinMode misoPinMode = getPinMode(misoPin);
 23fbf14:	4605      	mov	r5, r0
    int sckValue = (sckPinMode == OUTPUT) ? digitalRead(sckPin) : 0;
 23fbf16:	d133      	bne.n	23fbf80 <_ZN17Adafruit_NeoPixel5beginEv+0xb0>
 23fbf18:	4648      	mov	r0, r9
 23fbf1a:	f002 fc59 	bl	23fe7d0 <digitalRead>
 23fbf1e:	4682      	mov	sl, r0
    int misoValue = (misoPinMode == OUTPUT) ? digitalRead(misoPin) : 0;
 23fbf20:	2d01      	cmp	r5, #1
 23fbf22:	d130      	bne.n	23fbf86 <_ZN17Adafruit_NeoPixel5beginEv+0xb6>
 23fbf24:	4638      	mov	r0, r7
 23fbf26:	f002 fc53 	bl	23fe7d0 <digitalRead>
 23fbf2a:	4680      	mov	r8, r0
    spi_config.flags = (uint32_t)HAL_SPI_CONFIG_FLAG_MOSI_ONLY;
 23fbf2c:	f04f 0b01 	mov.w	fp, #1
 23fbf30:	4b18      	ldr	r3, [pc, #96]	; (23fbf94 <_ZN17Adafruit_NeoPixel5beginEv+0xc4>)
 23fbf32:	6960      	ldr	r0, [r4, #20]
 23fbf34:	e9cd 3b00 	strd	r3, fp, [sp]
    hal_spi_begin_ext(spi_->interface(), SPI_MODE_MASTER, PIN_INVALID, &spi_config);
 23fbf38:	22ff      	movs	r2, #255	; 0xff
 23fbf3a:	466b      	mov	r3, sp
 23fbf3c:	2100      	movs	r1, #0
 23fbf3e:	7800      	ldrb	r0, [r0, #0]
 23fbf40:	f001 f90e 	bl	23fd160 <hal_spi_begin_ext>
    spi_->setClockSpeed(3125000); // DVOS 5.7.0 requires setClockSpeed() to be set after begin()
 23fbf44:	465a      	mov	r2, fp
 23fbf46:	4914      	ldr	r1, [pc, #80]	; (23fbf98 <_ZN17Adafruit_NeoPixel5beginEv+0xc8>)
 23fbf48:	6960      	ldr	r0, [r4, #20]
 23fbf4a:	f001 fbf1 	bl	23fd730 <_ZN8SPIClass13setClockSpeedEjj>
    pinMode(sckPin, sckPinMode);
 23fbf4e:	4631      	mov	r1, r6
 23fbf50:	4648      	mov	r0, r9
 23fbf52:	f002 fc13 	bl	23fe77c <pinMode>
    pinMode(misoPin, misoPinMode);
 23fbf56:	4629      	mov	r1, r5
 23fbf58:	4638      	mov	r0, r7
 23fbf5a:	f002 fc0f 	bl	23fe77c <pinMode>
    if (sckPinMode == OUTPUT) {
 23fbf5e:	455e      	cmp	r6, fp
 23fbf60:	d104      	bne.n	23fbf6c <_ZN17Adafruit_NeoPixel5beginEv+0x9c>
      digitalWrite(sckPin, sckValue);
 23fbf62:	4648      	mov	r0, r9
 23fbf64:	fa5f f18a 	uxtb.w	r1, sl
 23fbf68:	f002 fc19 	bl	23fe79e <digitalWrite>
    if (misoPinMode == OUTPUT) {
 23fbf6c:	2d01      	cmp	r5, #1
 23fbf6e:	d104      	bne.n	23fbf7a <_ZN17Adafruit_NeoPixel5beginEv+0xaa>
      digitalWrite(misoPin, misoValue);
 23fbf70:	4638      	mov	r0, r7
 23fbf72:	fa5f f188 	uxtb.w	r1, r8
 23fbf76:	f002 fc12 	bl	23fe79e <digitalWrite>
  begun = true;
 23fbf7a:	2301      	movs	r3, #1
 23fbf7c:	7023      	strb	r3, [r4, #0]
 23fbf7e:	e7b5      	b.n	23fbeec <_ZN17Adafruit_NeoPixel5beginEv+0x1c>
    int sckValue = (sckPinMode == OUTPUT) ? digitalRead(sckPin) : 0;
 23fbf80:	f04f 0a00 	mov.w	sl, #0
 23fbf84:	e7cc      	b.n	23fbf20 <_ZN17Adafruit_NeoPixel5beginEv+0x50>
    int misoValue = (misoPinMode == OUTPUT) ? digitalRead(misoPin) : 0;
 23fbf86:	f04f 0800 	mov.w	r8, #0
 23fbf8a:	e7cf      	b.n	23fbf2c <_ZN17Adafruit_NeoPixel5beginEv+0x5c>
 23fbf8c:	023ff644 	.word	0x023ff644
 23fbf90:	1007af3c 	.word	0x1007af3c
 23fbf94:	000a0008 	.word	0x000a0008
 23fbf98:	002faf08 	.word	0x002faf08

023fbf9c <_ZN17Adafruit_NeoPixel4showEv>:
        digitalWrite(p, LOW);
    }
}

void Adafruit_NeoPixel::show(void) {
  if(!pixels) return;
 23fbf9c:	68c3      	ldr	r3, [r0, #12]
 23fbf9e:	2b00      	cmp	r3, #0
 23fbfa0:	f000 80fc 	beq.w	23fc19c <_ZN17Adafruit_NeoPixel4showEv+0x200>
void Adafruit_NeoPixel::show(void) {
 23fbfa4:	b570      	push	{r4, r5, r6, lr}
    return type;
 23fbfa6:	7983      	ldrb	r3, [r0, #6]
 23fbfa8:	4604      	mov	r4, r0
  }

  __enable_irq();

#elif (PLATFORM_ID == 32)
  if (getType() != WS2812B) { // WS2812 WS2812B and WS2813 supported for P2
 23fbfaa:	2b02      	cmp	r3, #2
void Adafruit_NeoPixel::show(void) {
 23fbfac:	b082      	sub	sp, #8
  if (getType() != WS2812B) { // WS2812 WS2812B and WS2813 supported for P2
 23fbfae:	f040 80ef 	bne.w	23fc190 <_ZN17Adafruit_NeoPixel4showEv+0x1f4>
        resetOff = 20;
      } break;
  }

  constexpr uint8_t numBitsPerBit = 3; // How many SPI bits represent one neopixel bit
  uint32_t spiArraySize = (numBytes * numBitsPerBit) + resetOff + resetOff;
 23fbfb2:	8886      	ldrh	r6, [r0, #4]
 23fbfb4:	eb06 0646 	add.w	r6, r6, r6, lsl #1
 23fbfb8:	36f0      	adds	r6, #240	; 0xf0
  uint8_t* spiArray = NULL;
  spiArray = (uint8_t*) malloc(spiArraySize);
 23fbfba:	4630      	mov	r0, r6
 23fbfbc:	f001 fac8 	bl	23fd550 <malloc>

  if (spiArray == NULL) {
 23fbfc0:	4605      	mov	r5, r0
 23fbfc2:	2800      	cmp	r0, #0
 23fbfc4:	f000 80eb 	beq.w	23fc19e <_ZN17Adafruit_NeoPixel4showEv+0x202>
    Log.error("Not enough memory available!");
    return;
  }

  memset(spiArray, 0, spiArraySize);
 23fbfc8:	4632      	mov	r2, r6
 23fbfca:	2100      	movs	r1, #0
 23fbfcc:	f002 fe6d 	bl	23fecaa <memset>
uint8_t *Adafruit_NeoPixel::getPixels(void) const {
  return pixels;
}

uint16_t Adafruit_NeoPixel::numPixels(void) const {
  return numLEDs;
 23fbfd0:	8862      	ldrh	r2, [r4, #2]
  for (int x = 0; x < numPixels(); x++) {
 23fbfd2:	2a00      	cmp	r2, #0
 23fbfd4:	f000 80c7 	beq.w	23fc166 <_ZN17Adafruit_NeoPixel4showEv+0x1ca>
 23fbfd8:	46ac      	mov	ip, r5
 23fbfda:	eb02 02c2 	add.w	r2, r2, r2, lsl #3
 23fbfde:	68e1      	ldr	r1, [r4, #12]
 23fbfe0:	442a      	add	r2, r5
      spiArray[(x*9)+(s*3)+0+resetOff] = ((0x80 & pixels[(x*3)+s])?(PIX_HI << 5):(PIX_LO << 5)) + ((0x40 & pixels[(x*3)+s])?(PIX_HI << 2):(PIX_LO << 2)) + ((0x20 & pixels[(x*3)+s])?(0b11):(0b10));
 23fbfe2:	f991 3000 	ldrsb.w	r3, [r1]
 23fbfe6:	7808      	ldrb	r0, [r1, #0]
 23fbfe8:	2b00      	cmp	r3, #0
 23fbfea:	bfb5      	itete	lt
 23fbfec:	f04f 0ed0 	movlt.w	lr, #208	; 0xd0
 23fbff0:	f04f 0e90 	movge.w	lr, #144	; 0x90
 23fbff4:	23d8      	movlt	r3, #216	; 0xd8
 23fbff6:	2398      	movge	r3, #152	; 0x98
 23fbff8:	f010 0f40 	tst.w	r0, #64	; 0x40
 23fbffc:	bf08      	it	eq
 23fbffe:	4673      	moveq	r3, lr
 23fc000:	f010 0f20 	tst.w	r0, #32
 23fc004:	bf14      	ite	ne
 23fc006:	2003      	movne	r0, #3
 23fc008:	2002      	moveq	r0, #2
 23fc00a:	4403      	add	r3, r0
 23fc00c:	f88c 3078 	strb.w	r3, [ip, #120]	; 0x78
      spiArray[(x*9)+(s*3)+1+resetOff] = 0 /* bit 7 always 0 */ + ((0x10 & pixels[(x*3)+s])?(PIX_HI << 4):(PIX_LO << 4)) + ((0x08 & pixels[(x*3)+s])?(PIX_HI << 1):(PIX_LO << 1)) + 1 /* bit 0 always 1 */;
 23fc010:	7808      	ldrb	r0, [r1, #0]
  for (int x = 0; x < numPixels(); x++) {
 23fc012:	f10c 0c09 	add.w	ip, ip, #9
      spiArray[(x*9)+(s*3)+1+resetOff] = 0 /* bit 7 always 0 */ + ((0x10 & pixels[(x*3)+s])?(PIX_HI << 4):(PIX_LO << 4)) + ((0x08 & pixels[(x*3)+s])?(PIX_HI << 1):(PIX_LO << 1)) + 1 /* bit 0 always 1 */;
 23fc016:	f000 0310 	and.w	r3, r0, #16
 23fc01a:	2b00      	cmp	r3, #0
 23fc01c:	bf15      	itete	ne
 23fc01e:	f04f 0e69 	movne.w	lr, #105	; 0x69
 23fc022:	f04f 0e49 	moveq.w	lr, #73	; 0x49
 23fc026:	236d      	movne	r3, #109	; 0x6d
 23fc028:	234d      	moveq	r3, #77	; 0x4d
 23fc02a:	f010 0f08 	tst.w	r0, #8
 23fc02e:	bf08      	it	eq
 23fc030:	4673      	moveq	r3, lr
 23fc032:	f88c 3070 	strb.w	r3, [ip, #112]	; 0x70
      spiArray[(x*9)+(s*3)+2+resetOff] = ((0x04 & pixels[(x*3)+s])?(0b10 << 6):(0b00 << 6)) + ((0x02 & pixels[(x*3)+s])?(PIX_HI << 3):(PIX_LO << 3)) + ((0x01 & pixels[(x*3)+s])?(PIX_HI):(PIX_LO));
 23fc036:	780b      	ldrb	r3, [r1, #0]
  for (int x = 0; x < numPixels(); x++) {
 23fc038:	3103      	adds	r1, #3
      spiArray[(x*9)+(s*3)+2+resetOff] = ((0x04 & pixels[(x*3)+s])?(0b10 << 6):(0b00 << 6)) + ((0x02 & pixels[(x*3)+s])?(PIX_HI << 3):(PIX_LO << 3)) + ((0x01 & pixels[(x*3)+s])?(PIX_HI):(PIX_LO));
 23fc03a:	f013 0f02 	tst.w	r3, #2
 23fc03e:	bf14      	ite	ne
 23fc040:	2030      	movne	r0, #48	; 0x30
 23fc042:	2020      	moveq	r0, #32
 23fc044:	f013 0f01 	tst.w	r3, #1
 23fc048:	bf0c      	ite	eq
 23fc04a:	f04f 0e04 	moveq.w	lr, #4
 23fc04e:	f04f 0e06 	movne.w	lr, #6
 23fc052:	015b      	lsls	r3, r3, #5
 23fc054:	f003 0380 	and.w	r3, r3, #128	; 0x80
 23fc058:	4403      	add	r3, r0
 23fc05a:	4473      	add	r3, lr
 23fc05c:	f88c 3071 	strb.w	r3, [ip, #113]	; 0x71
      spiArray[(x*9)+(s*3)+0+resetOff] = ((0x80 & pixels[(x*3)+s])?(PIX_HI << 5):(PIX_LO << 5)) + ((0x40 & pixels[(x*3)+s])?(PIX_HI << 2):(PIX_LO << 2)) + ((0x20 & pixels[(x*3)+s])?(0b11):(0b10));
 23fc060:	f911 0c02 	ldrsb.w	r0, [r1, #-2]
 23fc064:	f811 3c02 	ldrb.w	r3, [r1, #-2]
 23fc068:	2800      	cmp	r0, #0
 23fc06a:	bfb5      	itete	lt
 23fc06c:	f04f 0ed0 	movlt.w	lr, #208	; 0xd0
 23fc070:	f04f 0e90 	movge.w	lr, #144	; 0x90
 23fc074:	20d8      	movlt	r0, #216	; 0xd8
 23fc076:	2098      	movge	r0, #152	; 0x98
 23fc078:	f013 0f40 	tst.w	r3, #64	; 0x40
 23fc07c:	bf08      	it	eq
 23fc07e:	4670      	moveq	r0, lr
 23fc080:	f013 0f20 	tst.w	r3, #32
 23fc084:	bf14      	ite	ne
 23fc086:	2303      	movne	r3, #3
 23fc088:	2302      	moveq	r3, #2
 23fc08a:	4403      	add	r3, r0
 23fc08c:	f88c 3072 	strb.w	r3, [ip, #114]	; 0x72
      spiArray[(x*9)+(s*3)+1+resetOff] = 0 /* bit 7 always 0 */ + ((0x10 & pixels[(x*3)+s])?(PIX_HI << 4):(PIX_LO << 4)) + ((0x08 & pixels[(x*3)+s])?(PIX_HI << 1):(PIX_LO << 1)) + 1 /* bit 0 always 1 */;
 23fc090:	f811 0c02 	ldrb.w	r0, [r1, #-2]
 23fc094:	f000 0310 	and.w	r3, r0, #16
 23fc098:	2b00      	cmp	r3, #0
 23fc09a:	bf15      	itete	ne
 23fc09c:	f04f 0e69 	movne.w	lr, #105	; 0x69
 23fc0a0:	f04f 0e49 	moveq.w	lr, #73	; 0x49
 23fc0a4:	236d      	movne	r3, #109	; 0x6d
 23fc0a6:	234d      	moveq	r3, #77	; 0x4d
 23fc0a8:	f010 0f08 	tst.w	r0, #8
 23fc0ac:	bf08      	it	eq
 23fc0ae:	4673      	moveq	r3, lr
 23fc0b0:	f88c 3073 	strb.w	r3, [ip, #115]	; 0x73
      spiArray[(x*9)+(s*3)+2+resetOff] = ((0x04 & pixels[(x*3)+s])?(0b10 << 6):(0b00 << 6)) + ((0x02 & pixels[(x*3)+s])?(PIX_HI << 3):(PIX_LO << 3)) + ((0x01 & pixels[(x*3)+s])?(PIX_HI):(PIX_LO));
 23fc0b4:	f811 ec02 	ldrb.w	lr, [r1, #-2]
 23fc0b8:	f01e 0f02 	tst.w	lr, #2
 23fc0bc:	bf14      	ite	ne
 23fc0be:	2030      	movne	r0, #48	; 0x30
 23fc0c0:	2020      	moveq	r0, #32
 23fc0c2:	f01e 0f01 	tst.w	lr, #1
 23fc0c6:	bf14      	ite	ne
 23fc0c8:	2306      	movne	r3, #6
 23fc0ca:	2304      	moveq	r3, #4
 23fc0cc:	ea4f 1e4e 	mov.w	lr, lr, lsl #5
 23fc0d0:	f00e 0e80 	and.w	lr, lr, #128	; 0x80
 23fc0d4:	4486      	add	lr, r0
 23fc0d6:	449e      	add	lr, r3
 23fc0d8:	f88c e074 	strb.w	lr, [ip, #116]	; 0x74
      spiArray[(x*9)+(s*3)+0+resetOff] = ((0x80 & pixels[(x*3)+s])?(PIX_HI << 5):(PIX_LO << 5)) + ((0x40 & pixels[(x*3)+s])?(PIX_HI << 2):(PIX_LO << 2)) + ((0x20 & pixels[(x*3)+s])?(0b11):(0b10));
 23fc0dc:	f911 3c01 	ldrsb.w	r3, [r1, #-1]
 23fc0e0:	f811 0c01 	ldrb.w	r0, [r1, #-1]
 23fc0e4:	2b00      	cmp	r3, #0
 23fc0e6:	bfb5      	itete	lt
 23fc0e8:	f04f 0ed0 	movlt.w	lr, #208	; 0xd0
 23fc0ec:	f04f 0e90 	movge.w	lr, #144	; 0x90
 23fc0f0:	23d8      	movlt	r3, #216	; 0xd8
 23fc0f2:	2398      	movge	r3, #152	; 0x98
 23fc0f4:	f010 0f40 	tst.w	r0, #64	; 0x40
 23fc0f8:	bf08      	it	eq
 23fc0fa:	4673      	moveq	r3, lr
 23fc0fc:	f010 0f20 	tst.w	r0, #32
 23fc100:	bf14      	ite	ne
 23fc102:	2003      	movne	r0, #3
 23fc104:	2002      	moveq	r0, #2
 23fc106:	4403      	add	r3, r0
 23fc108:	f88c 3075 	strb.w	r3, [ip, #117]	; 0x75
      spiArray[(x*9)+(s*3)+1+resetOff] = 0 /* bit 7 always 0 */ + ((0x10 & pixels[(x*3)+s])?(PIX_HI << 4):(PIX_LO << 4)) + ((0x08 & pixels[(x*3)+s])?(PIX_HI << 1):(PIX_LO << 1)) + 1 /* bit 0 always 1 */;
 23fc10c:	f811 0c01 	ldrb.w	r0, [r1, #-1]
 23fc110:	f000 0310 	and.w	r3, r0, #16
 23fc114:	2b00      	cmp	r3, #0
 23fc116:	bf15      	itete	ne
 23fc118:	f04f 0e69 	movne.w	lr, #105	; 0x69
 23fc11c:	f04f 0e49 	moveq.w	lr, #73	; 0x49
 23fc120:	236d      	movne	r3, #109	; 0x6d
 23fc122:	234d      	moveq	r3, #77	; 0x4d
 23fc124:	f010 0f08 	tst.w	r0, #8
 23fc128:	bf08      	it	eq
 23fc12a:	4673      	moveq	r3, lr
 23fc12c:	f88c 3076 	strb.w	r3, [ip, #118]	; 0x76
      spiArray[(x*9)+(s*3)+2+resetOff] = ((0x04 & pixels[(x*3)+s])?(0b10 << 6):(0b00 << 6)) + ((0x02 & pixels[(x*3)+s])?(PIX_HI << 3):(PIX_LO << 3)) + ((0x01 & pixels[(x*3)+s])?(PIX_HI):(PIX_LO));
 23fc130:	f811 0c01 	ldrb.w	r0, [r1, #-1]
 23fc134:	f010 0f02 	tst.w	r0, #2
 23fc138:	bf14      	ite	ne
 23fc13a:	f04f 0e30 	movne.w	lr, #48	; 0x30
 23fc13e:	f04f 0e20 	moveq.w	lr, #32
 23fc142:	0143      	lsls	r3, r0, #5
 23fc144:	f003 0380 	and.w	r3, r3, #128	; 0x80
 23fc148:	4473      	add	r3, lr
 23fc14a:	b2db      	uxtb	r3, r3
 23fc14c:	07c0      	lsls	r0, r0, #31
 23fc14e:	f103 0e06 	add.w	lr, r3, #6
 23fc152:	f103 0304 	add.w	r3, r3, #4
 23fc156:	bf4c      	ite	mi
 23fc158:	f88c e077 	strbmi.w	lr, [ip, #119]	; 0x77
 23fc15c:	f88c 3077 	strbpl.w	r3, [ip, #119]	; 0x77
  for (int x = 0; x < numPixels(); x++) {
 23fc160:	4594      	cmp	ip, r2
 23fc162:	f47f af3e 	bne.w	23fbfe2 <_ZN17Adafruit_NeoPixel4showEv+0x46>
  spi_->beginTransaction();
 23fc166:	6960      	ldr	r0, [r4, #20]
 23fc168:	f001 fac6 	bl	23fd6f8 <_ZN8SPIClass16beginTransactionEv>
  spi_->transfer(spiArray, nullptr, spiArraySize, nullptr);
 23fc16c:	2200      	movs	r2, #0
 23fc16e:	4633      	mov	r3, r6
 23fc170:	4629      	mov	r1, r5
 23fc172:	6960      	ldr	r0, [r4, #20]
 23fc174:	9200      	str	r2, [sp, #0]
 23fc176:	f001 fb13 	bl	23fd7a0 <_ZN8SPIClass8transferEPKvPvjPFvvE>
  spi_->endTransaction();
 23fc17a:	6960      	ldr	r0, [r4, #20]
 23fc17c:	f001 fabf 	bl	23fd6fe <_ZN8SPIClass14endTransactionEv>
  free(spiArray);
 23fc180:	4628      	mov	r0, r5
 23fc182:	f001 f9f3 	bl	23fd56c <free>
#ifdef __cplusplus
extern "C" {
#endif

inline system_tick_t millis(void) { return HAL_Timer_Get_Milli_Seconds(); }
inline unsigned long micros(void) { return HAL_Timer_Get_Micro_Seconds(); }
 23fc186:	f000 fdf3 	bl	23fcd70 <HAL_Timer_Get_Micro_Seconds>
  endTime = micros(); // Save EOD time for latch on next call
 23fc18a:	6120      	str	r0, [r4, #16]
}
 23fc18c:	b002      	add	sp, #8
 23fc18e:	bd70      	pop	{r4, r5, r6, pc}
    Log.error("Pixel type not supported!");
 23fc190:	4904      	ldr	r1, [pc, #16]	; (23fc1a4 <_ZN17Adafruit_NeoPixel4showEv+0x208>)
    Log.error("Not enough memory available!");
 23fc192:	4805      	ldr	r0, [pc, #20]	; (23fc1a8 <_ZN17Adafruit_NeoPixel4showEv+0x20c>)
 23fc194:	f7ff fe58 	bl	23fbe48 <_ZNK5spark6Logger5errorEPKcz>
}
 23fc198:	b002      	add	sp, #8
 23fc19a:	bd70      	pop	{r4, r5, r6, pc}
 23fc19c:	4770      	bx	lr
    Log.error("Not enough memory available!");
 23fc19e:	4903      	ldr	r1, [pc, #12]	; (23fc1ac <_ZN17Adafruit_NeoPixel4showEv+0x210>)
 23fc1a0:	e7f7      	b.n	23fc192 <_ZN17Adafruit_NeoPixel4showEv+0x1f6>
 23fc1a2:	bf00      	nop
 23fc1a4:	023ff664 	.word	0x023ff664
 23fc1a8:	1007af3c 	.word	0x1007af3c
 23fc1ac:	023ff680 	.word	0x023ff680

023fc1b0 <_ZN17Adafruit_NeoPixel13setPixelColorEtm>:
  if(n < numLEDs) {
 23fc1b0:	8843      	ldrh	r3, [r0, #2]
void Adafruit_NeoPixel::setPixelColor(uint16_t n, uint32_t c) {
 23fc1b2:	b5f0      	push	{r4, r5, r6, r7, lr}
  if(n < numLEDs) {
 23fc1b4:	428b      	cmp	r3, r1
 23fc1b6:	d92d      	bls.n	23fc214 <_ZN17Adafruit_NeoPixel13setPixelColorEtm+0x64>
    if(brightness) { // See notes in setBrightness()
 23fc1b8:	7a06      	ldrb	r6, [r0, #8]
 23fc1ba:	f3c2 4307 	ubfx	r3, r2, #16, #8
 23fc1be:	f3c2 2407 	ubfx	r4, r2, #8, #8
 23fc1c2:	b2d5      	uxtb	r5, r2
 23fc1c4:	b13e      	cbz	r6, 23fc1d6 <_ZN17Adafruit_NeoPixel13setPixelColorEtm+0x26>
      r = (r * brightness) >> 8;
 23fc1c6:	4373      	muls	r3, r6
      g = (g * brightness) >> 8;
 23fc1c8:	4374      	muls	r4, r6
      b = (b * brightness) >> 8;
 23fc1ca:	4375      	muls	r5, r6
      r = (r * brightness) >> 8;
 23fc1cc:	f3c3 2307 	ubfx	r3, r3, #8, #8
      g = (g * brightness) >> 8;
 23fc1d0:	f3c4 2407 	ubfx	r4, r4, #8, #8
      b = (b * brightness) >> 8;
 23fc1d4:	0a2d      	lsrs	r5, r5, #8
    uint8_t *p = &pixels[n * (type==SK6812RGBW?4:3)];
 23fc1d6:	f890 c006 	ldrb.w	ip, [r0, #6]
 23fc1da:	68c7      	ldr	r7, [r0, #12]
 23fc1dc:	f1bc 0f06 	cmp.w	ip, #6
 23fc1e0:	bf0c      	ite	eq
 23fc1e2:	2604      	moveq	r6, #4
 23fc1e4:	2603      	movne	r6, #3
 23fc1e6:	434e      	muls	r6, r1
 23fc1e8:	f1ac 0c02 	sub.w	ip, ip, #2
 23fc1ec:	19b9      	adds	r1, r7, r6
    switch(type) {
 23fc1ee:	f1bc 0f06 	cmp.w	ip, #6
 23fc1f2:	d81d      	bhi.n	23fc230 <_ZN17Adafruit_NeoPixel13setPixelColorEtm+0x80>
 23fc1f4:	e8df f00c 	tbb	[pc, ip]
 23fc1f8:	04081c04 	.word	0x04081c04
 23fc1fc:	040f      	.short	0x040f
 23fc1fe:	04          	.byte	0x04
 23fc1ff:	00          	.byte	0x00
          *p++ = g;
 23fc200:	55bc      	strb	r4, [r7, r6]
          *p++ = r;
 23fc202:	704b      	strb	r3, [r1, #1]
          *p = b;
 23fc204:	708d      	strb	r5, [r1, #2]
}
 23fc206:	e005      	b.n	23fc214 <_ZN17Adafruit_NeoPixel13setPixelColorEtm+0x64>
          *p++ = r;
 23fc208:	2bfe      	cmp	r3, #254	; 0xfe
 23fc20a:	bf28      	it	cs
 23fc20c:	23fe      	movcs	r3, #254	; 0xfe
 23fc20e:	55bb      	strb	r3, [r7, r6]
          *p++ = b;
 23fc210:	704d      	strb	r5, [r1, #1]
          *p = g;
 23fc212:	708c      	strb	r4, [r1, #2]
}
 23fc214:	bdf0      	pop	{r4, r5, r6, r7, pc}
          *p++ = r;
 23fc216:	55bb      	strb	r3, [r7, r6]
          *p++ = g;
 23fc218:	704c      	strb	r4, [r1, #1]
          *p++ = b;
 23fc21a:	708d      	strb	r5, [r1, #2]
          *p = brightness ? ((w * brightness) >> 8) : w;
 23fc21c:	7a03      	ldrb	r3, [r0, #8]
          uint8_t w = (uint8_t)(c >> 24);
 23fc21e:	0e12      	lsrs	r2, r2, #24
          *p = brightness ? ((w * brightness) >> 8) : w;
 23fc220:	b913      	cbnz	r3, 23fc228 <_ZN17Adafruit_NeoPixel13setPixelColorEtm+0x78>
          uint8_t w = (uint8_t)(c >> 24);
 23fc222:	b2d2      	uxtb	r2, r2
          *p = brightness ? ((w * brightness) >> 8) : w;
 23fc224:	70ca      	strb	r2, [r1, #3]
        } break;
 23fc226:	e7f5      	b.n	23fc214 <_ZN17Adafruit_NeoPixel13setPixelColorEtm+0x64>
          *p = brightness ? ((w * brightness) >> 8) : w;
 23fc228:	435a      	muls	r2, r3
 23fc22a:	f3c2 2207 	ubfx	r2, r2, #8, #8
 23fc22e:	e7f9      	b.n	23fc224 <_ZN17Adafruit_NeoPixel13setPixelColorEtm+0x74>
          *p++ = r;
 23fc230:	55bb      	strb	r3, [r7, r6]
          *p++ = g;
 23fc232:	704c      	strb	r4, [r1, #1]
 23fc234:	e7e6      	b.n	23fc204 <_ZN17Adafruit_NeoPixel13setPixelColorEtm+0x54>

023fc236 <_ZN17Adafruit_NeoPixel13setBrightnessEh>:
  // 8x8-bit multiply and taking the MSB.  'brightness' is a uint8_t,
  // adding 1 here may (intentionally) roll over...so 0 = max brightness
  // (color values are interpreted literally; no scaling), 1 = min
  // brightness (off), 255 = just below max brightness.
  uint8_t newBrightness = b + 1;
  if(newBrightness != brightness) { // Compare against prior value
 23fc236:	7a03      	ldrb	r3, [r0, #8]
  uint8_t newBrightness = b + 1;
 23fc238:	1c4a      	adds	r2, r1, #1
 23fc23a:	b2d2      	uxtb	r2, r2
  if(newBrightness != brightness) { // Compare against prior value
 23fc23c:	4293      	cmp	r3, r2
void Adafruit_NeoPixel::setBrightness(uint8_t b) {
 23fc23e:	b570      	push	{r4, r5, r6, lr}
  if(newBrightness != brightness) { // Compare against prior value
 23fc240:	d01f      	beq.n	23fc282 <_ZN17Adafruit_NeoPixel13setBrightnessEh+0x4c>
    // Brightness has changed -- re-scale existing data in RAM
    uint8_t  c,
            *ptr           = pixels,
             oldBrightness = brightness - 1; // De-wrap old brightness value
 23fc242:	3b01      	subs	r3, #1
    uint16_t scale;
    if(oldBrightness == 0) scale = 0; // Avoid /0
 23fc244:	f013 03ff 	ands.w	r3, r3, #255	; 0xff
            *ptr           = pixels,
 23fc248:	68c4      	ldr	r4, [r0, #12]
    if(oldBrightness == 0) scale = 0; // Avoid /0
 23fc24a:	d00c      	beq.n	23fc266 <_ZN17Adafruit_NeoPixel13setBrightnessEh+0x30>
    else if(b == 255) scale = 65535 / oldBrightness;
 23fc24c:	29ff      	cmp	r1, #255	; 0xff
 23fc24e:	bf0f      	iteee	eq
 23fc250:	f64f 71ff 	movweq	r1, #65535	; 0xffff
    else scale = (((uint16_t)newBrightness << 8) - 1) / oldBrightness;
 23fc254:	0211      	lslne	r1, r2, #8
 23fc256:	f101 31ff 	addne.w	r1, r1, #4294967295
 23fc25a:	fbb1 f3f3 	udivne	r3, r1, r3
    else if(b == 255) scale = 65535 / oldBrightness;
 23fc25e:	bf0c      	ite	eq
 23fc260:	fbb1 f3f3 	udiveq	r3, r1, r3
    else scale = (((uint16_t)newBrightness << 8) - 1) / oldBrightness;
 23fc264:	b29b      	uxthne	r3, r3
            *ptr           = pixels,
 23fc266:	4625      	mov	r5, r4
    for(uint16_t i=0; i<numBytes; i++) {
 23fc268:	8886      	ldrh	r6, [r0, #4]
 23fc26a:	1b29      	subs	r1, r5, r4
 23fc26c:	b289      	uxth	r1, r1
 23fc26e:	428e      	cmp	r6, r1
 23fc270:	d906      	bls.n	23fc280 <_ZN17Adafruit_NeoPixel13setBrightnessEh+0x4a>
      c      = *ptr;
      *ptr++ = (c * scale) >> 8;
 23fc272:	7829      	ldrb	r1, [r5, #0]
 23fc274:	4359      	muls	r1, r3
 23fc276:	f3c1 2107 	ubfx	r1, r1, #8, #8
 23fc27a:	f805 1b01 	strb.w	r1, [r5], #1
    for(uint16_t i=0; i<numBytes; i++) {
 23fc27e:	e7f3      	b.n	23fc268 <_ZN17Adafruit_NeoPixel13setBrightnessEh+0x32>
    }
    brightness = newBrightness;
 23fc280:	7202      	strb	r2, [r0, #8]
  }
}
 23fc282:	bd70      	pop	{r4, r5, r6, pc}

023fc284 <_ZN17Adafruit_NeoPixel5clearEv>:
uint8_t Adafruit_NeoPixel::getBrightness(void) const {
  return brightness - 1;
}

void Adafruit_NeoPixel::clear(void) {
  memset(pixels, 0, numBytes);
 23fc284:	8882      	ldrh	r2, [r0, #4]
 23fc286:	2100      	movs	r1, #0
 23fc288:	68c0      	ldr	r0, [r0, #12]
 23fc28a:	f002 bd0e 	b.w	23fecaa <memset>
	...

023fc290 <_ZN16Adafruit_SSD130613drawFastHLineEssst>:
  } else {
    shiftOut(sid, sclk, MSBFIRST, d);		// SSD1306 specs show MSB out first
  }
}

void Adafruit_SSD1306::drawFastHLine(int16_t x, int16_t y, int16_t w, uint16_t color) {
 23fc290:	b5f0      	push	{r4, r5, r6, r7, lr}
  boolean bSwap = false;
  switch(rotation) { 
 23fc292:	7e45      	ldrb	r5, [r0, #25]
void Adafruit_SSD1306::drawFastHLine(int16_t x, int16_t y, int16_t w, uint16_t color) {
 23fc294:	f8bd 4014 	ldrh.w	r4, [sp, #20]
  switch(rotation) { 
 23fc298:	2d02      	cmp	r5, #2
 23fc29a:	d069      	beq.n	23fc370 <_ZN16Adafruit_SSD130613drawFastHLineEssst+0xe0>
 23fc29c:	2d03      	cmp	r5, #3
 23fc29e:	f000 809b 	beq.w	23fc3d8 <_ZN16Adafruit_SSD130613drawFastHLineEssst+0x148>
 23fc2a2:	2d01      	cmp	r5, #1
 23fc2a4:	d16c      	bne.n	23fc380 <_ZN16Adafruit_SSD130613drawFastHLineEssst+0xf0>
      break;
    case 1:
      // 90 degree rotation, swap x & y for rotation, then invert x
      bSwap = true;
      swap(x, y);
      x = WIDTH - x - 1;
 23fc2a6:	43d2      	mvns	r2, r2
 23fc2a8:	8905      	ldrh	r5, [r0, #8]
 23fc2aa:	442a      	add	r2, r5
 23fc2ac:	b212      	sxth	r2, r2


void Adafruit_SSD1306::drawFastVLineInternal(int16_t x, int16_t __y, int16_t __h, uint16_t color) {

  // do nothing if we're off the left or right side of the screen
  if(x < 0 || x >= WIDTH) { return; }
 23fc2ae:	2a00      	cmp	r2, #0
 23fc2b0:	db5d      	blt.n	23fc36e <_ZN16Adafruit_SSD130613drawFastHLineEssst+0xde>
 23fc2b2:	f9b0 5008 	ldrsh.w	r5, [r0, #8]
 23fc2b6:	4295      	cmp	r5, r2
 23fc2b8:	dd59      	ble.n	23fc36e <_ZN16Adafruit_SSD130613drawFastHLineEssst+0xde>

  // make sure we don't try to draw below 0
  if(__y < 0) { 
 23fc2ba:	2900      	cmp	r1, #0
    // __y is negative, this will subtract enough from __h to account for __y being 0
    __h += __y;
 23fc2bc:	bfbe      	ittt	lt
 23fc2be:	185b      	addlt	r3, r3, r1
    __y = 0;
 23fc2c0:	2100      	movlt	r1, #0
    __h += __y;
 23fc2c2:	b21b      	sxthlt	r3, r3

  } 

  // make sure we don't go past the height of the display
  if( (__y + __h) > HEIGHT) { 
 23fc2c4:	f9b0 000a 	ldrsh.w	r0, [r0, #10]
 23fc2c8:	18cd      	adds	r5, r1, r3
 23fc2ca:	4285      	cmp	r5, r0
    __h = (HEIGHT - __y);
 23fc2cc:	bfc4      	itt	gt
 23fc2ce:	1a43      	subgt	r3, r0, r1
 23fc2d0:	b21b      	sxthgt	r3, r3
  }

  // if our height is now negative, punt 
  if(__h <= 0) { 
 23fc2d2:	2b00      	cmp	r3, #0
 23fc2d4:	dd4b      	ble.n	23fc36e <_ZN16Adafruit_SSD130613drawFastHLineEssst+0xde>
  // set up the pointer for fast movement through the buffer
  register uint8_t *pBuf = buffer;
  // adjust the buffer pointer for the current row
  pBuf += ((y/8) * SSD1306_LCDWIDTH);
  // and offset x columns in
  pBuf += x;
 23fc2d6:	f3c1 00c4 	ubfx	r0, r1, #3, #5
 23fc2da:	f8df c124 	ldr.w	ip, [pc, #292]	; 23fc400 <_ZN16Adafruit_SSD130613drawFastHLineEssst+0x170>
 23fc2de:	eb02 12c0 	add.w	r2, r2, r0, lsl #7

  // do the first partial byte, if necessary - this requires some masking
  register uint8_t mod = (y&7);
  if(mod) {
 23fc2e2:	f011 0107 	ands.w	r1, r1, #7
  register uint8_t h = __h;
 23fc2e6:	b2db      	uxtb	r3, r3
  pBuf += x;
 23fc2e8:	eb0c 0002 	add.w	r0, ip, r2
  if(mod) {
 23fc2ec:	d01a      	beq.n	23fc324 <_ZN16Adafruit_SSD130613drawFastHLineEssst+0x94>
    // mask off the high n bits we want to set 
    mod = 8-mod;
 23fc2ee:	f1c1 0508 	rsb	r5, r1, #8

    // note - lookup table results in a nearly 10% performance improvement in fill* functions
    // register uint8_t mask = ~(0xFF >> (mod));
    static uint8_t premask[8] = {0x00, 0x80, 0xC0, 0xE0, 0xF0, 0xF8, 0xFC, 0xFE };
    register uint8_t mask = premask[mod];
 23fc2f2:	4e41      	ldr	r6, [pc, #260]	; (23fc3f8 <_ZN16Adafruit_SSD130613drawFastHLineEssst+0x168>)
    mod = 8-mod;
 23fc2f4:	b2ed      	uxtb	r5, r5

    // adjust the mask if we're not going to reach the end of this byte
    if( h < mod) { 
 23fc2f6:	42ab      	cmp	r3, r5
    register uint8_t mask = premask[mod];
 23fc2f8:	5d77      	ldrb	r7, [r6, r5]
      mask &= (0XFF >> (mod-h));
 23fc2fa:	bf3f      	itttt	cc
 23fc2fc:	26ff      	movcc	r6, #255	; 0xff
 23fc2fe:	eba5 0e03 	subcc.w	lr, r5, r3
 23fc302:	fa46 f60e 	asrcc.w	r6, r6, lr
 23fc306:	4037      	andcc	r7, r6
    }

    if(color == WHITE) { 
      *pBuf |= mask;
 23fc308:	f81c 6002 	ldrb.w	r6, [ip, r2]
    if(color == WHITE) { 
 23fc30c:	2c01      	cmp	r4, #1
      *pBuf |= mask;
 23fc30e:	bf0c      	ite	eq
 23fc310:	433e      	orreq	r6, r7
    } else {
      *pBuf &= ~mask;
 23fc312:	43be      	bicne	r6, r7
    }

    // fast exit if we're done here!
    if(h<mod) { return; }
 23fc314:	42ab      	cmp	r3, r5
 23fc316:	f80c 6002 	strb.w	r6, [ip, r2]
 23fc31a:	d328      	bcc.n	23fc36e <_ZN16Adafruit_SSD130613drawFastHLineEssst+0xde>

    h -= mod;
 23fc31c:	3908      	subs	r1, #8
 23fc31e:	440b      	add	r3, r1
 23fc320:	b2db      	uxtb	r3, r3

    pBuf += SSD1306_LCDWIDTH;
 23fc322:	3080      	adds	r0, #128	; 0x80
  }


  // write solid bytes while we can - effectively doing 8 rows at a time
  if(h >= 8) { 
 23fc324:	2b07      	cmp	r3, #7
 23fc326:	d919      	bls.n	23fc35c <_ZN16Adafruit_SSD130613drawFastHLineEssst+0xcc>
    // store a local value to work with 
    register uint8_t val = (color == WHITE) ? 255 : 0;
 23fc328:	2c01      	cmp	r4, #1
 23fc32a:	f04f 35ff 	mov.w	r5, #4294967295
 23fc32e:	bf18      	it	ne
 23fc330:	2500      	movne	r5, #0
 23fc332:	461a      	mov	r2, r3
 23fc334:	b2ed      	uxtb	r5, r5
 23fc336:	f100 0180 	add.w	r1, r0, #128	; 0x80

      // adjust the buffer forward 8 rows worth of data
      pBuf += SSD1306_LCDWIDTH;

      // adjust h & y (there's got to be a faster way for me to do this, but this should still help a fair bit for now)
      h -= 8;
 23fc33a:	3a08      	subs	r2, #8
 23fc33c:	b2d2      	uxtb	r2, r2
    } while(h >= 8);
 23fc33e:	2a07      	cmp	r2, #7
      *pBuf = val;
 23fc340:	f801 5c80 	strb.w	r5, [r1, #-128]
    } while(h >= 8);
 23fc344:	f101 0180 	add.w	r1, r1, #128	; 0x80
 23fc348:	d8f7      	bhi.n	23fc33a <_ZN16Adafruit_SSD130613drawFastHLineEssst+0xaa>
      pBuf += SSD1306_LCDWIDTH;
 23fc34a:	f1a3 0208 	sub.w	r2, r3, #8
 23fc34e:	f3c2 02c4 	ubfx	r2, r2, #3, #5
 23fc352:	3201      	adds	r2, #1
 23fc354:	eb00 10c2 	add.w	r0, r0, r2, lsl #7
      h -= 8;
 23fc358:	f003 0307 	and.w	r3, r3, #7
  }

  // now do the final partial byte, if necessary
  if(h) {
 23fc35c:	b13b      	cbz	r3, 23fc36e <_ZN16Adafruit_SSD130613drawFastHLineEssst+0xde>
    mod = h & 7;
    // this time we want to mask the low bits of the byte, vs the high bits we did above
    // register uint8_t mask = (1 << mod) - 1;
    // note - lookup table results in a nearly 10% performance improvement in fill* functions
    static uint8_t postmask[8] = {0x00, 0x01, 0x03, 0x07, 0x0F, 0x1F, 0x3F, 0x7F };
    register uint8_t mask = postmask[mod];
 23fc35e:	4a27      	ldr	r2, [pc, #156]	; (23fc3fc <_ZN16Adafruit_SSD130613drawFastHLineEssst+0x16c>)
    if(color == WHITE) { 
 23fc360:	2c01      	cmp	r4, #1
    register uint8_t mask = postmask[mod];
 23fc362:	5cd2      	ldrb	r2, [r2, r3]
      *pBuf |= mask;
 23fc364:	7803      	ldrb	r3, [r0, #0]
 23fc366:	bf0c      	ite	eq
 23fc368:	4313      	orreq	r3, r2
    } else { 
      *pBuf &= ~mask;
 23fc36a:	4393      	bicne	r3, r2
 23fc36c:	7003      	strb	r3, [r0, #0]
}
 23fc36e:	bdf0      	pop	{r4, r5, r6, r7, pc}
      y = HEIGHT - y - 1;
 23fc370:	43d2      	mvns	r2, r2
 23fc372:	8945      	ldrh	r5, [r0, #10]
 23fc374:	442a      	add	r2, r5
      x -= (w-1);
 23fc376:	18cd      	adds	r5, r1, r3
 23fc378:	8901      	ldrh	r1, [r0, #8]
      y = HEIGHT - y - 1;
 23fc37a:	b212      	sxth	r2, r2
      x -= (w-1);
 23fc37c:	1b49      	subs	r1, r1, r5
 23fc37e:	b209      	sxth	r1, r1
  if(y < 0 || y >= HEIGHT) { return; }
 23fc380:	2a00      	cmp	r2, #0
 23fc382:	dbf4      	blt.n	23fc36e <_ZN16Adafruit_SSD130613drawFastHLineEssst+0xde>
 23fc384:	f9b0 500a 	ldrsh.w	r5, [r0, #10]
 23fc388:	4295      	cmp	r5, r2
 23fc38a:	ddf0      	ble.n	23fc36e <_ZN16Adafruit_SSD130613drawFastHLineEssst+0xde>
  if(x < 0) { 
 23fc38c:	2900      	cmp	r1, #0
    w += x;
 23fc38e:	bfbe      	ittt	lt
 23fc390:	185b      	addlt	r3, r3, r1
    x = 0;
 23fc392:	2100      	movlt	r1, #0
    w += x;
 23fc394:	b21b      	sxthlt	r3, r3
  if( (x + w) > WIDTH) { 
 23fc396:	f9b0 7008 	ldrsh.w	r7, [r0, #8]
 23fc39a:	18ce      	adds	r6, r1, r3
 23fc39c:	42be      	cmp	r6, r7
    w = (HEIGHT- x);
 23fc39e:	bfc4      	itt	gt
 23fc3a0:	1a6b      	subgt	r3, r5, r1
 23fc3a2:	b21b      	sxthgt	r3, r3
  if(w <= 0) { return; }
 23fc3a4:	2b00      	cmp	r3, #0
 23fc3a6:	dde2      	ble.n	23fc36e <_ZN16Adafruit_SSD130613drawFastHLineEssst+0xde>
  pBuf += x;
 23fc3a8:	2580      	movs	r5, #128	; 0x80
  pBuf += ((y/8) * SSD1306_LCDWIDTH);
 23fc3aa:	10d0      	asrs	r0, r2, #3
  pBuf += x;
 23fc3ac:	fb10 1105 	smlabb	r1, r0, r5, r1
 23fc3b0:	4813      	ldr	r0, [pc, #76]	; (23fc400 <_ZN16Adafruit_SSD130613drawFastHLineEssst+0x170>)
  if(color == WHITE) { 
 23fc3b2:	2c01      	cmp	r4, #1
  pBuf += x;
 23fc3b4:	4401      	add	r1, r0
  register uint8_t mask = 1 << (y&7);
 23fc3b6:	f002 0007 	and.w	r0, r2, #7
 23fc3ba:	f04f 0201 	mov.w	r2, #1
 23fc3be:	fa02 f200 	lsl.w	r2, r2, r0
 23fc3c2:	b2d2      	uxtb	r2, r2
  if(color == WHITE) { 
 23fc3c4:	440b      	add	r3, r1
 23fc3c6:	d10c      	bne.n	23fc3e2 <_ZN16Adafruit_SSD130613drawFastHLineEssst+0x152>
    while(w--) { *pBuf++ |= mask; }
 23fc3c8:	428b      	cmp	r3, r1
 23fc3ca:	d0d0      	beq.n	23fc36e <_ZN16Adafruit_SSD130613drawFastHLineEssst+0xde>
 23fc3cc:	f811 0b01 	ldrb.w	r0, [r1], #1
 23fc3d0:	4310      	orrs	r0, r2
 23fc3d2:	f801 0c01 	strb.w	r0, [r1, #-1]
 23fc3d6:	e7f7      	b.n	23fc3c8 <_ZN16Adafruit_SSD130613drawFastHLineEssst+0x138>
      y -= (w-1);
 23fc3d8:	18cd      	adds	r5, r1, r3
 23fc3da:	8941      	ldrh	r1, [r0, #10]
 23fc3dc:	1b49      	subs	r1, r1, r5
 23fc3de:	b209      	sxth	r1, r1
      break;
 23fc3e0:	e765      	b.n	23fc2ae <_ZN16Adafruit_SSD130613drawFastHLineEssst+0x1e>
    mask = ~mask;
 23fc3e2:	43d2      	mvns	r2, r2
 23fc3e4:	b2d2      	uxtb	r2, r2
    while(w--) { *pBuf++ &= mask; }
 23fc3e6:	428b      	cmp	r3, r1
 23fc3e8:	d0c1      	beq.n	23fc36e <_ZN16Adafruit_SSD130613drawFastHLineEssst+0xde>
 23fc3ea:	f811 0b01 	ldrb.w	r0, [r1], #1
 23fc3ee:	4010      	ands	r0, r2
 23fc3f0:	f801 0c01 	strb.w	r0, [r1, #-1]
 23fc3f4:	e7f7      	b.n	23fc3e6 <_ZN16Adafruit_SSD130613drawFastHLineEssst+0x156>
 23fc3f6:	bf00      	nop
 23fc3f8:	1007a9a4 	.word	0x1007a9a4
 23fc3fc:	1007a99c 	.word	0x1007a99c
 23fc400:	1007a9ac 	.word	0x1007a9ac

023fc404 <_ZN16Adafruit_SSD130613drawFastVLineEssst>:
void Adafruit_SSD1306::drawFastVLine(int16_t x, int16_t y, int16_t h, uint16_t color) {
 23fc404:	b5f0      	push	{r4, r5, r6, r7, lr}
  switch(rotation) { 
 23fc406:	7e45      	ldrb	r5, [r0, #25]
void Adafruit_SSD1306::drawFastVLine(int16_t x, int16_t y, int16_t h, uint16_t color) {
 23fc408:	f8bd 4014 	ldrh.w	r4, [sp, #20]
  switch(rotation) { 
 23fc40c:	2d02      	cmp	r5, #2
 23fc40e:	d036      	beq.n	23fc47e <_ZN16Adafruit_SSD130613drawFastVLineEssst+0x7a>
 23fc410:	2d03      	cmp	r5, #3
 23fc412:	f000 809d 	beq.w	23fc550 <_ZN16Adafruit_SSD130613drawFastVLineEssst+0x14c>
 23fc416:	2d01      	cmp	r5, #1
 23fc418:	d139      	bne.n	23fc48e <_ZN16Adafruit_SSD130613drawFastVLineEssst+0x8a>
      x -= (h-1);
 23fc41a:	18d5      	adds	r5, r2, r3
 23fc41c:	8902      	ldrh	r2, [r0, #8]
 23fc41e:	1b52      	subs	r2, r2, r5
 23fc420:	b212      	sxth	r2, r2
  if(y < 0 || y >= HEIGHT) { return; }
 23fc422:	2900      	cmp	r1, #0
 23fc424:	f2c0 8093 	blt.w	23fc54e <_ZN16Adafruit_SSD130613drawFastVLineEssst+0x14a>
 23fc428:	f9b0 500a 	ldrsh.w	r5, [r0, #10]
 23fc42c:	428d      	cmp	r5, r1
 23fc42e:	f340 808e 	ble.w	23fc54e <_ZN16Adafruit_SSD130613drawFastVLineEssst+0x14a>
  if(x < 0) { 
 23fc432:	2a00      	cmp	r2, #0
    w += x;
 23fc434:	bfbe      	ittt	lt
 23fc436:	189b      	addlt	r3, r3, r2
    x = 0;
 23fc438:	2200      	movlt	r2, #0
    w += x;
 23fc43a:	b21b      	sxthlt	r3, r3
  if( (x + w) > WIDTH) { 
 23fc43c:	f9b0 7008 	ldrsh.w	r7, [r0, #8]
 23fc440:	18d6      	adds	r6, r2, r3
 23fc442:	42be      	cmp	r6, r7
    w = (HEIGHT- x);
 23fc444:	bfc4      	itt	gt
 23fc446:	1aab      	subgt	r3, r5, r2
 23fc448:	b21b      	sxthgt	r3, r3
  if(w <= 0) { return; }
 23fc44a:	2b00      	cmp	r3, #0
 23fc44c:	dd7f      	ble.n	23fc54e <_ZN16Adafruit_SSD130613drawFastVLineEssst+0x14a>
  pBuf += x;
 23fc44e:	2580      	movs	r5, #128	; 0x80
  pBuf += ((y/8) * SSD1306_LCDWIDTH);
 23fc450:	10c8      	asrs	r0, r1, #3
  pBuf += x;
 23fc452:	fb10 2205 	smlabb	r2, r0, r5, r2
 23fc456:	4846      	ldr	r0, [pc, #280]	; (23fc570 <_ZN16Adafruit_SSD130613drawFastVLineEssst+0x16c>)
  if(color == WHITE) { 
 23fc458:	2c01      	cmp	r4, #1
  pBuf += x;
 23fc45a:	4402      	add	r2, r0
  register uint8_t mask = 1 << (y&7);
 23fc45c:	f001 0007 	and.w	r0, r1, #7
 23fc460:	f04f 0101 	mov.w	r1, #1
 23fc464:	fa01 f100 	lsl.w	r1, r1, r0
 23fc468:	b2c9      	uxtb	r1, r1
  if(color == WHITE) { 
 23fc46a:	4413      	add	r3, r2
 23fc46c:	d175      	bne.n	23fc55a <_ZN16Adafruit_SSD130613drawFastVLineEssst+0x156>
    while(w--) { *pBuf++ |= mask; }
 23fc46e:	429a      	cmp	r2, r3
 23fc470:	d06d      	beq.n	23fc54e <_ZN16Adafruit_SSD130613drawFastVLineEssst+0x14a>
 23fc472:	f812 0b01 	ldrb.w	r0, [r2], #1
 23fc476:	4308      	orrs	r0, r1
 23fc478:	f802 0c01 	strb.w	r0, [r2, #-1]
 23fc47c:	e7f7      	b.n	23fc46e <_ZN16Adafruit_SSD130613drawFastVLineEssst+0x6a>
      x = WIDTH - x - 1;
 23fc47e:	43c9      	mvns	r1, r1
 23fc480:	8905      	ldrh	r5, [r0, #8]
 23fc482:	4429      	add	r1, r5
      y -= (h-1);
 23fc484:	18d5      	adds	r5, r2, r3
 23fc486:	8942      	ldrh	r2, [r0, #10]
      x = WIDTH - x - 1;
 23fc488:	b209      	sxth	r1, r1
      y -= (h-1);
 23fc48a:	1b52      	subs	r2, r2, r5
 23fc48c:	b212      	sxth	r2, r2
  if(x < 0 || x >= WIDTH) { return; }
 23fc48e:	2900      	cmp	r1, #0
 23fc490:	db5d      	blt.n	23fc54e <_ZN16Adafruit_SSD130613drawFastVLineEssst+0x14a>
 23fc492:	f9b0 5008 	ldrsh.w	r5, [r0, #8]
 23fc496:	428d      	cmp	r5, r1
 23fc498:	dd59      	ble.n	23fc54e <_ZN16Adafruit_SSD130613drawFastVLineEssst+0x14a>
  if(__y < 0) { 
 23fc49a:	2a00      	cmp	r2, #0
    __h += __y;
 23fc49c:	bfbe      	ittt	lt
 23fc49e:	189b      	addlt	r3, r3, r2
    __y = 0;
 23fc4a0:	2200      	movlt	r2, #0
    __h += __y;
 23fc4a2:	b21b      	sxthlt	r3, r3
  if( (__y + __h) > HEIGHT) { 
 23fc4a4:	f9b0 000a 	ldrsh.w	r0, [r0, #10]
 23fc4a8:	18d5      	adds	r5, r2, r3
 23fc4aa:	4285      	cmp	r5, r0
    __h = (HEIGHT - __y);
 23fc4ac:	bfc4      	itt	gt
 23fc4ae:	1a83      	subgt	r3, r0, r2
 23fc4b0:	b21b      	sxthgt	r3, r3
  if(__h <= 0) { 
 23fc4b2:	2b00      	cmp	r3, #0
 23fc4b4:	dd4b      	ble.n	23fc54e <_ZN16Adafruit_SSD130613drawFastVLineEssst+0x14a>
  pBuf += x;
 23fc4b6:	f3c2 00c4 	ubfx	r0, r2, #3, #5
 23fc4ba:	f8df c0b4 	ldr.w	ip, [pc, #180]	; 23fc570 <_ZN16Adafruit_SSD130613drawFastVLineEssst+0x16c>
 23fc4be:	eb01 11c0 	add.w	r1, r1, r0, lsl #7
  if(mod) {
 23fc4c2:	f012 0207 	ands.w	r2, r2, #7
  register uint8_t h = __h;
 23fc4c6:	b2db      	uxtb	r3, r3
  pBuf += x;
 23fc4c8:	eb0c 0001 	add.w	r0, ip, r1
  if(mod) {
 23fc4cc:	d01a      	beq.n	23fc504 <_ZN16Adafruit_SSD130613drawFastVLineEssst+0x100>
    mod = 8-mod;
 23fc4ce:	f1c2 0508 	rsb	r5, r2, #8
    register uint8_t mask = premask[mod];
 23fc4d2:	4e28      	ldr	r6, [pc, #160]	; (23fc574 <_ZN16Adafruit_SSD130613drawFastVLineEssst+0x170>)
    mod = 8-mod;
 23fc4d4:	b2ed      	uxtb	r5, r5
    if( h < mod) { 
 23fc4d6:	42ab      	cmp	r3, r5
    register uint8_t mask = premask[mod];
 23fc4d8:	5d77      	ldrb	r7, [r6, r5]
      mask &= (0XFF >> (mod-h));
 23fc4da:	bf3f      	itttt	cc
 23fc4dc:	26ff      	movcc	r6, #255	; 0xff
 23fc4de:	eba5 0e03 	subcc.w	lr, r5, r3
 23fc4e2:	fa46 f60e 	asrcc.w	r6, r6, lr
 23fc4e6:	4037      	andcc	r7, r6
      *pBuf |= mask;
 23fc4e8:	f81c 6001 	ldrb.w	r6, [ip, r1]
    if(color == WHITE) { 
 23fc4ec:	2c01      	cmp	r4, #1
      *pBuf |= mask;
 23fc4ee:	bf0c      	ite	eq
 23fc4f0:	433e      	orreq	r6, r7
      *pBuf &= ~mask;
 23fc4f2:	43be      	bicne	r6, r7
    if(h<mod) { return; }
 23fc4f4:	42ab      	cmp	r3, r5
 23fc4f6:	f80c 6001 	strb.w	r6, [ip, r1]
 23fc4fa:	d328      	bcc.n	23fc54e <_ZN16Adafruit_SSD130613drawFastVLineEssst+0x14a>
    h -= mod;
 23fc4fc:	3a08      	subs	r2, #8
 23fc4fe:	4413      	add	r3, r2
 23fc500:	b2db      	uxtb	r3, r3
    pBuf += SSD1306_LCDWIDTH;
 23fc502:	3080      	adds	r0, #128	; 0x80
  if(h >= 8) { 
 23fc504:	2b07      	cmp	r3, #7
 23fc506:	d919      	bls.n	23fc53c <_ZN16Adafruit_SSD130613drawFastVLineEssst+0x138>
    register uint8_t val = (color == WHITE) ? 255 : 0;
 23fc508:	2c01      	cmp	r4, #1
 23fc50a:	f04f 35ff 	mov.w	r5, #4294967295
 23fc50e:	bf18      	it	ne
 23fc510:	2500      	movne	r5, #0
 23fc512:	461a      	mov	r2, r3
 23fc514:	b2ed      	uxtb	r5, r5
 23fc516:	f100 0180 	add.w	r1, r0, #128	; 0x80
      h -= 8;
 23fc51a:	3a08      	subs	r2, #8
 23fc51c:	b2d2      	uxtb	r2, r2
    } while(h >= 8);
 23fc51e:	2a07      	cmp	r2, #7
      *pBuf = val;
 23fc520:	f801 5c80 	strb.w	r5, [r1, #-128]
    } while(h >= 8);
 23fc524:	f101 0180 	add.w	r1, r1, #128	; 0x80
 23fc528:	d8f7      	bhi.n	23fc51a <_ZN16Adafruit_SSD130613drawFastVLineEssst+0x116>
      pBuf += SSD1306_LCDWIDTH;
 23fc52a:	f1a3 0208 	sub.w	r2, r3, #8
 23fc52e:	f3c2 02c4 	ubfx	r2, r2, #3, #5
 23fc532:	3201      	adds	r2, #1
 23fc534:	eb00 10c2 	add.w	r0, r0, r2, lsl #7
      h -= 8;
 23fc538:	f003 0307 	and.w	r3, r3, #7
  if(h) {
 23fc53c:	b13b      	cbz	r3, 23fc54e <_ZN16Adafruit_SSD130613drawFastVLineEssst+0x14a>
    register uint8_t mask = postmask[mod];
 23fc53e:	4a0e      	ldr	r2, [pc, #56]	; (23fc578 <_ZN16Adafruit_SSD130613drawFastVLineEssst+0x174>)
    if(color == WHITE) { 
 23fc540:	2c01      	cmp	r4, #1
    register uint8_t mask = postmask[mod];
 23fc542:	5cd2      	ldrb	r2, [r2, r3]
      *pBuf |= mask;
 23fc544:	7803      	ldrb	r3, [r0, #0]
 23fc546:	bf0c      	ite	eq
 23fc548:	4313      	orreq	r3, r2
      *pBuf &= ~mask;
 23fc54a:	4393      	bicne	r3, r2
 23fc54c:	7003      	strb	r3, [r0, #0]
}
 23fc54e:	bdf0      	pop	{r4, r5, r6, r7, pc}
      y = HEIGHT - y - 1;
 23fc550:	43c9      	mvns	r1, r1
 23fc552:	8945      	ldrh	r5, [r0, #10]
 23fc554:	4429      	add	r1, r5
 23fc556:	b209      	sxth	r1, r1
      break;
 23fc558:	e763      	b.n	23fc422 <_ZN16Adafruit_SSD130613drawFastVLineEssst+0x1e>
    mask = ~mask;
 23fc55a:	43c9      	mvns	r1, r1
 23fc55c:	b2c9      	uxtb	r1, r1
    while(w--) { *pBuf++ &= mask; }
 23fc55e:	429a      	cmp	r2, r3
 23fc560:	d0f5      	beq.n	23fc54e <_ZN16Adafruit_SSD130613drawFastVLineEssst+0x14a>
 23fc562:	f812 0b01 	ldrb.w	r0, [r2], #1
 23fc566:	4008      	ands	r0, r1
 23fc568:	f802 0c01 	strb.w	r0, [r2, #-1]
 23fc56c:	e7f7      	b.n	23fc55e <_ZN16Adafruit_SSD130613drawFastVLineEssst+0x15a>
 23fc56e:	bf00      	nop
 23fc570:	1007a9ac 	.word	0x1007a9ac
 23fc574:	1007a9a4 	.word	0x1007a9a4
 23fc578:	1007a99c 	.word	0x1007a99c

023fc57c <_ZN16Adafruit_SSD1306D1Ev>:
#define SSD1306_RIGHT_HORIZONTAL_SCROLL 0x26
#define SSD1306_LEFT_HORIZONTAL_SCROLL 0x27
#define SSD1306_VERTICAL_AND_RIGHT_HORIZONTAL_SCROLL 0x29
#define SSD1306_VERTICAL_AND_LEFT_HORIZONTAL_SCROLL 0x2A

class Adafruit_SSD1306 : public Adafruit_GFX {
 23fc57c:	4770      	bx	lr
	...

023fc580 <_ZN16Adafruit_SSD13069drawPixelEsst>:
void Adafruit_SSD1306::drawPixel(int16_t x, int16_t y, uint16_t color) {
 23fc580:	b5f8      	push	{r3, r4, r5, r6, r7, lr}
  if ((x < 0) || (x >= width()) || (y < 0) || (y >= height()))
 23fc582:	1e0d      	subs	r5, r1, #0
void Adafruit_SSD1306::drawPixel(int16_t x, int16_t y, uint16_t color) {
 23fc584:	4606      	mov	r6, r0
 23fc586:	4614      	mov	r4, r2
 23fc588:	461f      	mov	r7, r3
  if ((x < 0) || (x >= width()) || (y < 0) || (y >= height()))
 23fc58a:	db2d      	blt.n	23fc5e8 <_ZN16Adafruit_SSD13069drawPixelEsst+0x68>
 23fc58c:	f000 fb34 	bl	23fcbf8 <_ZN12Adafruit_GFX5widthEv>
 23fc590:	42a8      	cmp	r0, r5
 23fc592:	dd29      	ble.n	23fc5e8 <_ZN16Adafruit_SSD13069drawPixelEsst+0x68>
 23fc594:	2c00      	cmp	r4, #0
 23fc596:	db27      	blt.n	23fc5e8 <_ZN16Adafruit_SSD13069drawPixelEsst+0x68>
 23fc598:	4630      	mov	r0, r6
 23fc59a:	f000 fb30 	bl	23fcbfe <_ZN12Adafruit_GFX6heightEv>
 23fc59e:	42a0      	cmp	r0, r4
 23fc5a0:	dd22      	ble.n	23fc5e8 <_ZN16Adafruit_SSD13069drawPixelEsst+0x68>
  switch (getRotation()) {
 23fc5a2:	4630      	mov	r0, r6
 23fc5a4:	f000 fb26 	bl	23fcbf4 <_ZN12Adafruit_GFX11getRotationEv>
 23fc5a8:	2802      	cmp	r0, #2
 23fc5aa:	d01e      	beq.n	23fc5ea <_ZN16Adafruit_SSD13069drawPixelEsst+0x6a>
 23fc5ac:	2803      	cmp	r0, #3
 23fc5ae:	d025      	beq.n	23fc5fc <_ZN16Adafruit_SSD13069drawPixelEsst+0x7c>
 23fc5b0:	2801      	cmp	r0, #1
 23fc5b2:	d104      	bne.n	23fc5be <_ZN16Adafruit_SSD13069drawPixelEsst+0x3e>
    x = WIDTH - x - 1;
 23fc5b4:	43e2      	mvns	r2, r4
 23fc5b6:	8933      	ldrh	r3, [r6, #8]
    break;
 23fc5b8:	462c      	mov	r4, r5
    x = WIDTH - x - 1;
 23fc5ba:	441a      	add	r2, r3
 23fc5bc:	b215      	sxth	r5, r2
    buffer[x+ (y/8)*SSD1306_LCDWIDTH] |= (1 << (y&7));  
 23fc5be:	4622      	mov	r2, r4
 23fc5c0:	2180      	movs	r1, #128	; 0x80
 23fc5c2:	2c00      	cmp	r4, #0
 23fc5c4:	bfb8      	it	lt
 23fc5c6:	1de2      	addlt	r2, r4, #7
 23fc5c8:	10d2      	asrs	r2, r2, #3
 23fc5ca:	fb12 5501 	smlabb	r5, r2, r1, r5
 23fc5ce:	2201      	movs	r2, #1
 23fc5d0:	490d      	ldr	r1, [pc, #52]	; (23fc608 <_ZN16Adafruit_SSD13069drawPixelEsst+0x88>)
 23fc5d2:	f004 0407 	and.w	r4, r4, #7
 23fc5d6:	574b      	ldrsb	r3, [r1, r5]
 23fc5d8:	fa02 f404 	lsl.w	r4, r2, r4
 23fc5dc:	b264      	sxtb	r4, r4
  if (color == WHITE) 
 23fc5de:	4297      	cmp	r7, r2
    buffer[x+ (y/8)*SSD1306_LCDWIDTH] |= (1 << (y&7));  
 23fc5e0:	bf0c      	ite	eq
 23fc5e2:	4323      	orreq	r3, r4
    buffer[x+ (y/8)*SSD1306_LCDWIDTH] &= ~(1 << (y&7)); 
 23fc5e4:	43a3      	bicne	r3, r4
 23fc5e6:	554b      	strb	r3, [r1, r5]
}
 23fc5e8:	bdf8      	pop	{r3, r4, r5, r6, r7, pc}
    y = HEIGHT - y - 1;
 23fc5ea:	43e4      	mvns	r4, r4
    x = WIDTH - x - 1;
 23fc5ec:	8931      	ldrh	r1, [r6, #8]
    y = HEIGHT - y - 1;
 23fc5ee:	8972      	ldrh	r2, [r6, #10]
    x = WIDTH - x - 1;
 23fc5f0:	3901      	subs	r1, #1
 23fc5f2:	1b4d      	subs	r5, r1, r5
    y = HEIGHT - y - 1;
 23fc5f4:	4414      	add	r4, r2
    x = WIDTH - x - 1;
 23fc5f6:	b22d      	sxth	r5, r5
    y = HEIGHT - y - 1;
 23fc5f8:	b224      	sxth	r4, r4
    break;
 23fc5fa:	e7e0      	b.n	23fc5be <_ZN16Adafruit_SSD13069drawPixelEsst+0x3e>
    y = HEIGHT - y - 1;
 23fc5fc:	8973      	ldrh	r3, [r6, #10]
 23fc5fe:	3b01      	subs	r3, #1
 23fc600:	1b5b      	subs	r3, r3, r5
    break;
 23fc602:	4625      	mov	r5, r4
    y = HEIGHT - y - 1;
 23fc604:	b21c      	sxth	r4, r3
    break;
 23fc606:	e7da      	b.n	23fc5be <_ZN16Adafruit_SSD13069drawPixelEsst+0x3e>
 23fc608:	1007a9ac 	.word	0x1007a9ac

023fc60c <_ZN16Adafruit_SSD1306D0Ev>:
 23fc60c:	b510      	push	{r4, lr}
 23fc60e:	4604      	mov	r4, r0
 23fc610:	2124      	movs	r1, #36	; 0x24
 23fc612:	f7ff fa10 	bl	23fba36 <_ZdlPvj>
 23fc616:	4620      	mov	r0, r4
 23fc618:	bd10      	pop	{r4, pc}
	...

023fc61c <_ZN16Adafruit_SSD1306C1Ea>:
Adafruit_SSD1306::Adafruit_SSD1306(int8_t reset) :
 23fc61c:	b538      	push	{r3, r4, r5, lr}
 23fc61e:	4604      	mov	r4, r0
 23fc620:	460d      	mov	r5, r1
Adafruit_GFX(SSD1306_LCDWIDTH, SSD1306_LCDHEIGHT) {
 23fc622:	2240      	movs	r2, #64	; 0x40
 23fc624:	2180      	movs	r1, #128	; 0x80
 23fc626:	f000 f9cd 	bl	23fc9c4 <_ZN12Adafruit_GFXC1Ess>
 23fc62a:	4b06      	ldr	r3, [pc, #24]	; (23fc644 <_ZN16Adafruit_SSD1306C1Ea+0x28>)
}
 23fc62c:	4620      	mov	r0, r4
Adafruit_GFX(SSD1306_LCDWIDTH, SSD1306_LCDHEIGHT) {
 23fc62e:	6023      	str	r3, [r4, #0]
  sclk = dc = cs = sid = -1;
 23fc630:	23ff      	movs	r3, #255	; 0xff
 23fc632:	f884 3021 	strb.w	r3, [r4, #33]	; 0x21
 23fc636:	7763      	strb	r3, [r4, #29]
 23fc638:	f64f 73ff 	movw	r3, #65535	; 0xffff
  rst = reset;
 23fc63c:	f884 5020 	strb.w	r5, [r4, #32]
  sclk = dc = cs = sid = -1;
 23fc640:	83e3      	strh	r3, [r4, #30]
}
 23fc642:	bd38      	pop	{r3, r4, r5, pc}
 23fc644:	023ff6a8 	.word	0x023ff6a8

023fc648 <_ZN16Adafruit_SSD130612clearDisplayEv>:
  memset(buffer, 0, (SSD1306_LCDWIDTH*SSD1306_LCDHEIGHT/8));
 23fc648:	f44f 6280 	mov.w	r2, #1024	; 0x400
 23fc64c:	2100      	movs	r1, #0
 23fc64e:	4801      	ldr	r0, [pc, #4]	; (23fc654 <_ZN16Adafruit_SSD130612clearDisplayEv+0xc>)
 23fc650:	f002 bb2b 	b.w	23fecaa <memset>
 23fc654:	1007a9ac 	.word	0x1007a9ac

023fc658 <_ZN8particle8SpiProxyIL19hal_spi_interface_t0EE8instanceEv>:
    static SPIClass& instance() {
 23fc658:	b513      	push	{r0, r1, r4, lr}
        static SPIClass instance(Interface);
 23fc65a:	4c0a      	ldr	r4, [pc, #40]	; (23fc684 <_ZN8particle8SpiProxyIL19hal_spi_interface_t0EE8instanceEv+0x2c>)
 23fc65c:	e8d4 1f8f 	ldab	r1, [r4]
 23fc660:	f011 0101 	ands.w	r1, r1, #1
 23fc664:	d10b      	bne.n	23fc67e <_ZN8particle8SpiProxyIL19hal_spi_interface_t0EE8instanceEv+0x26>
 23fc666:	4620      	mov	r0, r4
 23fc668:	9101      	str	r1, [sp, #4]
 23fc66a:	f000 ffd3 	bl	23fd614 <__cxa_guard_acquire>
 23fc66e:	9901      	ldr	r1, [sp, #4]
 23fc670:	b128      	cbz	r0, 23fc67e <_ZN8particle8SpiProxyIL19hal_spi_interface_t0EE8instanceEv+0x26>
 23fc672:	4805      	ldr	r0, [pc, #20]	; (23fc688 <_ZN8particle8SpiProxyIL19hal_spi_interface_t0EE8instanceEv+0x30>)
 23fc674:	f001 f836 	bl	23fd6e4 <_ZN8SPIClassC1E19hal_spi_interface_t>
 23fc678:	4620      	mov	r0, r4
 23fc67a:	f000 ffd9 	bl	23fd630 <__cxa_guard_release>
        return instance;
    }
 23fc67e:	4802      	ldr	r0, [pc, #8]	; (23fc688 <_ZN8particle8SpiProxyIL19hal_spi_interface_t0EE8instanceEv+0x30>)
 23fc680:	b002      	add	sp, #8
 23fc682:	bd10      	pop	{r4, pc}
 23fc684:	1007af08 	.word	0x1007af08
 23fc688:	1007af0c 	.word	0x1007af0c

023fc68c <_ZN16Adafruit_SSD130612fastSPIwriteEh>:
inline void Adafruit_SSD1306::fastSPIwrite(uint8_t d) {
 23fc68c:	b507      	push	{r0, r1, r2, lr}
  if(hwSPI) {
 23fc68e:	f890 3022 	ldrb.w	r3, [r0, #34]	; 0x22
 23fc692:	b143      	cbz	r3, 23fc6a6 <_ZN16Adafruit_SSD130612fastSPIwriteEh+0x1a>
 23fc694:	9101      	str	r1, [sp, #4]
    }
    static void computeClockDivider(unsigned reference, unsigned targetSpeed, uint8_t& divider, unsigned& clock) {
        instance().computeClockDivider(reference, targetSpeed, divider, clock);
    }
    byte transfer(byte data) {
        return instance().transfer(data);
 23fc696:	f7ff ffdf 	bl	23fc658 <_ZN8particle8SpiProxyIL19hal_spi_interface_t0EE8instanceEv>
 23fc69a:	9901      	ldr	r1, [sp, #4]
}
 23fc69c:	b003      	add	sp, #12
 23fc69e:	f85d eb04 	ldr.w	lr, [sp], #4
 23fc6a2:	f001 b877 	b.w	23fd794 <_ZN8SPIClass8transferEh>
    shiftOut(sid, sclk, MSBFIRST, d);		// SSD1306 specs show MSB out first
 23fc6a6:	460b      	mov	r3, r1
 23fc6a8:	2201      	movs	r2, #1
 23fc6aa:	7f81      	ldrb	r1, [r0, #30]
 23fc6ac:	7f40      	ldrb	r0, [r0, #29]
}
 23fc6ae:	b003      	add	sp, #12
 23fc6b0:	f85d eb04 	ldr.w	lr, [sp], #4
    shiftOut(sid, sclk, MSBFIRST, d);		// SSD1306 specs show MSB out first
 23fc6b4:	f002 b8b1 	b.w	23fe81a <shiftOut>

023fc6b8 <_ZN16Adafruit_SSD130615ssd1306_commandEh>:
void Adafruit_SSD1306::ssd1306_command(uint8_t c) { 
 23fc6b8:	b538      	push	{r3, r4, r5, lr}
  if (sid != -1)
 23fc6ba:	f990 301d 	ldrsb.w	r3, [r0, #29]
void Adafruit_SSD1306::ssd1306_command(uint8_t c) { 
 23fc6be:	4604      	mov	r4, r0
  if (sid != -1)
 23fc6c0:	3301      	adds	r3, #1
void Adafruit_SSD1306::ssd1306_command(uint8_t c) { 
 23fc6c2:	460d      	mov	r5, r1
  if (sid != -1)
 23fc6c4:	d01d      	beq.n	23fc702 <_ZN16Adafruit_SSD130615ssd1306_commandEh+0x4a>
    digitalWrite(cs, HIGH);
 23fc6c6:	f990 0021 	ldrsb.w	r0, [r0, #33]	; 0x21
 23fc6ca:	2101      	movs	r1, #1
 23fc6cc:	b280      	uxth	r0, r0
 23fc6ce:	f002 f866 	bl	23fe79e <digitalWrite>
    digitalWrite(dc, LOW);
 23fc6d2:	f994 001f 	ldrsb.w	r0, [r4, #31]
 23fc6d6:	2100      	movs	r1, #0
 23fc6d8:	b280      	uxth	r0, r0
 23fc6da:	f002 f860 	bl	23fe79e <digitalWrite>
    digitalWrite(cs, LOW);
 23fc6de:	f994 0021 	ldrsb.w	r0, [r4, #33]	; 0x21
 23fc6e2:	2100      	movs	r1, #0
 23fc6e4:	b280      	uxth	r0, r0
 23fc6e6:	f002 f85a 	bl	23fe79e <digitalWrite>
    fastSPIwrite(c);
 23fc6ea:	4629      	mov	r1, r5
 23fc6ec:	4620      	mov	r0, r4
 23fc6ee:	f7ff ffcd 	bl	23fc68c <_ZN16Adafruit_SSD130612fastSPIwriteEh>
    digitalWrite(cs, HIGH);
 23fc6f2:	f994 0021 	ldrsb.w	r0, [r4, #33]	; 0x21
 23fc6f6:	2101      	movs	r1, #1
}
 23fc6f8:	e8bd 4038 	ldmia.w	sp!, {r3, r4, r5, lr}
    digitalWrite(cs, HIGH);
 23fc6fc:	b280      	uxth	r0, r0
 23fc6fe:	f002 b84e 	b.w	23fe79e <digitalWrite>
    Wire.beginTransmission(_i2caddr);
 23fc702:	f002 f987 	bl	23fea14 <_Z19__fetch_global_Wirev>
 23fc706:	f994 101b 	ldrsb.w	r1, [r4, #27]
 23fc70a:	f001 fbfb 	bl	23fdf04 <_ZN7TwoWire17beginTransmissionEi>
    Wire.write(control);
 23fc70e:	f002 f981 	bl	23fea14 <_Z19__fetch_global_Wirev>
 23fc712:	6803      	ldr	r3, [r0, #0]
 23fc714:	2100      	movs	r1, #0
 23fc716:	689b      	ldr	r3, [r3, #8]
 23fc718:	4798      	blx	r3
    Wire.write(c);
 23fc71a:	f002 f97b 	bl	23fea14 <_Z19__fetch_global_Wirev>
 23fc71e:	6803      	ldr	r3, [r0, #0]
 23fc720:	4629      	mov	r1, r5
 23fc722:	689b      	ldr	r3, [r3, #8]
 23fc724:	4798      	blx	r3
    Wire.endTransmission();
 23fc726:	f002 f975 	bl	23fea14 <_Z19__fetch_global_Wirev>
}
 23fc72a:	e8bd 4038 	ldmia.w	sp!, {r3, r4, r5, lr}
    Wire.endTransmission();
 23fc72e:	f001 bbf0 	b.w	23fdf12 <_ZN7TwoWire15endTransmissionEv>
	...

023fc734 <_ZN16Adafruit_SSD13067displayEv>:
void Adafruit_SSD1306::display(void) {
 23fc734:	b5f8      	push	{r3, r4, r5, r6, r7, lr}
 23fc736:	4604      	mov	r4, r0
  ssd1306_command(SSD1306_COLUMNADDR);
 23fc738:	2121      	movs	r1, #33	; 0x21
 23fc73a:	f7ff ffbd 	bl	23fc6b8 <_ZN16Adafruit_SSD130615ssd1306_commandEh>
  ssd1306_command(0);   // Column start address (0 = reset)
 23fc73e:	2100      	movs	r1, #0
 23fc740:	4620      	mov	r0, r4
 23fc742:	f7ff ffb9 	bl	23fc6b8 <_ZN16Adafruit_SSD130615ssd1306_commandEh>
  ssd1306_command(127); // Column end address (127 = reset)
 23fc746:	217f      	movs	r1, #127	; 0x7f
 23fc748:	4620      	mov	r0, r4
 23fc74a:	f7ff ffb5 	bl	23fc6b8 <_ZN16Adafruit_SSD130615ssd1306_commandEh>
  ssd1306_command(SSD1306_PAGEADDR);
 23fc74e:	2122      	movs	r1, #34	; 0x22
 23fc750:	4620      	mov	r0, r4
 23fc752:	f7ff ffb1 	bl	23fc6b8 <_ZN16Adafruit_SSD130615ssd1306_commandEh>
  ssd1306_command(0); // Page start address (0 = reset)
 23fc756:	2100      	movs	r1, #0
 23fc758:	4620      	mov	r0, r4
 23fc75a:	f7ff ffad 	bl	23fc6b8 <_ZN16Adafruit_SSD130615ssd1306_commandEh>
  ssd1306_command((SSD1306_LCDHEIGHT == 64) ? 7 : 3); // Page end address
 23fc75e:	2107      	movs	r1, #7
 23fc760:	4620      	mov	r0, r4
 23fc762:	f7ff ffa9 	bl	23fc6b8 <_ZN16Adafruit_SSD130615ssd1306_commandEh>
  if (sid != -1)
 23fc766:	f994 301d 	ldrsb.w	r3, [r4, #29]
 23fc76a:	4f29      	ldr	r7, [pc, #164]	; (23fc810 <_ZN16Adafruit_SSD13067displayEv+0xdc>)
 23fc76c:	3301      	adds	r3, #1
 23fc76e:	d02a      	beq.n	23fc7c6 <_ZN16Adafruit_SSD13067displayEv+0x92>
    digitalWrite(cs, HIGH);
 23fc770:	f994 0021 	ldrsb.w	r0, [r4, #33]	; 0x21
 23fc774:	2101      	movs	r1, #1
 23fc776:	b280      	uxth	r0, r0
 23fc778:	f002 f811 	bl	23fe79e <digitalWrite>
    digitalWrite(dc, HIGH);
 23fc77c:	f994 001f 	ldrsb.w	r0, [r4, #31]
 23fc780:	2101      	movs	r1, #1
 23fc782:	b280      	uxth	r0, r0
 23fc784:	f002 f80b 	bl	23fe79e <digitalWrite>
    digitalWrite(cs, LOW);
 23fc788:	f994 0021 	ldrsb.w	r0, [r4, #33]	; 0x21
 23fc78c:	2100      	movs	r1, #0
 23fc78e:	b280      	uxth	r0, r0
 23fc790:	f002 f805 	bl	23fe79e <digitalWrite>
void delay(unsigned long ms);
inline void delayMicroseconds(unsigned int us) { HAL_Delay_Microseconds(us); }
 23fc794:	2001      	movs	r0, #1
 23fc796:	f000 fadd 	bl	23fcd54 <HAL_Delay_Microseconds>
 23fc79a:	f44f 6580 	mov.w	r5, #1024	; 0x400
    for (uint16_t i=0; i<(SSD1306_LCDWIDTH*SSD1306_LCDHEIGHT/8); i++) {
 23fc79e:	3d01      	subs	r5, #1
      fastSPIwrite(buffer[i]);
 23fc7a0:	4620      	mov	r0, r4
 23fc7a2:	f817 1b01 	ldrb.w	r1, [r7], #1
    for (uint16_t i=0; i<(SSD1306_LCDWIDTH*SSD1306_LCDHEIGHT/8); i++) {
 23fc7a6:	b2ad      	uxth	r5, r5
      fastSPIwrite(buffer[i]);
 23fc7a8:	f7ff ff70 	bl	23fc68c <_ZN16Adafruit_SSD130612fastSPIwriteEh>
    for (uint16_t i=0; i<(SSD1306_LCDWIDTH*SSD1306_LCDHEIGHT/8); i++) {
 23fc7ac:	2d00      	cmp	r5, #0
 23fc7ae:	d1f6      	bne.n	23fc79e <_ZN16Adafruit_SSD13067displayEv+0x6a>
 23fc7b0:	2001      	movs	r0, #1
 23fc7b2:	f000 facf 	bl	23fcd54 <HAL_Delay_Microseconds>
    digitalWrite(cs, HIGH);
 23fc7b6:	f994 0021 	ldrsb.w	r0, [r4, #33]	; 0x21
 23fc7ba:	2101      	movs	r1, #1
}
 23fc7bc:	e8bd 40f8 	ldmia.w	sp!, {r3, r4, r5, r6, r7, lr}
    digitalWrite(cs, HIGH);
 23fc7c0:	b280      	uxth	r0, r0
 23fc7c2:	f001 bfec 	b.w	23fe79e <digitalWrite>
    for (uint16_t i=0; i<(SSD1306_LCDWIDTH*SSD1306_LCDHEIGHT/8); i++) {
 23fc7c6:	2500      	movs	r5, #0
      Wire.beginTransmission(_i2caddr);
 23fc7c8:	f002 f924 	bl	23fea14 <_Z19__fetch_global_Wirev>
 23fc7cc:	f994 101b 	ldrsb.w	r1, [r4, #27]
 23fc7d0:	f001 fb98 	bl	23fdf04 <_ZN7TwoWire17beginTransmissionEi>
      Wire.write(0x40);
 23fc7d4:	f002 f91e 	bl	23fea14 <_Z19__fetch_global_Wirev>
  bool unlock();

  inline size_t write(unsigned long n) { return write((uint8_t)n); }
  inline size_t write(long n) { return write((uint8_t)n); }
  inline size_t write(unsigned int n) { return write((uint8_t)n); }
  inline size_t write(int n) { return write((uint8_t)n); }
 23fc7d8:	6803      	ldr	r3, [r0, #0]
 23fc7da:	2140      	movs	r1, #64	; 0x40
 23fc7dc:	689b      	ldr	r3, [r3, #8]
 23fc7de:	4798      	blx	r3
      for (uint8_t x=0; x<16; x++) {
 23fc7e0:	f105 0610 	add.w	r6, r5, #16
 23fc7e4:	b2b6      	uxth	r6, r6
		Wire.write(buffer[i]);
 23fc7e6:	f002 f915 	bl	23fea14 <_Z19__fetch_global_Wirev>
 23fc7ea:	6803      	ldr	r3, [r0, #0]
 23fc7ec:	5d79      	ldrb	r1, [r7, r5]
 23fc7ee:	689b      	ldr	r3, [r3, #8]
 23fc7f0:	4798      	blx	r3
		i++;
 23fc7f2:	1c6b      	adds	r3, r5, #1
 23fc7f4:	b29d      	uxth	r5, r3
      for (uint8_t x=0; x<16; x++) {
 23fc7f6:	42ae      	cmp	r6, r5
 23fc7f8:	d1f5      	bne.n	23fc7e6 <_ZN16Adafruit_SSD13067displayEv+0xb2>
	Wire.endTransmission();
 23fc7fa:	f002 f90b 	bl	23fea14 <_Z19__fetch_global_Wirev>
 23fc7fe:	f001 fb88 	bl	23fdf12 <_ZN7TwoWire15endTransmissionEv>
    for (uint16_t i=0; i<(SSD1306_LCDWIDTH*SSD1306_LCDHEIGHT/8); i++) {
 23fc802:	f5b6 6f80 	cmp.w	r6, #1024	; 0x400
 23fc806:	d100      	bne.n	23fc80a <_ZN16Adafruit_SSD13067displayEv+0xd6>
}
 23fc808:	bdf8      	pop	{r3, r4, r5, r6, r7, pc}
 23fc80a:	4635      	mov	r5, r6
 23fc80c:	e7dc      	b.n	23fc7c8 <_ZN16Adafruit_SSD13067displayEv+0x94>
 23fc80e:	bf00      	nop
 23fc810:	1007a9ac 	.word	0x1007a9ac

023fc814 <_ZN12Adafruit_GFX8drawLineEsssst>:
}

// Bresenham's algorithm - thx wikpedia
void Adafruit_GFX::drawLine(int16_t x0, int16_t y0,
			    int16_t x1, int16_t y1,
			    uint16_t color) {
 23fc814:	e92d 4ff0 	stmdb	sp!, {r4, r5, r6, r7, r8, r9, sl, fp, lr}
 23fc818:	461f      	mov	r7, r3
 23fc81a:	b085      	sub	sp, #20
 23fc81c:	f9bd 8038 	ldrsh.w	r8, [sp, #56]	; 0x38
  int16_t steep = abs(y1 - y0) > abs(x1 - x0);
 23fc820:	eba7 0a01 	sub.w	sl, r7, r1
 23fc824:	eba8 0902 	sub.w	r9, r8, r2
 23fc828:	f1b9 0f00 	cmp.w	r9, #0
 23fc82c:	bfb8      	it	lt
 23fc82e:	f1c9 0900 	rsblt	r9, r9, #0
 23fc832:	f1ba 0f00 	cmp.w	sl, #0
 23fc836:	bfb8      	it	lt
 23fc838:	f1ca 0a00 	rsblt	sl, sl, #0
  if (steep) {
 23fc83c:	45d1      	cmp	r9, sl
			    uint16_t color) {
 23fc83e:	4683      	mov	fp, r0
 23fc840:	460c      	mov	r4, r1
 23fc842:	4615      	mov	r5, r2
 23fc844:	f8bd 303c 	ldrh.w	r3, [sp, #60]	; 0x3c
  if (steep) {
 23fc848:	dd04      	ble.n	23fc854 <_ZN12Adafruit_GFX8drawLineEsssst+0x40>
 23fc84a:	463a      	mov	r2, r7
    swap(x0, y0);
 23fc84c:	462c      	mov	r4, r5
    swap(x1, y1);
 23fc84e:	4647      	mov	r7, r8
    swap(x0, y0);
 23fc850:	460d      	mov	r5, r1
    swap(x1, y1);
 23fc852:	4690      	mov	r8, r2
  }

  if (x0 > x1) {
 23fc854:	42bc      	cmp	r4, r7
 23fc856:	dd05      	ble.n	23fc864 <_ZN12Adafruit_GFX8drawLineEsssst+0x50>
 23fc858:	462a      	mov	r2, r5
    swap(x0, x1);
    swap(y0, y1);
 23fc85a:	4645      	mov	r5, r8
 23fc85c:	4690      	mov	r8, r2
  if (x0 > x1) {
 23fc85e:	4622      	mov	r2, r4
 23fc860:	463c      	mov	r4, r7
 23fc862:	4617      	mov	r7, r2
  }

  int16_t dx, dy;
  dx = x1 - x0;
 23fc864:	1b3e      	subs	r6, r7, r4
 23fc866:	b2b2      	uxth	r2, r6
 23fc868:	9200      	str	r2, [sp, #0]
  dy = abs(y1 - y0);
 23fc86a:	eba8 0205 	sub.w	r2, r8, r5
 23fc86e:	ea82 71e2 	eor.w	r1, r2, r2, asr #31
 23fc872:	eba1 71e2 	sub.w	r1, r1, r2, asr #31

  int16_t err = dx / 2;
 23fc876:	f3c6 32c0 	ubfx	r2, r6, #15, #1
 23fc87a:	fa02 f686 	sxtah	r6, r2, r6
  int16_t ystep;

  if (y0 < y1) {
    ystep = 1;
  } else {
    ystep = -1;
 23fc87e:	4545      	cmp	r5, r8
 23fc880:	bfb4      	ite	lt
 23fc882:	2201      	movlt	r2, #1
 23fc884:	f04f 32ff 	movge.w	r2, #4294967295
  dy = abs(y1 - y0);
 23fc888:	9101      	str	r1, [sp, #4]
  int16_t err = dx / 2;
 23fc88a:	1076      	asrs	r6, r6, #1
    ystep = -1;
 23fc88c:	9202      	str	r2, [sp, #8]
  }

  for (; x0<=x1; x0++) {
 23fc88e:	42bc      	cmp	r4, r7
 23fc890:	dc1c      	bgt.n	23fc8cc <_ZN12Adafruit_GFX8drawLineEsssst+0xb8>
    if (steep) {
      drawPixel(y0, x0, color);
 23fc892:	f8db 2000 	ldr.w	r2, [fp]
    if (steep) {
 23fc896:	45d1      	cmp	r9, sl
      drawPixel(y0, x0, color);
 23fc898:	f8d2 8010 	ldr.w	r8, [r2, #16]
 23fc89c:	bfc7      	ittee	gt
 23fc89e:	4629      	movgt	r1, r5
 23fc8a0:	4622      	movgt	r2, r4
    } else {
      drawPixel(x0, y0, color);
 23fc8a2:	462a      	movle	r2, r5
 23fc8a4:	4621      	movle	r1, r4
      drawPixel(y0, x0, color);
 23fc8a6:	9303      	str	r3, [sp, #12]
      drawPixel(x0, y0, color);
 23fc8a8:	4658      	mov	r0, fp
 23fc8aa:	47c0      	blx	r8
    }
    err -= dy;
 23fc8ac:	9a01      	ldr	r2, [sp, #4]
      drawPixel(x0, y0, color);
 23fc8ae:	9b03      	ldr	r3, [sp, #12]
    err -= dy;
 23fc8b0:	1ab6      	subs	r6, r6, r2
 23fc8b2:	b2b1      	uxth	r1, r6
 23fc8b4:	b236      	sxth	r6, r6
    if (err < 0) {
 23fc8b6:	2e00      	cmp	r6, #0
 23fc8b8:	da05      	bge.n	23fc8c6 <_ZN12Adafruit_GFX8drawLineEsssst+0xb2>
      y0 += ystep;
 23fc8ba:	9a02      	ldr	r2, [sp, #8]
 23fc8bc:	4415      	add	r5, r2
      err += dx;
 23fc8be:	9a00      	ldr	r2, [sp, #0]
      y0 += ystep;
 23fc8c0:	b22d      	sxth	r5, r5
      err += dx;
 23fc8c2:	1856      	adds	r6, r2, r1
 23fc8c4:	b236      	sxth	r6, r6
  for (; x0<=x1; x0++) {
 23fc8c6:	3401      	adds	r4, #1
 23fc8c8:	b224      	sxth	r4, r4
 23fc8ca:	e7e0      	b.n	23fc88e <_ZN12Adafruit_GFX8drawLineEsssst+0x7a>
    }
  }
}
 23fc8cc:	b005      	add	sp, #20
 23fc8ce:	e8bd 8ff0 	ldmia.w	sp!, {r4, r5, r6, r7, r8, r9, sl, fp, pc}

023fc8d2 <_ZN12Adafruit_GFX8drawRectEsssst>:

// Draw a rectangle
void Adafruit_GFX::drawRect(int16_t x, int16_t y,
			    int16_t w, int16_t h,
			    uint16_t color) {
 23fc8d2:	e92d 47f3 	stmdb	sp!, {r0, r1, r4, r5, r6, r7, r8, r9, sl, lr}
 23fc8d6:	4604      	mov	r4, r0
 23fc8d8:	4616      	mov	r6, r2
 23fc8da:	468a      	mov	sl, r1
 23fc8dc:	461d      	mov	r5, r3
 23fc8de:	f8bd 802c 	ldrh.w	r8, [sp, #44]	; 0x2c
  drawFastHLine(x, y, w, color);
 23fc8e2:	6807      	ldr	r7, [r0, #0]
			    uint16_t color) {
 23fc8e4:	f9bd 9028 	ldrsh.w	r9, [sp, #40]	; 0x28
  drawFastHLine(x, y, w, color);
 23fc8e8:	f8cd 8000 	str.w	r8, [sp]
 23fc8ec:	69ff      	ldr	r7, [r7, #28]
 23fc8ee:	47b8      	blx	r7
  drawFastHLine(x, y+h-1, w, color);
 23fc8f0:	6823      	ldr	r3, [r4, #0]
 23fc8f2:	f109 32ff 	add.w	r2, r9, #4294967295
 23fc8f6:	f8cd 8000 	str.w	r8, [sp]
 23fc8fa:	4432      	add	r2, r6
 23fc8fc:	4651      	mov	r1, sl
 23fc8fe:	4620      	mov	r0, r4
 23fc900:	69df      	ldr	r7, [r3, #28]
 23fc902:	b212      	sxth	r2, r2
 23fc904:	462b      	mov	r3, r5
 23fc906:	47b8      	blx	r7
  drawFastVLine(x, y, h, color);
 23fc908:	6823      	ldr	r3, [r4, #0]
 23fc90a:	f8cd 8000 	str.w	r8, [sp]
 23fc90e:	4632      	mov	r2, r6
 23fc910:	4651      	mov	r1, sl
 23fc912:	4620      	mov	r0, r4
 23fc914:	699f      	ldr	r7, [r3, #24]
 23fc916:	464b      	mov	r3, r9
 23fc918:	47b8      	blx	r7
  drawFastVLine(x+w-1, y, h, color);
 23fc91a:	1e6b      	subs	r3, r5, #1
 23fc91c:	eb03 010a 	add.w	r1, r3, sl
 23fc920:	6823      	ldr	r3, [r4, #0]
 23fc922:	f8cd 8028 	str.w	r8, [sp, #40]	; 0x28
 23fc926:	699d      	ldr	r5, [r3, #24]
 23fc928:	4632      	mov	r2, r6
 23fc92a:	464b      	mov	r3, r9
 23fc92c:	4620      	mov	r0, r4
 23fc92e:	46ac      	mov	ip, r5
 23fc930:	b209      	sxth	r1, r1
}
 23fc932:	b002      	add	sp, #8
 23fc934:	e8bd 47f0 	ldmia.w	sp!, {r4, r5, r6, r7, r8, r9, sl, lr}
  drawFastVLine(x+w-1, y, h, color);
 23fc938:	4760      	bx	ip

023fc93a <_ZN12Adafruit_GFX13drawFastVLineEssst>:

void Adafruit_GFX::drawFastVLine(int16_t x, int16_t y,
				 int16_t h, uint16_t color) {
 23fc93a:	b537      	push	{r0, r1, r2, r4, r5, lr}
  // Update in subclasses if desired!
  drawLine(x, y, x, y+h-1, color);
 23fc93c:	3b01      	subs	r3, #1
 23fc93e:	f8bd 5018 	ldrh.w	r5, [sp, #24]
 23fc942:	4413      	add	r3, r2
 23fc944:	6804      	ldr	r4, [r0, #0]
 23fc946:	b21b      	sxth	r3, r3
 23fc948:	9300      	str	r3, [sp, #0]
 23fc94a:	9501      	str	r5, [sp, #4]
 23fc94c:	460b      	mov	r3, r1
 23fc94e:	6964      	ldr	r4, [r4, #20]
 23fc950:	47a0      	blx	r4
}
 23fc952:	b003      	add	sp, #12
 23fc954:	bd30      	pop	{r4, r5, pc}

023fc956 <_ZN12Adafruit_GFX13drawFastHLineEssst>:

void Adafruit_GFX::drawFastHLine(int16_t x, int16_t y,
				 int16_t w, uint16_t color) {
 23fc956:	b537      	push	{r0, r1, r2, r4, r5, lr}
  // Update in subclasses if desired!
  drawLine(x, y, x+w-1, y, color);
 23fc958:	f8bd 5018 	ldrh.w	r5, [sp, #24]
 23fc95c:	6804      	ldr	r4, [r0, #0]
 23fc95e:	e9cd 2500 	strd	r2, r5, [sp]
 23fc962:	3b01      	subs	r3, #1
 23fc964:	440b      	add	r3, r1
 23fc966:	6964      	ldr	r4, [r4, #20]
 23fc968:	b21b      	sxth	r3, r3
 23fc96a:	47a0      	blx	r4
}
 23fc96c:	b003      	add	sp, #12
 23fc96e:	bd30      	pop	{r4, r5, pc}

023fc970 <_ZN12Adafruit_GFX8fillRectEsssst>:

void Adafruit_GFX::fillRect(int16_t x, int16_t y, int16_t w, int16_t h,
			    uint16_t color) {
 23fc970:	e92d 47f3 	stmdb	sp!, {r0, r1, r4, r5, r6, r7, r8, r9, sl, lr}
 23fc974:	4605      	mov	r5, r0
 23fc976:	4692      	mov	sl, r2
  // Update in subclasses if desired!
  for (int16_t i=x; i<x+w; i++) {
 23fc978:	460c      	mov	r4, r1
			    uint16_t color) {
 23fc97a:	f9bd 9028 	ldrsh.w	r9, [sp, #40]	; 0x28
 23fc97e:	f8bd 802c 	ldrh.w	r8, [sp, #44]	; 0x2c
  for (int16_t i=x; i<x+w; i++) {
 23fc982:	18ce      	adds	r6, r1, r3
 23fc984:	42b4      	cmp	r4, r6
 23fc986:	da0b      	bge.n	23fc9a0 <_ZN12Adafruit_GFX8fillRectEsssst+0x30>
    drawFastVLine(i, y, h, color);
 23fc988:	682b      	ldr	r3, [r5, #0]
 23fc98a:	f8cd 8000 	str.w	r8, [sp]
 23fc98e:	4621      	mov	r1, r4
 23fc990:	699f      	ldr	r7, [r3, #24]
 23fc992:	4652      	mov	r2, sl
 23fc994:	464b      	mov	r3, r9
 23fc996:	4628      	mov	r0, r5
 23fc998:	3401      	adds	r4, #1
 23fc99a:	47b8      	blx	r7
  for (int16_t i=x; i<x+w; i++) {
 23fc99c:	b224      	sxth	r4, r4
 23fc99e:	e7f1      	b.n	23fc984 <_ZN12Adafruit_GFX8fillRectEsssst+0x14>
  }
}
 23fc9a0:	b002      	add	sp, #8
 23fc9a2:	e8bd 87f0 	ldmia.w	sp!, {r4, r5, r6, r7, r8, r9, sl, pc}

023fc9a6 <_ZN12Adafruit_GFX10fillScreenEt>:

void Adafruit_GFX::fillScreen(uint16_t color) {
 23fc9a6:	b513      	push	{r0, r1, r4, lr}
  fillRect(0, 0, _width, _height, color);
 23fc9a8:	9101      	str	r1, [sp, #4]
 23fc9aa:	f9b0 100e 	ldrsh.w	r1, [r0, #14]
 23fc9ae:	6802      	ldr	r2, [r0, #0]
 23fc9b0:	9100      	str	r1, [sp, #0]
 23fc9b2:	6a54      	ldr	r4, [r2, #36]	; 0x24
 23fc9b4:	2200      	movs	r2, #0
 23fc9b6:	f9b0 300c 	ldrsh.w	r3, [r0, #12]
 23fc9ba:	4611      	mov	r1, r2
 23fc9bc:	47a0      	blx	r4
}
 23fc9be:	b002      	add	sp, #8
 23fc9c0:	bd10      	pop	{r4, pc}

023fc9c2 <_ZN12Adafruit_GFX13invertDisplayEb>:
  return _height;
}

void Adafruit_GFX::invertDisplay(boolean i) {
  // Do nothing, must be subclassed if supported
}
 23fc9c2:	4770      	bx	lr

023fc9c4 <_ZN12Adafruit_GFXC1Ess>:
  WIDTH(w), HEIGHT(h)
 23fc9c4:	8142      	strh	r2, [r0, #10]
  _height   = HEIGHT;
 23fc9c6:	81c2      	strh	r2, [r0, #14]
  textcolor = textbgcolor = 0xFFFF;
 23fc9c8:	f04f 32ff 	mov.w	r2, #4294967295
Adafruit_GFX::Adafruit_GFX(int16_t w, int16_t h):
 23fc9cc:	b530      	push	{r4, r5, lr}
  textcolor = textbgcolor = 0xFFFF;
 23fc9ce:	6142      	str	r2, [r0, #20]
    Print() : write_error(0) {}
 23fc9d0:	2400      	movs	r4, #0
  textsize  = 1;
 23fc9d2:	2201      	movs	r2, #1
  WIDTH(w), HEIGHT(h)
 23fc9d4:	4d04      	ldr	r5, [pc, #16]	; (23fc9e8 <_ZN12Adafruit_GFXC1Ess+0x24>)
 23fc9d6:	6044      	str	r4, [r0, #4]
 23fc9d8:	6005      	str	r5, [r0, #0]
 23fc9da:	8101      	strh	r1, [r0, #8]
  _width    = WIDTH;
 23fc9dc:	8181      	strh	r1, [r0, #12]
  cursor_y  = cursor_x    = 0;
 23fc9de:	6104      	str	r4, [r0, #16]
  textsize  = 1;
 23fc9e0:	8302      	strh	r2, [r0, #24]
  wrap      = true;
 23fc9e2:	7682      	strb	r2, [r0, #26]
}
 23fc9e4:	bd30      	pop	{r4, r5, pc}
 23fc9e6:	bf00      	nop
 23fc9e8:	023ffbdc 	.word	0x023ffbdc

023fc9ec <_ZN12Adafruit_GFX10drawBitmapEssPKhsst>:
			      uint16_t color) {
 23fc9ec:	e92d 4ff0 	stmdb	sp!, {r4, r5, r6, r7, r8, r9, sl, fp, lr}
  int16_t i, j, byteWidth = (w + 7) / 8;
 23fc9f0:	2400      	movs	r4, #0
      if(pgm_read_byte(bitmap + j * byteWidth + i / 8) & (128 >> (i & 7))) {
 23fc9f2:	f04f 0980 	mov.w	r9, #128	; 0x80
  int16_t i, j, byteWidth = (w + 7) / 8;
 23fc9f6:	4625      	mov	r5, r4
			      uint16_t color) {
 23fc9f8:	b089      	sub	sp, #36	; 0x24
 23fc9fa:	f9bd 7048 	ldrsh.w	r7, [sp, #72]	; 0x48
 23fc9fe:	e9cd 2303 	strd	r2, r3, [sp, #12]
 23fca02:	f9bd 304c 	ldrsh.w	r3, [sp, #76]	; 0x4c
  int16_t i, j, byteWidth = (w + 7) / 8;
 23fca06:	1dfa      	adds	r2, r7, #7
			      uint16_t color) {
 23fca08:	e9cd 0101 	strd	r0, r1, [sp, #4]
 23fca0c:	9305      	str	r3, [sp, #20]
  int16_t i, j, byteWidth = (w + 7) / 8;
 23fca0e:	bf48      	it	mi
 23fca10:	f107 020e 	addmi.w	r2, r7, #14
			      uint16_t color) {
 23fca14:	f8bd 3050 	ldrh.w	r3, [sp, #80]	; 0x50
  int16_t i, j, byteWidth = (w + 7) / 8;
 23fca18:	ea4f 0be2 	mov.w	fp, r2, asr #3
  for(j=0; j<h; j++) {
 23fca1c:	9905      	ldr	r1, [sp, #20]
 23fca1e:	b22a      	sxth	r2, r5
 23fca20:	4291      	cmp	r1, r2
 23fca22:	dd2a      	ble.n	23fca7a <_ZN12Adafruit_GFX10drawBitmapEssPKhsst+0x8e>
 23fca24:	f04f 0800 	mov.w	r8, #0
      if(pgm_read_byte(bitmap + j * byteWidth + i / 8) & (128 >> (i & 7))) {
 23fca28:	9a04      	ldr	r2, [sp, #16]
 23fca2a:	eb02 0a04 	add.w	sl, r2, r4
	drawPixel(x+i, y+j, color);
 23fca2e:	9a03      	ldr	r2, [sp, #12]
 23fca30:	442a      	add	r2, r5
 23fca32:	b212      	sxth	r2, r2
 23fca34:	fa0f f088 	sxth.w	r0, r8
    for(i=0; i<w; i++ ) {
 23fca38:	4287      	cmp	r7, r0
 23fca3a:	fa1f f188 	uxth.w	r1, r8
 23fca3e:	dd19      	ble.n	23fca74 <_ZN12Adafruit_GFX10drawBitmapEssPKhsst+0x88>
      if(pgm_read_byte(bitmap + j * byteWidth + i / 8) & (128 >> (i & 7))) {
 23fca40:	10c0      	asrs	r0, r0, #3
 23fca42:	f81a c000 	ldrb.w	ip, [sl, r0]
 23fca46:	f001 0007 	and.w	r0, r1, #7
 23fca4a:	fa49 f000 	asr.w	r0, r9, r0
 23fca4e:	ea1c 0f00 	tst.w	ip, r0
 23fca52:	d00c      	beq.n	23fca6e <_ZN12Adafruit_GFX10drawBitmapEssPKhsst+0x82>
	drawPixel(x+i, y+j, color);
 23fca54:	9802      	ldr	r0, [sp, #8]
 23fca56:	e9cd 2306 	strd	r2, r3, [sp, #24]
 23fca5a:	4401      	add	r1, r0
 23fca5c:	9801      	ldr	r0, [sp, #4]
 23fca5e:	b209      	sxth	r1, r1
 23fca60:	6800      	ldr	r0, [r0, #0]
 23fca62:	6900      	ldr	r0, [r0, #16]
 23fca64:	4606      	mov	r6, r0
 23fca66:	9801      	ldr	r0, [sp, #4]
 23fca68:	47b0      	blx	r6
 23fca6a:	e9dd 2306 	ldrd	r2, r3, [sp, #24]
    for(i=0; i<w; i++ ) {
 23fca6e:	f108 0801 	add.w	r8, r8, #1
 23fca72:	e7df      	b.n	23fca34 <_ZN12Adafruit_GFX10drawBitmapEssPKhsst+0x48>
  for(j=0; j<h; j++) {
 23fca74:	3501      	adds	r5, #1
 23fca76:	445c      	add	r4, fp
 23fca78:	e7d0      	b.n	23fca1c <_ZN12Adafruit_GFX10drawBitmapEssPKhsst+0x30>
}
 23fca7a:	b009      	add	sp, #36	; 0x24
 23fca7c:	e8bd 8ff0 	ldmia.w	sp!, {r4, r5, r6, r7, r8, r9, sl, fp, pc}

023fca80 <_ZN12Adafruit_GFX8drawCharEsshtth>:
			    uint16_t color, uint16_t bg, uint8_t size) {
 23fca80:	e92d 4ff0 	stmdb	sp!, {r4, r5, r6, r7, r8, r9, sl, fp, lr}
 23fca84:	ed2d 8b02 	vpush	{d8}
 23fca88:	b08d      	sub	sp, #52	; 0x34
 23fca8a:	9104      	str	r1, [sp, #16]
 23fca8c:	f8bd 1060 	ldrh.w	r1, [sp, #96]	; 0x60
 23fca90:	4607      	mov	r7, r0
 23fca92:	9105      	str	r1, [sp, #20]
 23fca94:	f8bd 1064 	ldrh.w	r1, [sp, #100]	; 0x64
 23fca98:	f89d 5068 	ldrb.w	r5, [sp, #104]	; 0x68
 23fca9c:	9106      	str	r1, [sp, #24]
  if((x >= _width)            || // Clip right
 23fca9e:	f9b0 100c 	ldrsh.w	r1, [r0, #12]
 23fcaa2:	9804      	ldr	r0, [sp, #16]
 23fcaa4:	4281      	cmp	r1, r0
 23fcaa6:	dd52      	ble.n	23fcb4e <_ZN12Adafruit_GFX8drawCharEsshtth+0xce>
 23fcaa8:	f9b7 100e 	ldrsh.w	r1, [r7, #14]
 23fcaac:	4291      	cmp	r1, r2
 23fcaae:	dd4e      	ble.n	23fcb4e <_ZN12Adafruit_GFX8drawCharEsshtth+0xce>
     ((x + 6 * size - 1) < 0) || // Clip left
 23fcab0:	2106      	movs	r1, #6
 23fcab2:	fb11 0405 	smlabb	r4, r1, r5, r0
     (y >= _height)           || // Clip bottom
 23fcab6:	2c00      	cmp	r4, #0
 23fcab8:	dd49      	ble.n	23fcb4e <_ZN12Adafruit_GFX8drawCharEsshtth+0xce>
     ((y + 8 * size - 1) < 0))   // Clip top
 23fcaba:	eb02 04c5 	add.w	r4, r2, r5, lsl #3
     ((x + 6 * size - 1) < 0) || // Clip left
 23fcabe:	2c00      	cmp	r4, #0
 23fcac0:	dd45      	ble.n	23fcb4e <_ZN12Adafruit_GFX8drawCharEsshtth+0xce>
  for (int8_t i=0; i<6; i++ ) {
 23fcac2:	2400      	movs	r4, #0
      line = pgm_read_byte(font+(c*5)+i);
 23fcac4:	eb03 0383 	add.w	r3, r3, r3, lsl #2
 23fcac8:	930b      	str	r3, [sp, #44]	; 0x2c
 23fcaca:	b293      	uxth	r3, r2
 23fcacc:	9307      	str	r3, [sp, #28]
 23fcace:	3308      	adds	r3, #8
 23fcad0:	b29b      	uxth	r3, r3
 23fcad2:	9108      	str	r1, [sp, #32]
 23fcad4:	9309      	str	r3, [sp, #36]	; 0x24
    if (i == 5) 
 23fcad6:	2c05      	cmp	r4, #5
      line = 0x0;
 23fcad8:	bf0f      	iteee	eq
 23fcada:	2300      	moveq	r3, #0
      line = pgm_read_byte(font+(c*5)+i);
 23fcadc:	4b2b      	ldrne	r3, [pc, #172]	; (23fcb8c <_ZN12Adafruit_GFX8drawCharEsshtth+0x10c>)
 23fcade:	9a0b      	ldrne	r2, [sp, #44]	; 0x2c
 23fcae0:	191b      	addne	r3, r3, r4
 23fcae2:	bf18      	it	ne
 23fcae4:	5c9b      	ldrbne	r3, [r3, r2]
          fillRect(x+i*size, y+j*size, size, size, bg);
 23fcae6:	9a04      	ldr	r2, [sp, #16]
      line = 0x0;
 23fcae8:	9303      	str	r3, [sp, #12]
          fillRect(x+i*size, y+j*size, size, size, bg);
 23fcaea:	b2ab      	uxth	r3, r5
 23fcaec:	930a      	str	r3, [sp, #40]	; 0x28
 23fcaee:	fb04 f305 	mul.w	r3, r4, r5
 23fcaf2:	9e07      	ldr	r6, [sp, #28]
 23fcaf4:	fa13 f382 	uxtah	r3, r3, r2
 23fcaf8:	b21b      	sxth	r3, r3
 23fcafa:	ee08 3a10 	vmov	s16, r3
 23fcafe:	46b0      	mov	r8, r6
          drawPixel(x+i, y+j, bg);
 23fcb00:	eb04 0a02 	add.w	sl, r4, r2
          fillRect(x+i*size, y+j*size, size, size, bg);
 23fcb04:	fa0f f985 	sxth.w	r9, r5
          drawPixel(x+i, y+j, bg);
 23fcb08:	fa0f fa8a 	sxth.w	sl, sl
      if (line & 0x1) {
 23fcb0c:	9b03      	ldr	r3, [sp, #12]
 23fcb0e:	07db      	lsls	r3, r3, #31
 23fcb10:	d52f      	bpl.n	23fcb72 <_ZN12Adafruit_GFX8drawCharEsshtth+0xf2>
        if (size == 1) // default size
 23fcb12:	2d01      	cmp	r5, #1
          drawPixel(x+i, y+j, color);
 23fcb14:	683b      	ldr	r3, [r7, #0]
        if (size == 1) // default size
 23fcb16:	d11f      	bne.n	23fcb58 <_ZN12Adafruit_GFX8drawCharEsshtth+0xd8>
          drawPixel(x+i, y+j, color);
 23fcb18:	f8d3 b010 	ldr.w	fp, [r3, #16]
 23fcb1c:	9b05      	ldr	r3, [sp, #20]
          drawPixel(x+i, y+j, bg);
 23fcb1e:	4651      	mov	r1, sl
 23fcb20:	4638      	mov	r0, r7
 23fcb22:	b232      	sxth	r2, r6
 23fcb24:	47d8      	blx	fp
      line >>= 1;
 23fcb26:	9b03      	ldr	r3, [sp, #12]
    for (int8_t j = 0; j<8; j++) {
 23fcb28:	3601      	adds	r6, #1
      line >>= 1;
 23fcb2a:	085b      	lsrs	r3, r3, #1
 23fcb2c:	9303      	str	r3, [sp, #12]
    for (int8_t j = 0; j<8; j++) {
 23fcb2e:	9b0a      	ldr	r3, [sp, #40]	; 0x28
 23fcb30:	b2b6      	uxth	r6, r6
 23fcb32:	4498      	add	r8, r3
 23fcb34:	9b09      	ldr	r3, [sp, #36]	; 0x24
 23fcb36:	fa1f f888 	uxth.w	r8, r8
 23fcb3a:	42b3      	cmp	r3, r6
 23fcb3c:	d1e6      	bne.n	23fcb0c <_ZN12Adafruit_GFX8drawCharEsshtth+0x8c>
  for (int8_t i=0; i<6; i++ ) {
 23fcb3e:	9b08      	ldr	r3, [sp, #32]
 23fcb40:	3401      	adds	r4, #1
 23fcb42:	3b01      	subs	r3, #1
 23fcb44:	f013 03ff 	ands.w	r3, r3, #255	; 0xff
 23fcb48:	b264      	sxtb	r4, r4
 23fcb4a:	9308      	str	r3, [sp, #32]
 23fcb4c:	d1c3      	bne.n	23fcad6 <_ZN12Adafruit_GFX8drawCharEsshtth+0x56>
}
 23fcb4e:	b00d      	add	sp, #52	; 0x34
 23fcb50:	ecbd 8b02 	vpop	{d8}
 23fcb54:	e8bd 8ff0 	ldmia.w	sp!, {r4, r5, r6, r7, r8, r9, sl, fp, pc}
          fillRect(x+(i*size), y+(j*size), size, size, color);
 23fcb58:	9a05      	ldr	r2, [sp, #20]
          fillRect(x+i*size, y+j*size, size, size, bg);
 23fcb5a:	e9cd 9200 	strd	r9, r2, [sp]
 23fcb5e:	ee18 1a10 	vmov	r1, s16
 23fcb62:	f8d3 b024 	ldr.w	fp, [r3, #36]	; 0x24
 23fcb66:	4638      	mov	r0, r7
 23fcb68:	464b      	mov	r3, r9
 23fcb6a:	fa0f f288 	sxth.w	r2, r8
 23fcb6e:	47d8      	blx	fp
 23fcb70:	e7d9      	b.n	23fcb26 <_ZN12Adafruit_GFX8drawCharEsshtth+0xa6>
      } else if (bg != color) {
 23fcb72:	e9dd 2305 	ldrd	r2, r3, [sp, #20]
 23fcb76:	4293      	cmp	r3, r2
 23fcb78:	d0d5      	beq.n	23fcb26 <_ZN12Adafruit_GFX8drawCharEsshtth+0xa6>
        if (size == 1) // default size
 23fcb7a:	2d01      	cmp	r5, #1
          drawPixel(x+i, y+j, color);
 23fcb7c:	683b      	ldr	r3, [r7, #0]
        if (size == 1) // default size
 23fcb7e:	d103      	bne.n	23fcb88 <_ZN12Adafruit_GFX8drawCharEsshtth+0x108>
          drawPixel(x+i, y+j, bg);
 23fcb80:	f8d3 b010 	ldr.w	fp, [r3, #16]
 23fcb84:	9b06      	ldr	r3, [sp, #24]
 23fcb86:	e7ca      	b.n	23fcb1e <_ZN12Adafruit_GFX8drawCharEsshtth+0x9e>
          fillRect(x+i*size, y+j*size, size, size, bg);
 23fcb88:	9a06      	ldr	r2, [sp, #24]
 23fcb8a:	e7e6      	b.n	23fcb5a <_ZN12Adafruit_GFX8drawCharEsshtth+0xda>
 23fcb8c:	023ff6d8 	.word	0x023ff6d8

023fcb90 <_ZN12Adafruit_GFX5writeEh>:
size_t Adafruit_GFX::write(uint8_t c) {
 23fcb90:	b530      	push	{r4, r5, lr}
  if (c == '\n') {
 23fcb92:	290a      	cmp	r1, #10
size_t Adafruit_GFX::write(uint8_t c) {
 23fcb94:	4604      	mov	r4, r0
 23fcb96:	b085      	sub	sp, #20
  if (c == '\n') {
 23fcb98:	d107      	bne.n	23fcbaa <_ZN12Adafruit_GFX5writeEh+0x1a>
    cursor_y += textsize*8;
 23fcb9a:	7e02      	ldrb	r2, [r0, #24]
      cursor_y += textsize*8;
 23fcb9c:	8a63      	ldrh	r3, [r4, #18]
 23fcb9e:	eb03 03c2 	add.w	r3, r3, r2, lsl #3
 23fcba2:	8263      	strh	r3, [r4, #18]
      cursor_x = 0;
 23fcba4:	2300      	movs	r3, #0
 23fcba6:	8223      	strh	r3, [r4, #16]
 23fcba8:	e021      	b.n	23fcbee <_ZN12Adafruit_GFX5writeEh+0x5e>
  } else if (c == '\r') {
 23fcbaa:	290d      	cmp	r1, #13
 23fcbac:	d01f      	beq.n	23fcbee <_ZN12Adafruit_GFX5writeEh+0x5e>
    drawChar(cursor_x, cursor_y, c, textcolor, textbgcolor, textsize);
 23fcbae:	7e03      	ldrb	r3, [r0, #24]
 23fcbb0:	9302      	str	r3, [sp, #8]
 23fcbb2:	8ac3      	ldrh	r3, [r0, #22]
 23fcbb4:	9301      	str	r3, [sp, #4]
 23fcbb6:	8a83      	ldrh	r3, [r0, #20]
 23fcbb8:	9300      	str	r3, [sp, #0]
 23fcbba:	f9b0 2012 	ldrsh.w	r2, [r0, #18]
 23fcbbe:	460b      	mov	r3, r1
 23fcbc0:	f9b0 1010 	ldrsh.w	r1, [r0, #16]
 23fcbc4:	f7ff ff5c 	bl	23fca80 <_ZN12Adafruit_GFX8drawCharEsshtth>
    cursor_x += textsize*6;
 23fcbc8:	7e20      	ldrb	r0, [r4, #24]
 23fcbca:	8a23      	ldrh	r3, [r4, #16]
 23fcbcc:	eb00 0140 	add.w	r1, r0, r0, lsl #1
 23fcbd0:	eb03 0341 	add.w	r3, r3, r1, lsl #1
    if (wrap && (cursor_x > (_width - textsize*6))) {
 23fcbd4:	7ea1      	ldrb	r1, [r4, #26]
    cursor_x += textsize*6;
 23fcbd6:	b21b      	sxth	r3, r3
 23fcbd8:	4602      	mov	r2, r0
 23fcbda:	8223      	strh	r3, [r4, #16]
    if (wrap && (cursor_x > (_width - textsize*6))) {
 23fcbdc:	b139      	cbz	r1, 23fcbee <_ZN12Adafruit_GFX5writeEh+0x5e>
 23fcbde:	f06f 0505 	mvn.w	r5, #5
 23fcbe2:	f9b4 100c 	ldrsh.w	r1, [r4, #12]
 23fcbe6:	fb05 1100 	mla	r1, r5, r0, r1
 23fcbea:	428b      	cmp	r3, r1
 23fcbec:	dcd6      	bgt.n	23fcb9c <_ZN12Adafruit_GFX5writeEh+0xc>
}
 23fcbee:	2001      	movs	r0, #1
 23fcbf0:	b005      	add	sp, #20
 23fcbf2:	bd30      	pop	{r4, r5, pc}

023fcbf4 <_ZN12Adafruit_GFX11getRotationEv>:
}
 23fcbf4:	7e40      	ldrb	r0, [r0, #25]
 23fcbf6:	4770      	bx	lr

023fcbf8 <_ZN12Adafruit_GFX5widthEv>:
}
 23fcbf8:	f9b0 000c 	ldrsh.w	r0, [r0, #12]
 23fcbfc:	4770      	bx	lr

023fcbfe <_ZN12Adafruit_GFX6heightEv>:
}
 23fcbfe:	f9b0 000e 	ldrsh.w	r0, [r0, #14]
 23fcc02:	4770      	bx	lr

023fcc04 <netdb_freeaddrinfo>:

DYNALIB_BEGIN(hal_netdb)

DYNALIB_FN(0, hal_netdb, netdb_gethostbyname, struct hostent*(const char*))
DYNALIB_FN(1, hal_netdb, netdb_gethostbyname_r, int(const char*, struct hostent*, char*, size_t, struct hostent**, int*))
DYNALIB_FN(2, hal_netdb, netdb_freeaddrinfo, void(struct addrinfo*))
 23fcc04:	b509      	push	{r0, r3, lr}
 23fcc06:	4804      	ldr	r0, [pc, #16]	; (23fcc18 <netdb_freeaddrinfo+0x14>)
 23fcc08:	6800      	ldr	r0, [r0, #0]
 23fcc0a:	4b04      	ldr	r3, [pc, #16]	; (23fcc1c <netdb_freeaddrinfo+0x18>)
 23fcc0c:	4403      	add	r3, r0
 23fcc0e:	681b      	ldr	r3, [r3, #0]
 23fcc10:	689b      	ldr	r3, [r3, #8]
 23fcc12:	9302      	str	r3, [sp, #8]
 23fcc14:	bd09      	pop	{r0, r3, pc}
 23fcc16:	0000      	.short	0x0000
 23fcc18:	1007a980 	.word	0x1007a980
 23fcc1c:	00000050 	.word	0x00000050

023fcc20 <netdb_getaddrinfo>:
DYNALIB_FN(3, hal_netdb, netdb_getaddrinfo, int(const char*, const char*, const struct addrinfo*, struct addrinfo**))
 23fcc20:	b509      	push	{r0, r3, lr}
 23fcc22:	4804      	ldr	r0, [pc, #16]	; (23fcc34 <netdb_getaddrinfo+0x14>)
 23fcc24:	6800      	ldr	r0, [r0, #0]
 23fcc26:	4b04      	ldr	r3, [pc, #16]	; (23fcc38 <netdb_getaddrinfo+0x18>)
 23fcc28:	4403      	add	r3, r0
 23fcc2a:	681b      	ldr	r3, [r3, #0]
 23fcc2c:	68db      	ldr	r3, [r3, #12]
 23fcc2e:	9302      	str	r3, [sp, #8]
 23fcc30:	bd09      	pop	{r0, r3, pc}
 23fcc32:	0000      	.short	0x0000
 23fcc34:	1007a980 	.word	0x1007a980
 23fcc38:	00000050 	.word	0x00000050

023fcc3c <netdb_getaddrinfo_ex>:
DYNALIB_FN(4, hal_netdb, netdb_getnameinfo, int(const struct sockaddr*, socklen_t, char*, socklen_t, char*, socklen_t, int))
DYNALIB_FN(5, hal_netdb, netdb_getaddrinfo_ex, int(const char*, const char*, const struct addrinfo*, struct addrinfo**, if_t))
 23fcc3c:	b509      	push	{r0, r3, lr}
 23fcc3e:	4804      	ldr	r0, [pc, #16]	; (23fcc50 <netdb_getaddrinfo_ex+0x14>)
 23fcc40:	6800      	ldr	r0, [r0, #0]
 23fcc42:	4b04      	ldr	r3, [pc, #16]	; (23fcc54 <netdb_getaddrinfo_ex+0x18>)
 23fcc44:	4403      	add	r3, r0
 23fcc46:	681b      	ldr	r3, [r3, #0]
 23fcc48:	695b      	ldr	r3, [r3, #20]
 23fcc4a:	9302      	str	r3, [sp, #8]
 23fcc4c:	bd09      	pop	{r0, r3, pc}
 23fcc4e:	0000      	.short	0x0000
 23fcc50:	1007a980 	.word	0x1007a980
 23fcc54:	00000050 	.word	0x00000050

023fcc58 <hal_pin_validate_function>:
// GNINRAW

DYNALIB_BEGIN(hal_gpio)

DYNALIB_FN(0, hal_gpio, hal_pin_map, hal_pin_info_t*(void))
DYNALIB_FN(1, hal_gpio, hal_pin_validate_function, PinFunction(hal_pin_t, PinFunction))
 23fcc58:	b509      	push	{r0, r3, lr}
 23fcc5a:	4804      	ldr	r0, [pc, #16]	; (23fcc6c <hal_pin_validate_function+0x14>)
 23fcc5c:	6800      	ldr	r0, [r0, #0]
 23fcc5e:	4b04      	ldr	r3, [pc, #16]	; (23fcc70 <hal_pin_validate_function+0x18>)
 23fcc60:	4403      	add	r3, r0
 23fcc62:	681b      	ldr	r3, [r3, #0]
 23fcc64:	685b      	ldr	r3, [r3, #4]
 23fcc66:	9302      	str	r3, [sp, #8]
 23fcc68:	bd09      	pop	{r0, r3, pc}
 23fcc6a:	0000      	.short	0x0000
 23fcc6c:	1007a980 	.word	0x1007a980
 23fcc70:	00000014 	.word	0x00000014

023fcc74 <hal_gpio_mode>:
DYNALIB_FN(2, hal_gpio, hal_gpio_mode, void(hal_pin_t, PinMode))
 23fcc74:	b509      	push	{r0, r3, lr}
 23fcc76:	4804      	ldr	r0, [pc, #16]	; (23fcc88 <hal_gpio_mode+0x14>)
 23fcc78:	6800      	ldr	r0, [r0, #0]
 23fcc7a:	4b04      	ldr	r3, [pc, #16]	; (23fcc8c <hal_gpio_mode+0x18>)
 23fcc7c:	4403      	add	r3, r0
 23fcc7e:	681b      	ldr	r3, [r3, #0]
 23fcc80:	689b      	ldr	r3, [r3, #8]
 23fcc82:	9302      	str	r3, [sp, #8]
 23fcc84:	bd09      	pop	{r0, r3, pc}
 23fcc86:	0000      	.short	0x0000
 23fcc88:	1007a980 	.word	0x1007a980
 23fcc8c:	00000014 	.word	0x00000014

023fcc90 <hal_gpio_get_mode>:
DYNALIB_FN(3, hal_gpio, hal_gpio_get_mode, PinMode(hal_pin_t))
 23fcc90:	b509      	push	{r0, r3, lr}
 23fcc92:	4804      	ldr	r0, [pc, #16]	; (23fcca4 <hal_gpio_get_mode+0x14>)
 23fcc94:	6800      	ldr	r0, [r0, #0]
 23fcc96:	4b04      	ldr	r3, [pc, #16]	; (23fcca8 <hal_gpio_get_mode+0x18>)
 23fcc98:	4403      	add	r3, r0
 23fcc9a:	681b      	ldr	r3, [r3, #0]
 23fcc9c:	68db      	ldr	r3, [r3, #12]
 23fcc9e:	9302      	str	r3, [sp, #8]
 23fcca0:	bd09      	pop	{r0, r3, pc}
 23fcca2:	0000      	.short	0x0000
 23fcca4:	1007a980 	.word	0x1007a980
 23fcca8:	00000014 	.word	0x00000014

023fccac <hal_gpio_write>:
DYNALIB_FN(4, hal_gpio, hal_gpio_write, void(hal_pin_t, uint8_t))
 23fccac:	b509      	push	{r0, r3, lr}
 23fccae:	4804      	ldr	r0, [pc, #16]	; (23fccc0 <hal_gpio_write+0x14>)
 23fccb0:	6800      	ldr	r0, [r0, #0]
 23fccb2:	4b04      	ldr	r3, [pc, #16]	; (23fccc4 <hal_gpio_write+0x18>)
 23fccb4:	4403      	add	r3, r0
 23fccb6:	681b      	ldr	r3, [r3, #0]
 23fccb8:	691b      	ldr	r3, [r3, #16]
 23fccba:	9302      	str	r3, [sp, #8]
 23fccbc:	bd09      	pop	{r0, r3, pc}
 23fccbe:	0000      	.short	0x0000
 23fccc0:	1007a980 	.word	0x1007a980
 23fccc4:	00000014 	.word	0x00000014

023fccc8 <hal_gpio_read>:
DYNALIB_FN(5, hal_gpio, hal_gpio_read, int32_t(hal_pin_t))
 23fccc8:	b509      	push	{r0, r3, lr}
 23fccca:	4804      	ldr	r0, [pc, #16]	; (23fccdc <hal_gpio_read+0x14>)
 23fcccc:	6800      	ldr	r0, [r0, #0]
 23fccce:	4b04      	ldr	r3, [pc, #16]	; (23fcce0 <hal_gpio_read+0x18>)
 23fccd0:	4403      	add	r3, r0
 23fccd2:	681b      	ldr	r3, [r3, #0]
 23fccd4:	695b      	ldr	r3, [r3, #20]
 23fccd6:	9302      	str	r3, [sp, #8]
 23fccd8:	bd09      	pop	{r0, r3, pc}
 23fccda:	0000      	.short	0x0000
 23fccdc:	1007a980 	.word	0x1007a980
 23fcce0:	00000014 	.word	0x00000014

023fcce4 <hal_adc_read>:
DYNALIB_FN(8, hal_gpio, hal_interrupt_enable_all, void(void))
DYNALIB_FN(9, hal_gpio, hal_interrupt_disable_all, void(void))

DYNALIB_FN(10, hal_gpio, HAL_DAC_Write, void(hal_pin_t, uint16_t))
DYNALIB_FN(11, hal_gpio, hal_adc_set_sample_time, void(uint8_t))
DYNALIB_FN(12, hal_gpio, hal_adc_read, int32_t(uint16_t))
 23fcce4:	b509      	push	{r0, r3, lr}
 23fcce6:	4804      	ldr	r0, [pc, #16]	; (23fccf8 <hal_adc_read+0x14>)
 23fcce8:	6800      	ldr	r0, [r0, #0]
 23fccea:	4b04      	ldr	r3, [pc, #16]	; (23fccfc <hal_adc_read+0x18>)
 23fccec:	4403      	add	r3, r0
 23fccee:	681b      	ldr	r3, [r3, #0]
 23fccf0:	6b1b      	ldr	r3, [r3, #48]	; 0x30
 23fccf2:	9302      	str	r3, [sp, #8]
 23fccf4:	bd09      	pop	{r0, r3, pc}
 23fccf6:	0000      	.short	0x0000
 23fccf8:	1007a980 	.word	0x1007a980
 23fccfc:	00000014 	.word	0x00000014

023fcd00 <if_index_to_name>:
DYNALIB_FN(0, hal_ifapi, if_get_list, int(struct if_list**))
DYNALIB_FN(1, hal_ifapi, if_free_list, int(struct if_list*))
DYNALIB_FN(2, hal_ifapi, if_get_name_index, int(struct if_nameindex**))
DYNALIB_FN(3, hal_ifapi, if_free_name_index, int(struct if_nameindex*))
DYNALIB_FN(4, hal_ifapi, if_name_to_index, int(const char*, uint8_t*))
DYNALIB_FN(5, hal_ifapi, if_index_to_name, int(uint8_t, char*))
 23fcd00:	b509      	push	{r0, r3, lr}
 23fcd02:	4804      	ldr	r0, [pc, #16]	; (23fcd14 <if_index_to_name+0x14>)
 23fcd04:	6800      	ldr	r0, [r0, #0]
 23fcd06:	4b04      	ldr	r3, [pc, #16]	; (23fcd18 <if_index_to_name+0x18>)
 23fcd08:	4403      	add	r3, r0
 23fcd0a:	681b      	ldr	r3, [r3, #0]
 23fcd0c:	695b      	ldr	r3, [r3, #20]
 23fcd0e:	9302      	str	r3, [sp, #8]
 23fcd10:	bd09      	pop	{r0, r3, pc}
 23fcd12:	0000      	.short	0x0000
 23fcd14:	1007a980 	.word	0x1007a980
 23fcd18:	00000054 	.word	0x00000054

023fcd1c <if_get_by_index>:
DYNALIB_FN(6, hal_ifapi, if_get_by_index, int(uint8_t, if_t*))
 23fcd1c:	b509      	push	{r0, r3, lr}
 23fcd1e:	4804      	ldr	r0, [pc, #16]	; (23fcd30 <if_get_by_index+0x14>)
 23fcd20:	6800      	ldr	r0, [r0, #0]
 23fcd22:	4b04      	ldr	r3, [pc, #16]	; (23fcd34 <if_get_by_index+0x18>)
 23fcd24:	4403      	add	r3, r0
 23fcd26:	681b      	ldr	r3, [r3, #0]
 23fcd28:	699b      	ldr	r3, [r3, #24]
 23fcd2a:	9302      	str	r3, [sp, #8]
 23fcd2c:	bd09      	pop	{r0, r3, pc}
 23fcd2e:	0000      	.short	0x0000
 23fcd30:	1007a980 	.word	0x1007a980
 23fcd34:	00000054 	.word	0x00000054

023fcd38 <HAL_RNG_GetRandomNumber>:

DYNALIB_BEGIN(hal)

#if PLATFORM_ID > PLATFORM_GCC
DYNALIB_FN(0, hal, HAL_RNG_Configuration, void(void))
DYNALIB_FN(1, hal, HAL_RNG_GetRandomNumber, uint32_t(void))
 23fcd38:	b509      	push	{r0, r3, lr}
 23fcd3a:	4804      	ldr	r0, [pc, #16]	; (23fcd4c <HAL_RNG_GetRandomNumber+0x14>)
 23fcd3c:	6800      	ldr	r0, [r0, #0]
 23fcd3e:	4b04      	ldr	r3, [pc, #16]	; (23fcd50 <HAL_RNG_GetRandomNumber+0x18>)
 23fcd40:	4403      	add	r3, r0
 23fcd42:	681b      	ldr	r3, [r3, #0]
 23fcd44:	685b      	ldr	r3, [r3, #4]
 23fcd46:	9302      	str	r3, [sp, #8]
 23fcd48:	bd09      	pop	{r0, r3, pc}
 23fcd4a:	0000      	.short	0x0000
 23fcd4c:	1007a980 	.word	0x1007a980
 23fcd50:	00000000 	.word	0x00000000

023fcd54 <HAL_Delay_Microseconds>:
#else
#define BASE_IDX 0
#endif // PLATFORM_ID > PLATFORM_GCC

DYNALIB_FN(BASE_IDX + 0, hal, HAL_Delay_Milliseconds, void(uint32_t))
DYNALIB_FN(BASE_IDX + 1, hal, HAL_Delay_Microseconds, void(uint32_t))
 23fcd54:	b509      	push	{r0, r3, lr}
 23fcd56:	4804      	ldr	r0, [pc, #16]	; (23fcd68 <HAL_Delay_Microseconds+0x14>)
 23fcd58:	6800      	ldr	r0, [r0, #0]
 23fcd5a:	4b04      	ldr	r3, [pc, #16]	; (23fcd6c <HAL_Delay_Microseconds+0x18>)
 23fcd5c:	4403      	add	r3, r0
 23fcd5e:	681b      	ldr	r3, [r3, #0]
 23fcd60:	68db      	ldr	r3, [r3, #12]
 23fcd62:	9302      	str	r3, [sp, #8]
 23fcd64:	bd09      	pop	{r0, r3, pc}
 23fcd66:	0000      	.short	0x0000
 23fcd68:	1007a980 	.word	0x1007a980
 23fcd6c:	00000000 	.word	0x00000000

023fcd70 <HAL_Timer_Get_Micro_Seconds>:
DYNALIB_FN(BASE_IDX + 2, hal, HAL_Timer_Get_Micro_Seconds, system_tick_t(void))
 23fcd70:	b509      	push	{r0, r3, lr}
 23fcd72:	4804      	ldr	r0, [pc, #16]	; (23fcd84 <HAL_Timer_Get_Micro_Seconds+0x14>)
 23fcd74:	6800      	ldr	r0, [r0, #0]
 23fcd76:	4b04      	ldr	r3, [pc, #16]	; (23fcd88 <HAL_Timer_Get_Micro_Seconds+0x18>)
 23fcd78:	4403      	add	r3, r0
 23fcd7a:	681b      	ldr	r3, [r3, #0]
 23fcd7c:	691b      	ldr	r3, [r3, #16]
 23fcd7e:	9302      	str	r3, [sp, #8]
 23fcd80:	bd09      	pop	{r0, r3, pc}
 23fcd82:	0000      	.short	0x0000
 23fcd84:	1007a980 	.word	0x1007a980
 23fcd88:	00000000 	.word	0x00000000

023fcd8c <HAL_Timer_Get_Milli_Seconds>:
DYNALIB_FN(BASE_IDX + 3, hal, HAL_Timer_Get_Milli_Seconds, system_tick_t(void))
 23fcd8c:	b509      	push	{r0, r3, lr}
 23fcd8e:	4804      	ldr	r0, [pc, #16]	; (23fcda0 <HAL_Timer_Get_Milli_Seconds+0x14>)
 23fcd90:	6800      	ldr	r0, [r0, #0]
 23fcd92:	4b04      	ldr	r3, [pc, #16]	; (23fcda4 <HAL_Timer_Get_Milli_Seconds+0x18>)
 23fcd94:	4403      	add	r3, r0
 23fcd96:	681b      	ldr	r3, [r3, #0]
 23fcd98:	695b      	ldr	r3, [r3, #20]
 23fcd9a:	9302      	str	r3, [sp, #8]
 23fcd9c:	bd09      	pop	{r0, r3, pc}
 23fcd9e:	0000      	.short	0x0000
 23fcda0:	1007a980 	.word	0x1007a980
 23fcda4:	00000000 	.word	0x00000000

023fcda8 <hal_timer_millis>:
DYNALIB_FN(BASE_IDX + 17, hal, HAL_EEPROM_Clear, void(void))
DYNALIB_FN(BASE_IDX + 18, hal, HAL_EEPROM_Has_Pending_Erase, bool(void))
DYNALIB_FN(BASE_IDX + 19, hal, HAL_EEPROM_Perform_Pending_Erase, void(void))
DYNALIB_FN(BASE_IDX + 20, hal, hal_rtc_time_is_valid, bool(void*))

DYNALIB_FN(BASE_IDX + 21, hal, hal_timer_millis, uint64_t(void*))
 23fcda8:	b509      	push	{r0, r3, lr}
 23fcdaa:	4804      	ldr	r0, [pc, #16]	; (23fcdbc <hal_timer_millis+0x14>)
 23fcdac:	6800      	ldr	r0, [r0, #0]
 23fcdae:	4b04      	ldr	r3, [pc, #16]	; (23fcdc0 <hal_timer_millis+0x18>)
 23fcdb0:	4403      	add	r3, r0
 23fcdb2:	681b      	ldr	r3, [r3, #0]
 23fcdb4:	6ddb      	ldr	r3, [r3, #92]	; 0x5c
 23fcdb6:	9302      	str	r3, [sp, #8]
 23fcdb8:	bd09      	pop	{r0, r3, pc}
 23fcdba:	0000      	.short	0x0000
 23fcdbc:	1007a980 	.word	0x1007a980
 23fcdc0:	00000000 	.word	0x00000000

023fcdc4 <os_mutex_recursive_create>:
DYNALIB_FN(13, hal_concurrent, os_mutex_destroy, int(os_mutex_t))
DYNALIB_FN(14, hal_concurrent, os_mutex_lock, int(os_mutex_t))
DYNALIB_FN(15, hal_concurrent, os_mutex_trylock, int(os_mutex_t))
DYNALIB_FN(16, hal_concurrent, os_mutex_unlock, int(os_mutex_t))

DYNALIB_FN(17, hal_concurrent, os_mutex_recursive_create, int(os_mutex_recursive_t*))
 23fcdc4:	b509      	push	{r0, r3, lr}
 23fcdc6:	4804      	ldr	r0, [pc, #16]	; (23fcdd8 <os_mutex_recursive_create+0x14>)
 23fcdc8:	6800      	ldr	r0, [r0, #0]
 23fcdca:	4b04      	ldr	r3, [pc, #16]	; (23fcddc <os_mutex_recursive_create+0x18>)
 23fcdcc:	4403      	add	r3, r0
 23fcdce:	681b      	ldr	r3, [r3, #0]
 23fcdd0:	6c5b      	ldr	r3, [r3, #68]	; 0x44
 23fcdd2:	9302      	str	r3, [sp, #8]
 23fcdd4:	bd09      	pop	{r0, r3, pc}
 23fcdd6:	0000      	.short	0x0000
 23fcdd8:	1007a980 	.word	0x1007a980
 23fcddc:	00000030 	.word	0x00000030

023fcde0 <inet_inet_ntop>:
DYNALIB_FN(0, hal_inet, inet_inet_addr, in_addr_t(const char*))
DYNALIB_FN(1, hal_inet, inet_inet_aton, int(const char*, struct in_addr*))
DYNALIB_FN(2, hal_inet, inet_inet_network, in_addr_t(const char*))
DYNALIB_FN(3, hal_inet, inet_inet_ntoa, char*(struct in_addr))
DYNALIB_FN(4, hal_inet, inet_inet_ntoa_r, char*(struct in_addr, char*, socklen_t))
DYNALIB_FN(5, hal_inet, inet_inet_ntop, const char*(int, const void*, char*, socklen_t))
 23fcde0:	b509      	push	{r0, r3, lr}
 23fcde2:	4804      	ldr	r0, [pc, #16]	; (23fcdf4 <inet_inet_ntop+0x14>)
 23fcde4:	6800      	ldr	r0, [r0, #0]
 23fcde6:	4b04      	ldr	r3, [pc, #16]	; (23fcdf8 <inet_inet_ntop+0x18>)
 23fcde8:	4403      	add	r3, r0
 23fcdea:	681b      	ldr	r3, [r3, #0]
 23fcdec:	695b      	ldr	r3, [r3, #20]
 23fcdee:	9302      	str	r3, [sp, #8]
 23fcdf0:	bd09      	pop	{r0, r3, pc}
 23fcdf2:	0000      	.short	0x0000
 23fcdf4:	1007a980 	.word	0x1007a980
 23fcdf8:	0000004c 	.word	0x0000004c

023fcdfc <inet_htonl>:
DYNALIB_FN(6, hal_inet, inet_inet_pton, int(int, const char*, void*))
DYNALIB_FN(7, hal_inet, inet_ntohl, uint32_t(uint32_t))
DYNALIB_FN(8, hal_inet, inet_htonl, uint32_t(uint32_t))
 23fcdfc:	b509      	push	{r0, r3, lr}
 23fcdfe:	4804      	ldr	r0, [pc, #16]	; (23fce10 <inet_htonl+0x14>)
 23fce00:	6800      	ldr	r0, [r0, #0]
 23fce02:	4b04      	ldr	r3, [pc, #16]	; (23fce14 <inet_htonl+0x18>)
 23fce04:	4403      	add	r3, r0
 23fce06:	681b      	ldr	r3, [r3, #0]
 23fce08:	6a1b      	ldr	r3, [r3, #32]
 23fce0a:	9302      	str	r3, [sp, #8]
 23fce0c:	bd09      	pop	{r0, r3, pc}
 23fce0e:	0000      	.short	0x0000
 23fce10:	1007a980 	.word	0x1007a980
 23fce14:	0000004c 	.word	0x0000004c

023fce18 <inet_htons>:
DYNALIB_FN(9, hal_inet, inet_ntohs, uint16_t(uint16_t))
DYNALIB_FN(10, hal_inet, inet_htons, uint16_t(uint16_t))
 23fce18:	b509      	push	{r0, r3, lr}
 23fce1a:	4804      	ldr	r0, [pc, #16]	; (23fce2c <inet_htons+0x14>)
 23fce1c:	6800      	ldr	r0, [r0, #0]
 23fce1e:	4b04      	ldr	r3, [pc, #16]	; (23fce30 <inet_htons+0x18>)
 23fce20:	4403      	add	r3, r0
 23fce22:	681b      	ldr	r3, [r3, #0]
 23fce24:	6a9b      	ldr	r3, [r3, #40]	; 0x28
 23fce26:	9302      	str	r3, [sp, #8]
 23fce28:	bd09      	pop	{r0, r3, pc}
 23fce2a:	0000      	.short	0x0000
 23fce2c:	1007a980 	.word	0x1007a980
 23fce30:	0000004c 	.word	0x0000004c

023fce34 <hal_usart_write>:
#endif

DYNALIB_FN(BASE_IDX + 0, hal_usart, hal_usart_init, void(hal_usart_interface_t, hal_usart_ring_buffer_t*, hal_usart_ring_buffer_t*))
DYNALIB_FN(BASE_IDX + 1, hal_usart, hal_usart_begin, void(hal_usart_interface_t, uint32_t))
DYNALIB_FN(BASE_IDX + 2, hal_usart, hal_usart_end, void(hal_usart_interface_t))
DYNALIB_FN(BASE_IDX + 3, hal_usart, hal_usart_write, uint32_t(hal_usart_interface_t, uint8_t))
 23fce34:	b509      	push	{r0, r3, lr}
 23fce36:	4804      	ldr	r0, [pc, #16]	; (23fce48 <hal_usart_write+0x14>)
 23fce38:	6800      	ldr	r0, [r0, #0]
 23fce3a:	4b04      	ldr	r3, [pc, #16]	; (23fce4c <hal_usart_write+0x18>)
 23fce3c:	4403      	add	r3, r0
 23fce3e:	681b      	ldr	r3, [r3, #0]
 23fce40:	68db      	ldr	r3, [r3, #12]
 23fce42:	9302      	str	r3, [sp, #8]
 23fce44:	bd09      	pop	{r0, r3, pc}
 23fce46:	0000      	.short	0x0000
 23fce48:	1007a980 	.word	0x1007a980
 23fce4c:	00000024 	.word	0x00000024

023fce50 <hal_usart_available>:
DYNALIB_FN(BASE_IDX + 4, hal_usart, hal_usart_available, int32_t(hal_usart_interface_t))
 23fce50:	b509      	push	{r0, r3, lr}
 23fce52:	4804      	ldr	r0, [pc, #16]	; (23fce64 <hal_usart_available+0x14>)
 23fce54:	6800      	ldr	r0, [r0, #0]
 23fce56:	4b04      	ldr	r3, [pc, #16]	; (23fce68 <hal_usart_available+0x18>)
 23fce58:	4403      	add	r3, r0
 23fce5a:	681b      	ldr	r3, [r3, #0]
 23fce5c:	691b      	ldr	r3, [r3, #16]
 23fce5e:	9302      	str	r3, [sp, #8]
 23fce60:	bd09      	pop	{r0, r3, pc}
 23fce62:	0000      	.short	0x0000
 23fce64:	1007a980 	.word	0x1007a980
 23fce68:	00000024 	.word	0x00000024

023fce6c <hal_usart_read>:
DYNALIB_FN(BASE_IDX + 5, hal_usart, hal_usart_read, int32_t(hal_usart_interface_t))
 23fce6c:	b509      	push	{r0, r3, lr}
 23fce6e:	4804      	ldr	r0, [pc, #16]	; (23fce80 <hal_usart_read+0x14>)
 23fce70:	6800      	ldr	r0, [r0, #0]
 23fce72:	4b04      	ldr	r3, [pc, #16]	; (23fce84 <hal_usart_read+0x18>)
 23fce74:	4403      	add	r3, r0
 23fce76:	681b      	ldr	r3, [r3, #0]
 23fce78:	695b      	ldr	r3, [r3, #20]
 23fce7a:	9302      	str	r3, [sp, #8]
 23fce7c:	bd09      	pop	{r0, r3, pc}
 23fce7e:	0000      	.short	0x0000
 23fce80:	1007a980 	.word	0x1007a980
 23fce84:	00000024 	.word	0x00000024

023fce88 <hal_usart_peek>:
DYNALIB_FN(BASE_IDX + 6, hal_usart, hal_usart_peek, int32_t(hal_usart_interface_t))
 23fce88:	b509      	push	{r0, r3, lr}
 23fce8a:	4804      	ldr	r0, [pc, #16]	; (23fce9c <hal_usart_peek+0x14>)
 23fce8c:	6800      	ldr	r0, [r0, #0]
 23fce8e:	4b04      	ldr	r3, [pc, #16]	; (23fcea0 <hal_usart_peek+0x18>)
 23fce90:	4403      	add	r3, r0
 23fce92:	681b      	ldr	r3, [r3, #0]
 23fce94:	699b      	ldr	r3, [r3, #24]
 23fce96:	9302      	str	r3, [sp, #8]
 23fce98:	bd09      	pop	{r0, r3, pc}
 23fce9a:	0000      	.short	0x0000
 23fce9c:	1007a980 	.word	0x1007a980
 23fcea0:	00000024 	.word	0x00000024

023fcea4 <hal_usart_flush>:
DYNALIB_FN(BASE_IDX + 7, hal_usart, hal_usart_flush, void(hal_usart_interface_t))
 23fcea4:	b509      	push	{r0, r3, lr}
 23fcea6:	4804      	ldr	r0, [pc, #16]	; (23fceb8 <hal_usart_flush+0x14>)
 23fcea8:	6800      	ldr	r0, [r0, #0]
 23fceaa:	4b04      	ldr	r3, [pc, #16]	; (23fcebc <hal_usart_flush+0x18>)
 23fceac:	4403      	add	r3, r0
 23fceae:	681b      	ldr	r3, [r3, #0]
 23fceb0:	69db      	ldr	r3, [r3, #28]
 23fceb2:	9302      	str	r3, [sp, #8]
 23fceb4:	bd09      	pop	{r0, r3, pc}
 23fceb6:	0000      	.short	0x0000
 23fceb8:	1007a980 	.word	0x1007a980
 23fcebc:	00000024 	.word	0x00000024

023fcec0 <hal_usart_is_enabled>:
DYNALIB_FN(BASE_IDX + 8, hal_usart, hal_usart_is_enabled, bool(hal_usart_interface_t))
 23fcec0:	b509      	push	{r0, r3, lr}
 23fcec2:	4804      	ldr	r0, [pc, #16]	; (23fced4 <hal_usart_is_enabled+0x14>)
 23fcec4:	6800      	ldr	r0, [r0, #0]
 23fcec6:	4b04      	ldr	r3, [pc, #16]	; (23fced8 <hal_usart_is_enabled+0x18>)
 23fcec8:	4403      	add	r3, r0
 23fceca:	681b      	ldr	r3, [r3, #0]
 23fcecc:	6a1b      	ldr	r3, [r3, #32]
 23fcece:	9302      	str	r3, [sp, #8]
 23fced0:	bd09      	pop	{r0, r3, pc}
 23fced2:	0000      	.short	0x0000
 23fced4:	1007a980 	.word	0x1007a980
 23fced8:	00000024 	.word	0x00000024

023fcedc <hal_usart_available_data_for_write>:
DYNALIB_FN(BASE_IDX + 9, hal_usart, hal_usart_half_duplex, void(hal_usart_interface_t, bool))
DYNALIB_FN(BASE_IDX + 10, hal_usart, hal_usart_available_data_for_write, int32_t(hal_usart_interface_t))
 23fcedc:	b509      	push	{r0, r3, lr}
 23fcede:	4804      	ldr	r0, [pc, #16]	; (23fcef0 <hal_usart_available_data_for_write+0x14>)
 23fcee0:	6800      	ldr	r0, [r0, #0]
 23fcee2:	4b04      	ldr	r3, [pc, #16]	; (23fcef4 <hal_usart_available_data_for_write+0x18>)
 23fcee4:	4403      	add	r3, r0
 23fcee6:	681b      	ldr	r3, [r3, #0]
 23fcee8:	6a9b      	ldr	r3, [r3, #40]	; 0x28
 23fceea:	9302      	str	r3, [sp, #8]
 23fceec:	bd09      	pop	{r0, r3, pc}
 23fceee:	0000      	.short	0x0000
 23fcef0:	1007a980 	.word	0x1007a980
 23fcef4:	00000024 	.word	0x00000024

023fcef8 <hal_usart_init_ex>:
DYNALIB_FN(BASE_IDX2 + 0, hal_usart, hal_usart_begin_config, void(hal_usart_interface_t serial, uint32_t baud, uint32_t config, void *ptr))
DYNALIB_FN(BASE_IDX2 + 1, hal_usart, hal_usart_write_nine_bits, uint32_t(hal_usart_interface_t serial, uint16_t data))
DYNALIB_FN(BASE_IDX2 + 2, hal_usart, hal_usart_send_break, void(hal_usart_interface_t, void*))
DYNALIB_FN(BASE_IDX2 + 3, hal_usart, hal_usart_break_detected, uint8_t(hal_usart_interface_t))
DYNALIB_FN(BASE_IDX2 + 4, hal_usart, hal_usart_sleep, int(hal_usart_interface_t serial, bool, void*))
DYNALIB_FN(BASE_IDX2 + 5, hal_usart, hal_usart_init_ex, int(hal_usart_interface_t, const hal_usart_buffer_config_t*, void*))
 23fcef8:	b509      	push	{r0, r3, lr}
 23fcefa:	4804      	ldr	r0, [pc, #16]	; (23fcf0c <hal_usart_init_ex+0x14>)
 23fcefc:	6800      	ldr	r0, [r0, #0]
 23fcefe:	4b04      	ldr	r3, [pc, #16]	; (23fcf10 <hal_usart_init_ex+0x18>)
 23fcf00:	4403      	add	r3, r0
 23fcf02:	681b      	ldr	r3, [r3, #0]
 23fcf04:	6c1b      	ldr	r3, [r3, #64]	; 0x40
 23fcf06:	9302      	str	r3, [sp, #8]
 23fcf08:	bd09      	pop	{r0, r3, pc}
 23fcf0a:	0000      	.short	0x0000
 23fcf0c:	1007a980 	.word	0x1007a980
 23fcf10:	00000024 	.word	0x00000024

023fcf14 <hal_i2c_begin_transmission>:
DYNALIB_FN(1, hal_i2c, hal_i2c_enable_dma_mode, void(hal_i2c_interface_t, bool, void*))
DYNALIB_FN(2, hal_i2c, hal_i2c_stretch_clock, void(hal_i2c_interface_t, bool, void*))
DYNALIB_FN(3, hal_i2c, hal_i2c_begin, void(hal_i2c_interface_t, hal_i2c_mode_t, uint8_t, void*))
DYNALIB_FN(4, hal_i2c, hal_i2c_end, void(hal_i2c_interface_t, void*))
DYNALIB_FN(5, hal_i2c, hal_i2c_request, uint32_t(hal_i2c_interface_t, uint8_t, uint8_t, uint8_t, void*))
DYNALIB_FN(6, hal_i2c, hal_i2c_begin_transmission, void(hal_i2c_interface_t, uint8_t, const hal_i2c_transmission_config_t*))
 23fcf14:	b509      	push	{r0, r3, lr}
 23fcf16:	4804      	ldr	r0, [pc, #16]	; (23fcf28 <hal_i2c_begin_transmission+0x14>)
 23fcf18:	6800      	ldr	r0, [r0, #0]
 23fcf1a:	4b04      	ldr	r3, [pc, #16]	; (23fcf2c <hal_i2c_begin_transmission+0x18>)
 23fcf1c:	4403      	add	r3, r0
 23fcf1e:	681b      	ldr	r3, [r3, #0]
 23fcf20:	699b      	ldr	r3, [r3, #24]
 23fcf22:	9302      	str	r3, [sp, #8]
 23fcf24:	bd09      	pop	{r0, r3, pc}
 23fcf26:	0000      	.short	0x0000
 23fcf28:	1007a980 	.word	0x1007a980
 23fcf2c:	00000010 	.word	0x00000010

023fcf30 <hal_i2c_end_transmission>:
DYNALIB_FN(7, hal_i2c, hal_i2c_end_transmission, uint8_t(hal_i2c_interface_t, uint8_t, void*))
 23fcf30:	b509      	push	{r0, r3, lr}
 23fcf32:	4804      	ldr	r0, [pc, #16]	; (23fcf44 <hal_i2c_end_transmission+0x14>)
 23fcf34:	6800      	ldr	r0, [r0, #0]
 23fcf36:	4b04      	ldr	r3, [pc, #16]	; (23fcf48 <hal_i2c_end_transmission+0x18>)
 23fcf38:	4403      	add	r3, r0
 23fcf3a:	681b      	ldr	r3, [r3, #0]
 23fcf3c:	69db      	ldr	r3, [r3, #28]
 23fcf3e:	9302      	str	r3, [sp, #8]
 23fcf40:	bd09      	pop	{r0, r3, pc}
 23fcf42:	0000      	.short	0x0000
 23fcf44:	1007a980 	.word	0x1007a980
 23fcf48:	00000010 	.word	0x00000010

023fcf4c <hal_i2c_write>:
DYNALIB_FN(8, hal_i2c, hal_i2c_write, uint32_t(hal_i2c_interface_t, uint8_t, void*))
 23fcf4c:	b509      	push	{r0, r3, lr}
 23fcf4e:	4804      	ldr	r0, [pc, #16]	; (23fcf60 <hal_i2c_write+0x14>)
 23fcf50:	6800      	ldr	r0, [r0, #0]
 23fcf52:	4b04      	ldr	r3, [pc, #16]	; (23fcf64 <hal_i2c_write+0x18>)
 23fcf54:	4403      	add	r3, r0
 23fcf56:	681b      	ldr	r3, [r3, #0]
 23fcf58:	6a1b      	ldr	r3, [r3, #32]
 23fcf5a:	9302      	str	r3, [sp, #8]
 23fcf5c:	bd09      	pop	{r0, r3, pc}
 23fcf5e:	0000      	.short	0x0000
 23fcf60:	1007a980 	.word	0x1007a980
 23fcf64:	00000010 	.word	0x00000010

023fcf68 <hal_i2c_available>:
DYNALIB_FN(9, hal_i2c, hal_i2c_available, int32_t(hal_i2c_interface_t, void*))
 23fcf68:	b509      	push	{r0, r3, lr}
 23fcf6a:	4804      	ldr	r0, [pc, #16]	; (23fcf7c <hal_i2c_available+0x14>)
 23fcf6c:	6800      	ldr	r0, [r0, #0]
 23fcf6e:	4b04      	ldr	r3, [pc, #16]	; (23fcf80 <hal_i2c_available+0x18>)
 23fcf70:	4403      	add	r3, r0
 23fcf72:	681b      	ldr	r3, [r3, #0]
 23fcf74:	6a5b      	ldr	r3, [r3, #36]	; 0x24
 23fcf76:	9302      	str	r3, [sp, #8]
 23fcf78:	bd09      	pop	{r0, r3, pc}
 23fcf7a:	0000      	.short	0x0000
 23fcf7c:	1007a980 	.word	0x1007a980
 23fcf80:	00000010 	.word	0x00000010

023fcf84 <hal_i2c_read>:
DYNALIB_FN(10, hal_i2c, hal_i2c_read, int32_t(hal_i2c_interface_t, void*))
 23fcf84:	b509      	push	{r0, r3, lr}
 23fcf86:	4804      	ldr	r0, [pc, #16]	; (23fcf98 <hal_i2c_read+0x14>)
 23fcf88:	6800      	ldr	r0, [r0, #0]
 23fcf8a:	4b04      	ldr	r3, [pc, #16]	; (23fcf9c <hal_i2c_read+0x18>)
 23fcf8c:	4403      	add	r3, r0
 23fcf8e:	681b      	ldr	r3, [r3, #0]
 23fcf90:	6a9b      	ldr	r3, [r3, #40]	; 0x28
 23fcf92:	9302      	str	r3, [sp, #8]
 23fcf94:	bd09      	pop	{r0, r3, pc}
 23fcf96:	0000      	.short	0x0000
 23fcf98:	1007a980 	.word	0x1007a980
 23fcf9c:	00000010 	.word	0x00000010

023fcfa0 <hal_i2c_peek>:
DYNALIB_FN(11, hal_i2c, hal_i2c_peek, int32_t(hal_i2c_interface_t, void*))
 23fcfa0:	b509      	push	{r0, r3, lr}
 23fcfa2:	4804      	ldr	r0, [pc, #16]	; (23fcfb4 <hal_i2c_peek+0x14>)
 23fcfa4:	6800      	ldr	r0, [r0, #0]
 23fcfa6:	4b04      	ldr	r3, [pc, #16]	; (23fcfb8 <hal_i2c_peek+0x18>)
 23fcfa8:	4403      	add	r3, r0
 23fcfaa:	681b      	ldr	r3, [r3, #0]
 23fcfac:	6adb      	ldr	r3, [r3, #44]	; 0x2c
 23fcfae:	9302      	str	r3, [sp, #8]
 23fcfb0:	bd09      	pop	{r0, r3, pc}
 23fcfb2:	0000      	.short	0x0000
 23fcfb4:	1007a980 	.word	0x1007a980
 23fcfb8:	00000010 	.word	0x00000010

023fcfbc <hal_i2c_flush>:
DYNALIB_FN(12, hal_i2c, hal_i2c_flush, void(hal_i2c_interface_t, void*))
 23fcfbc:	b509      	push	{r0, r3, lr}
 23fcfbe:	4804      	ldr	r0, [pc, #16]	; (23fcfd0 <hal_i2c_flush+0x14>)
 23fcfc0:	6800      	ldr	r0, [r0, #0]
 23fcfc2:	4b04      	ldr	r3, [pc, #16]	; (23fcfd4 <hal_i2c_flush+0x18>)
 23fcfc4:	4403      	add	r3, r0
 23fcfc6:	681b      	ldr	r3, [r3, #0]
 23fcfc8:	6b1b      	ldr	r3, [r3, #48]	; 0x30
 23fcfca:	9302      	str	r3, [sp, #8]
 23fcfcc:	bd09      	pop	{r0, r3, pc}
 23fcfce:	0000      	.short	0x0000
 23fcfd0:	1007a980 	.word	0x1007a980
 23fcfd4:	00000010 	.word	0x00000010

023fcfd8 <hal_i2c_is_enabled>:
DYNALIB_FN(13, hal_i2c, hal_i2c_is_enabled, bool(hal_i2c_interface_t, void*))
 23fcfd8:	b509      	push	{r0, r3, lr}
 23fcfda:	4804      	ldr	r0, [pc, #16]	; (23fcfec <hal_i2c_is_enabled+0x14>)
 23fcfdc:	6800      	ldr	r0, [r0, #0]
 23fcfde:	4b04      	ldr	r3, [pc, #16]	; (23fcff0 <hal_i2c_is_enabled+0x18>)
 23fcfe0:	4403      	add	r3, r0
 23fcfe2:	681b      	ldr	r3, [r3, #0]
 23fcfe4:	6b5b      	ldr	r3, [r3, #52]	; 0x34
 23fcfe6:	9302      	str	r3, [sp, #8]
 23fcfe8:	bd09      	pop	{r0, r3, pc}
 23fcfea:	0000      	.short	0x0000
 23fcfec:	1007a980 	.word	0x1007a980
 23fcff0:	00000010 	.word	0x00000010

023fcff4 <hal_i2c_init>:
DYNALIB_FN(14, hal_i2c, hal_i2c_set_callback_on_received, void(hal_i2c_interface_t, void(*)(int), void*))
DYNALIB_FN(15, hal_i2c, hal_i2c_set_callback_on_requested, void(hal_i2c_interface_t, void(*)(void), void*))
DYNALIB_FN(16, hal_i2c, hal_i2c_init, int(hal_i2c_interface_t, const hal_i2c_config_t*))
 23fcff4:	b509      	push	{r0, r3, lr}
 23fcff6:	4804      	ldr	r0, [pc, #16]	; (23fd008 <hal_i2c_init+0x14>)
 23fcff8:	6800      	ldr	r0, [r0, #0]
 23fcffa:	4b04      	ldr	r3, [pc, #16]	; (23fd00c <hal_i2c_init+0x18>)
 23fcffc:	4403      	add	r3, r0
 23fcffe:	681b      	ldr	r3, [r3, #0]
 23fd000:	6c1b      	ldr	r3, [r3, #64]	; 0x40
 23fd002:	9302      	str	r3, [sp, #8]
 23fd004:	bd09      	pop	{r0, r3, pc}
 23fd006:	0000      	.short	0x0000
 23fd008:	1007a980 	.word	0x1007a980
 23fd00c:	00000010 	.word	0x00000010

023fd010 <sock_setsockopt>:
DYNALIB_FN(1, hal_socket, sock_bind, int(int, const struct sockaddr*, socklen_t))
DYNALIB_FN(2, hal_socket, sock_shutdown, int(int, int))
DYNALIB_FN(3, hal_socket, sock_getpeername, int(int, struct sockaddr*, socklen_t*))
DYNALIB_FN(4, hal_socket, sock_getsockname, int(int, struct sockaddr*, socklen_t*))
DYNALIB_FN(5, hal_socket, sock_getsockopt, int(int, int, int, void*, socklen_t*))
DYNALIB_FN(6, hal_socket, sock_setsockopt, int(int, int, int, const void*, socklen_t))
 23fd010:	b509      	push	{r0, r3, lr}
 23fd012:	4804      	ldr	r0, [pc, #16]	; (23fd024 <sock_setsockopt+0x14>)
 23fd014:	6800      	ldr	r0, [r0, #0]
 23fd016:	4b04      	ldr	r3, [pc, #16]	; (23fd028 <sock_setsockopt+0x18>)
 23fd018:	4403      	add	r3, r0
 23fd01a:	681b      	ldr	r3, [r3, #0]
 23fd01c:	699b      	ldr	r3, [r3, #24]
 23fd01e:	9302      	str	r3, [sp, #8]
 23fd020:	bd09      	pop	{r0, r3, pc}
 23fd022:	0000      	.short	0x0000
 23fd024:	1007a980 	.word	0x1007a980
 23fd028:	00000020 	.word	0x00000020

023fd02c <sock_close>:
DYNALIB_FN(7, hal_socket, sock_close, int(int))
 23fd02c:	b509      	push	{r0, r3, lr}
 23fd02e:	4804      	ldr	r0, [pc, #16]	; (23fd040 <sock_close+0x14>)
 23fd030:	6800      	ldr	r0, [r0, #0]
 23fd032:	4b04      	ldr	r3, [pc, #16]	; (23fd044 <sock_close+0x18>)
 23fd034:	4403      	add	r3, r0
 23fd036:	681b      	ldr	r3, [r3, #0]
 23fd038:	69db      	ldr	r3, [r3, #28]
 23fd03a:	9302      	str	r3, [sp, #8]
 23fd03c:	bd09      	pop	{r0, r3, pc}
 23fd03e:	0000      	.short	0x0000
 23fd040:	1007a980 	.word	0x1007a980
 23fd044:	00000020 	.word	0x00000020

023fd048 <sock_connect>:
DYNALIB_FN(8, hal_socket, sock_connect, int(int, const struct sockaddr*, socklen_t))
 23fd048:	b509      	push	{r0, r3, lr}
 23fd04a:	4804      	ldr	r0, [pc, #16]	; (23fd05c <sock_connect+0x14>)
 23fd04c:	6800      	ldr	r0, [r0, #0]
 23fd04e:	4b04      	ldr	r3, [pc, #16]	; (23fd060 <sock_connect+0x18>)
 23fd050:	4403      	add	r3, r0
 23fd052:	681b      	ldr	r3, [r3, #0]
 23fd054:	6a1b      	ldr	r3, [r3, #32]
 23fd056:	9302      	str	r3, [sp, #8]
 23fd058:	bd09      	pop	{r0, r3, pc}
 23fd05a:	0000      	.short	0x0000
 23fd05c:	1007a980 	.word	0x1007a980
 23fd060:	00000020 	.word	0x00000020

023fd064 <sock_recv>:
DYNALIB_FN(9, hal_socket, sock_listen, int(int, int))
DYNALIB_FN(10, hal_socket, sock_recv, int(int, void*, size_t, int))
 23fd064:	b509      	push	{r0, r3, lr}
 23fd066:	4804      	ldr	r0, [pc, #16]	; (23fd078 <sock_recv+0x14>)
 23fd068:	6800      	ldr	r0, [r0, #0]
 23fd06a:	4b04      	ldr	r3, [pc, #16]	; (23fd07c <sock_recv+0x18>)
 23fd06c:	4403      	add	r3, r0
 23fd06e:	681b      	ldr	r3, [r3, #0]
 23fd070:	6a9b      	ldr	r3, [r3, #40]	; 0x28
 23fd072:	9302      	str	r3, [sp, #8]
 23fd074:	bd09      	pop	{r0, r3, pc}
 23fd076:	0000      	.short	0x0000
 23fd078:	1007a980 	.word	0x1007a980
 23fd07c:	00000020 	.word	0x00000020

023fd080 <sock_send>:
DYNALIB_FN(11, hal_socket, sock_recvfrom, int(int, void*, size_t, int, struct sockaddr*, socklen_t*))
DYNALIB_FN(12, hal_socket, sock_send, int(int, const void*, size_t, int))
 23fd080:	b509      	push	{r0, r3, lr}
 23fd082:	4804      	ldr	r0, [pc, #16]	; (23fd094 <sock_send+0x14>)
 23fd084:	6800      	ldr	r0, [r0, #0]
 23fd086:	4b04      	ldr	r3, [pc, #16]	; (23fd098 <sock_send+0x18>)
 23fd088:	4403      	add	r3, r0
 23fd08a:	681b      	ldr	r3, [r3, #0]
 23fd08c:	6b1b      	ldr	r3, [r3, #48]	; 0x30
 23fd08e:	9302      	str	r3, [sp, #8]
 23fd090:	bd09      	pop	{r0, r3, pc}
 23fd092:	0000      	.short	0x0000
 23fd094:	1007a980 	.word	0x1007a980
 23fd098:	00000020 	.word	0x00000020

023fd09c <sock_socket>:
DYNALIB_FN(13, hal_socket, sock_sendto, int(int, const void*, size_t, int, const struct sockaddr*, socklen_t))
DYNALIB_FN(14, hal_socket, sock_socket, int(int, int, int))
 23fd09c:	b509      	push	{r0, r3, lr}
 23fd09e:	4804      	ldr	r0, [pc, #16]	; (23fd0b0 <sock_socket+0x14>)
 23fd0a0:	6800      	ldr	r0, [r0, #0]
 23fd0a2:	4b04      	ldr	r3, [pc, #16]	; (23fd0b4 <sock_socket+0x18>)
 23fd0a4:	4403      	add	r3, r0
 23fd0a6:	681b      	ldr	r3, [r3, #0]
 23fd0a8:	6b9b      	ldr	r3, [r3, #56]	; 0x38
 23fd0aa:	9302      	str	r3, [sp, #8]
 23fd0ac:	bd09      	pop	{r0, r3, pc}
 23fd0ae:	0000      	.short	0x0000
 23fd0b0:	1007a980 	.word	0x1007a980
 23fd0b4:	00000020 	.word	0x00000020

023fd0b8 <hal_spi_set_clock_divider>:

DYNALIB_FN(0, hal_spi, hal_spi_begin, void(hal_spi_interface_t, uint16_t))
DYNALIB_FN(1, hal_spi, hal_spi_end, void(hal_spi_interface_t))
DYNALIB_FN(2, hal_spi, hal_spi_set_bit_order, void(hal_spi_interface_t, uint8_t))
DYNALIB_FN(3, hal_spi, hal_spi_set_data_mode, void(hal_spi_interface_t, uint8_t))
DYNALIB_FN(4, hal_spi, hal_spi_set_clock_divider, void(hal_spi_interface_t, uint8_t))
 23fd0b8:	b509      	push	{r0, r3, lr}
 23fd0ba:	4804      	ldr	r0, [pc, #16]	; (23fd0cc <hal_spi_set_clock_divider+0x14>)
 23fd0bc:	6800      	ldr	r0, [r0, #0]
 23fd0be:	4b04      	ldr	r3, [pc, #16]	; (23fd0d0 <hal_spi_set_clock_divider+0x18>)
 23fd0c0:	4403      	add	r3, r0
 23fd0c2:	681b      	ldr	r3, [r3, #0]
 23fd0c4:	691b      	ldr	r3, [r3, #16]
 23fd0c6:	9302      	str	r3, [sp, #8]
 23fd0c8:	bd09      	pop	{r0, r3, pc}
 23fd0ca:	0000      	.short	0x0000
 23fd0cc:	1007a980 	.word	0x1007a980
 23fd0d0:	00000018 	.word	0x00000018

023fd0d4 <hal_spi_transfer>:
DYNALIB_FN(5, hal_spi, hal_spi_transfer, uint16_t(hal_spi_interface_t, uint16_t))
 23fd0d4:	b509      	push	{r0, r3, lr}
 23fd0d6:	4804      	ldr	r0, [pc, #16]	; (23fd0e8 <hal_spi_transfer+0x14>)
 23fd0d8:	6800      	ldr	r0, [r0, #0]
 23fd0da:	4b04      	ldr	r3, [pc, #16]	; (23fd0ec <hal_spi_transfer+0x18>)
 23fd0dc:	4403      	add	r3, r0
 23fd0de:	681b      	ldr	r3, [r3, #0]
 23fd0e0:	695b      	ldr	r3, [r3, #20]
 23fd0e2:	9302      	str	r3, [sp, #8]
 23fd0e4:	bd09      	pop	{r0, r3, pc}
 23fd0e6:	0000      	.short	0x0000
 23fd0e8:	1007a980 	.word	0x1007a980
 23fd0ec:	00000018 	.word	0x00000018

023fd0f0 <hal_spi_init>:
DYNALIB_FN(6, hal_spi, hal_spi_is_enabled_deprecated, bool(void))
DYNALIB_FN(7, hal_spi, hal_spi_init, void(hal_spi_interface_t))
 23fd0f0:	b509      	push	{r0, r3, lr}
 23fd0f2:	4804      	ldr	r0, [pc, #16]	; (23fd104 <hal_spi_init+0x14>)
 23fd0f4:	6800      	ldr	r0, [r0, #0]
 23fd0f6:	4b04      	ldr	r3, [pc, #16]	; (23fd108 <hal_spi_init+0x18>)
 23fd0f8:	4403      	add	r3, r0
 23fd0fa:	681b      	ldr	r3, [r3, #0]
 23fd0fc:	69db      	ldr	r3, [r3, #28]
 23fd0fe:	9302      	str	r3, [sp, #8]
 23fd100:	bd09      	pop	{r0, r3, pc}
 23fd102:	0000      	.short	0x0000
 23fd104:	1007a980 	.word	0x1007a980
 23fd108:	00000018 	.word	0x00000018

023fd10c <hal_spi_is_enabled>:
DYNALIB_FN(8, hal_spi, hal_spi_is_enabled, bool(hal_spi_interface_t))
 23fd10c:	b509      	push	{r0, r3, lr}
 23fd10e:	4804      	ldr	r0, [pc, #16]	; (23fd120 <hal_spi_is_enabled+0x14>)
 23fd110:	6800      	ldr	r0, [r0, #0]
 23fd112:	4b04      	ldr	r3, [pc, #16]	; (23fd124 <hal_spi_is_enabled+0x18>)
 23fd114:	4403      	add	r3, r0
 23fd116:	681b      	ldr	r3, [r3, #0]
 23fd118:	6a1b      	ldr	r3, [r3, #32]
 23fd11a:	9302      	str	r3, [sp, #8]
 23fd11c:	bd09      	pop	{r0, r3, pc}
 23fd11e:	0000      	.short	0x0000
 23fd120:	1007a980 	.word	0x1007a980
 23fd124:	00000018 	.word	0x00000018

023fd128 <hal_spi_info>:
DYNALIB_FN(9, hal_spi, hal_spi_info, void(hal_spi_interface_t, hal_spi_info_t*, void*))
 23fd128:	b509      	push	{r0, r3, lr}
 23fd12a:	4804      	ldr	r0, [pc, #16]	; (23fd13c <hal_spi_info+0x14>)
 23fd12c:	6800      	ldr	r0, [r0, #0]
 23fd12e:	4b04      	ldr	r3, [pc, #16]	; (23fd140 <hal_spi_info+0x18>)
 23fd130:	4403      	add	r3, r0
 23fd132:	681b      	ldr	r3, [r3, #0]
 23fd134:	6a5b      	ldr	r3, [r3, #36]	; 0x24
 23fd136:	9302      	str	r3, [sp, #8]
 23fd138:	bd09      	pop	{r0, r3, pc}
 23fd13a:	0000      	.short	0x0000
 23fd13c:	1007a980 	.word	0x1007a980
 23fd140:	00000018 	.word	0x00000018

023fd144 <hal_spi_transfer_dma>:
DYNALIB_FN(10, hal_spi, hal_spi_transfer_dma, void(hal_spi_interface_t, const void*, void*, uint32_t, hal_spi_dma_user_callback))
 23fd144:	b509      	push	{r0, r3, lr}
 23fd146:	4804      	ldr	r0, [pc, #16]	; (23fd158 <hal_spi_transfer_dma+0x14>)
 23fd148:	6800      	ldr	r0, [r0, #0]
 23fd14a:	4b04      	ldr	r3, [pc, #16]	; (23fd15c <hal_spi_transfer_dma+0x18>)
 23fd14c:	4403      	add	r3, r0
 23fd14e:	681b      	ldr	r3, [r3, #0]
 23fd150:	6a9b      	ldr	r3, [r3, #40]	; 0x28
 23fd152:	9302      	str	r3, [sp, #8]
 23fd154:	bd09      	pop	{r0, r3, pc}
 23fd156:	0000      	.short	0x0000
 23fd158:	1007a980 	.word	0x1007a980
 23fd15c:	00000018 	.word	0x00000018

023fd160 <hal_spi_begin_ext>:
DYNALIB_FN(11, hal_spi, hal_spi_begin_ext, void(hal_spi_interface_t, hal_spi_mode_t, uint16_t, const hal_spi_config_t*))
 23fd160:	b509      	push	{r0, r3, lr}
 23fd162:	4804      	ldr	r0, [pc, #16]	; (23fd174 <hal_spi_begin_ext+0x14>)
 23fd164:	6800      	ldr	r0, [r0, #0]
 23fd166:	4b04      	ldr	r3, [pc, #16]	; (23fd178 <hal_spi_begin_ext+0x18>)
 23fd168:	4403      	add	r3, r0
 23fd16a:	681b      	ldr	r3, [r3, #0]
 23fd16c:	6adb      	ldr	r3, [r3, #44]	; 0x2c
 23fd16e:	9302      	str	r3, [sp, #8]
 23fd170:	bd09      	pop	{r0, r3, pc}
 23fd172:	0000      	.short	0x0000
 23fd174:	1007a980 	.word	0x1007a980
 23fd178:	00000018 	.word	0x00000018

023fd17c <hal_spi_transfer_dma_status>:
DYNALIB_FN(12, hal_spi, hal_spi_set_callback_on_selected, void(hal_spi_interface_t, hal_spi_select_user_callback, void*))
DYNALIB_FN(13, hal_spi, hal_spi_transfer_dma_cancel, void(hal_spi_interface_t))
DYNALIB_FN(14, hal_spi, hal_spi_transfer_dma_status, int32_t(hal_spi_interface_t, hal_spi_transfer_status_t*))
 23fd17c:	b509      	push	{r0, r3, lr}
 23fd17e:	4804      	ldr	r0, [pc, #16]	; (23fd190 <hal_spi_transfer_dma_status+0x14>)
 23fd180:	6800      	ldr	r0, [r0, #0]
 23fd182:	4b04      	ldr	r3, [pc, #16]	; (23fd194 <hal_spi_transfer_dma_status+0x18>)
 23fd184:	4403      	add	r3, r0
 23fd186:	681b      	ldr	r3, [r3, #0]
 23fd188:	6b9b      	ldr	r3, [r3, #56]	; 0x38
 23fd18a:	9302      	str	r3, [sp, #8]
 23fd18c:	bd09      	pop	{r0, r3, pc}
 23fd18e:	0000      	.short	0x0000
 23fd190:	1007a980 	.word	0x1007a980
 23fd194:	00000018 	.word	0x00000018

023fd198 <hal_spi_acquire>:
DYNALIB_FN(15, hal_spi, hal_spi_set_settings, int32_t(hal_spi_interface_t, uint8_t, uint8_t, uint8_t, uint8_t, void*))
#if HAL_PLATFORM_SPI_HAL_THREAD_SAFETY
DYNALIB_FN(16, hal_spi, hal_spi_acquire, int32_t(hal_spi_interface_t, const hal_spi_acquire_config_t*))
 23fd198:	b509      	push	{r0, r3, lr}
 23fd19a:	4804      	ldr	r0, [pc, #16]	; (23fd1ac <hal_spi_acquire+0x14>)
 23fd19c:	6800      	ldr	r0, [r0, #0]
 23fd19e:	4b04      	ldr	r3, [pc, #16]	; (23fd1b0 <hal_spi_acquire+0x18>)
 23fd1a0:	4403      	add	r3, r0
 23fd1a2:	681b      	ldr	r3, [r3, #0]
 23fd1a4:	6c1b      	ldr	r3, [r3, #64]	; 0x40
 23fd1a6:	9302      	str	r3, [sp, #8]
 23fd1a8:	bd09      	pop	{r0, r3, pc}
 23fd1aa:	0000      	.short	0x0000
 23fd1ac:	1007a980 	.word	0x1007a980
 23fd1b0:	00000018 	.word	0x00000018

023fd1b4 <hal_spi_release>:
DYNALIB_FN(17, hal_spi, hal_spi_release, int32_t(hal_spi_interface_t, void*))
 23fd1b4:	b509      	push	{r0, r3, lr}
 23fd1b6:	4804      	ldr	r0, [pc, #16]	; (23fd1c8 <hal_spi_release+0x14>)
 23fd1b8:	6800      	ldr	r0, [r0, #0]
 23fd1ba:	4b04      	ldr	r3, [pc, #16]	; (23fd1cc <hal_spi_release+0x18>)
 23fd1bc:	4403      	add	r3, r0
 23fd1be:	681b      	ldr	r3, [r3, #0]
 23fd1c0:	6c5b      	ldr	r3, [r3, #68]	; 0x44
 23fd1c2:	9302      	str	r3, [sp, #8]
 23fd1c4:	bd09      	pop	{r0, r3, pc}
 23fd1c6:	0000      	.short	0x0000
 23fd1c8:	1007a980 	.word	0x1007a980
 23fd1cc:	00000018 	.word	0x00000018

023fd1d0 <HAL_USB_USART_Init>:
// GNINRAW

DYNALIB_BEGIN(hal_usb)

#ifdef USB_CDC_ENABLE
DYNALIB_FN(0, hal_usb, HAL_USB_USART_Init, void(HAL_USB_USART_Serial, const HAL_USB_USART_Config*))
 23fd1d0:	b509      	push	{r0, r3, lr}
 23fd1d2:	4804      	ldr	r0, [pc, #16]	; (23fd1e4 <HAL_USB_USART_Init+0x14>)
 23fd1d4:	6800      	ldr	r0, [r0, #0]
 23fd1d6:	4b04      	ldr	r3, [pc, #16]	; (23fd1e8 <HAL_USB_USART_Init+0x18>)
 23fd1d8:	4403      	add	r3, r0
 23fd1da:	681b      	ldr	r3, [r3, #0]
 23fd1dc:	681b      	ldr	r3, [r3, #0]
 23fd1de:	9302      	str	r3, [sp, #8]
 23fd1e0:	bd09      	pop	{r0, r3, pc}
 23fd1e2:	0000      	.short	0x0000
 23fd1e4:	1007a980 	.word	0x1007a980
 23fd1e8:	00000034 	.word	0x00000034

023fd1ec <HAL_USB_USART_Begin>:
DYNALIB_FN(1, hal_usb, HAL_USB_USART_Begin, void(HAL_USB_USART_Serial, uint32_t, void *))
 23fd1ec:	b509      	push	{r0, r3, lr}
 23fd1ee:	4804      	ldr	r0, [pc, #16]	; (23fd200 <HAL_USB_USART_Begin+0x14>)
 23fd1f0:	6800      	ldr	r0, [r0, #0]
 23fd1f2:	4b04      	ldr	r3, [pc, #16]	; (23fd204 <HAL_USB_USART_Begin+0x18>)
 23fd1f4:	4403      	add	r3, r0
 23fd1f6:	681b      	ldr	r3, [r3, #0]
 23fd1f8:	685b      	ldr	r3, [r3, #4]
 23fd1fa:	9302      	str	r3, [sp, #8]
 23fd1fc:	bd09      	pop	{r0, r3, pc}
 23fd1fe:	0000      	.short	0x0000
 23fd200:	1007a980 	.word	0x1007a980
 23fd204:	00000034 	.word	0x00000034

023fd208 <HAL_USB_USART_Available_Data>:
DYNALIB_FN(2, hal_usb, HAL_USB_USART_End, void(HAL_USB_USART_Serial))
DYNALIB_FN(3, hal_usb, HAL_USB_USART_Baud_Rate, unsigned int(HAL_USB_USART_Serial))
DYNALIB_FN_WRAP(4, hal_usb, HAL_USB_USART_Available_Data, protected, int32_t(HAL_USB_USART_Serial))
 23fd208:	b509      	push	{r0, r3, lr}
 23fd20a:	4804      	ldr	r0, [pc, #16]	; (23fd21c <HAL_USB_USART_Available_Data+0x14>)
 23fd20c:	6800      	ldr	r0, [r0, #0]
 23fd20e:	4b04      	ldr	r3, [pc, #16]	; (23fd220 <HAL_USB_USART_Available_Data+0x18>)
 23fd210:	4403      	add	r3, r0
 23fd212:	681b      	ldr	r3, [r3, #0]
 23fd214:	691b      	ldr	r3, [r3, #16]
 23fd216:	9302      	str	r3, [sp, #8]
 23fd218:	bd09      	pop	{r0, r3, pc}
 23fd21a:	0000      	.short	0x0000
 23fd21c:	1007a980 	.word	0x1007a980
 23fd220:	00000034 	.word	0x00000034

023fd224 <HAL_USB_USART_Available_Data_For_Write>:
DYNALIB_FN_WRAP(5, hal_usb, HAL_USB_USART_Available_Data_For_Write, protected, int32_t(HAL_USB_USART_Serial))
 23fd224:	b509      	push	{r0, r3, lr}
 23fd226:	4804      	ldr	r0, [pc, #16]	; (23fd238 <HAL_USB_USART_Available_Data_For_Write+0x14>)
 23fd228:	6800      	ldr	r0, [r0, #0]
 23fd22a:	4b04      	ldr	r3, [pc, #16]	; (23fd23c <HAL_USB_USART_Available_Data_For_Write+0x18>)
 23fd22c:	4403      	add	r3, r0
 23fd22e:	681b      	ldr	r3, [r3, #0]
 23fd230:	695b      	ldr	r3, [r3, #20]
 23fd232:	9302      	str	r3, [sp, #8]
 23fd234:	bd09      	pop	{r0, r3, pc}
 23fd236:	0000      	.short	0x0000
 23fd238:	1007a980 	.word	0x1007a980
 23fd23c:	00000034 	.word	0x00000034

023fd240 <HAL_USB_USART_Receive_Data>:
DYNALIB_FN_WRAP(6, hal_usb, HAL_USB_USART_Receive_Data, protected, int32_t(HAL_USB_USART_Serial, uint8_t))
 23fd240:	b509      	push	{r0, r3, lr}
 23fd242:	4804      	ldr	r0, [pc, #16]	; (23fd254 <HAL_USB_USART_Receive_Data+0x14>)
 23fd244:	6800      	ldr	r0, [r0, #0]
 23fd246:	4b04      	ldr	r3, [pc, #16]	; (23fd258 <HAL_USB_USART_Receive_Data+0x18>)
 23fd248:	4403      	add	r3, r0
 23fd24a:	681b      	ldr	r3, [r3, #0]
 23fd24c:	699b      	ldr	r3, [r3, #24]
 23fd24e:	9302      	str	r3, [sp, #8]
 23fd250:	bd09      	pop	{r0, r3, pc}
 23fd252:	0000      	.short	0x0000
 23fd254:	1007a980 	.word	0x1007a980
 23fd258:	00000034 	.word	0x00000034

023fd25c <HAL_USB_USART_Send_Data>:
DYNALIB_FN_WRAP(7, hal_usb, HAL_USB_USART_Send_Data, protected, int32_t(HAL_USB_USART_Serial, uint8_t))
 23fd25c:	b509      	push	{r0, r3, lr}
 23fd25e:	4804      	ldr	r0, [pc, #16]	; (23fd270 <HAL_USB_USART_Send_Data+0x14>)
 23fd260:	6800      	ldr	r0, [r0, #0]
 23fd262:	4b04      	ldr	r3, [pc, #16]	; (23fd274 <HAL_USB_USART_Send_Data+0x18>)
 23fd264:	4403      	add	r3, r0
 23fd266:	681b      	ldr	r3, [r3, #0]
 23fd268:	69db      	ldr	r3, [r3, #28]
 23fd26a:	9302      	str	r3, [sp, #8]
 23fd26c:	bd09      	pop	{r0, r3, pc}
 23fd26e:	0000      	.short	0x0000
 23fd270:	1007a980 	.word	0x1007a980
 23fd274:	00000034 	.word	0x00000034

023fd278 <HAL_USB_USART_Flush_Data>:
DYNALIB_FN_WRAP(8, hal_usb, HAL_USB_USART_Flush_Data, protected, void(HAL_USB_USART_Serial))
 23fd278:	b509      	push	{r0, r3, lr}
 23fd27a:	4804      	ldr	r0, [pc, #16]	; (23fd28c <HAL_USB_USART_Flush_Data+0x14>)
 23fd27c:	6800      	ldr	r0, [r0, #0]
 23fd27e:	4b04      	ldr	r3, [pc, #16]	; (23fd290 <HAL_USB_USART_Flush_Data+0x18>)
 23fd280:	4403      	add	r3, r0
 23fd282:	681b      	ldr	r3, [r3, #0]
 23fd284:	6a1b      	ldr	r3, [r3, #32]
 23fd286:	9302      	str	r3, [sp, #8]
 23fd288:	bd09      	pop	{r0, r3, pc}
 23fd28a:	0000      	.short	0x0000
 23fd28c:	1007a980 	.word	0x1007a980
 23fd290:	00000034 	.word	0x00000034

023fd294 <HAL_USB_USART_Is_Connected>:
DYNALIB_FN(9, hal_usb, HAL_USB_USART_Is_Enabled, bool(HAL_USB_USART_Serial))
DYNALIB_FN(10, hal_usb, HAL_USB_USART_Is_Connected, bool(HAL_USB_USART_Serial))
 23fd294:	b509      	push	{r0, r3, lr}
 23fd296:	4804      	ldr	r0, [pc, #16]	; (23fd2a8 <HAL_USB_USART_Is_Connected+0x14>)
 23fd298:	6800      	ldr	r0, [r0, #0]
 23fd29a:	4b04      	ldr	r3, [pc, #16]	; (23fd2ac <HAL_USB_USART_Is_Connected+0x18>)
 23fd29c:	4403      	add	r3, r0
 23fd29e:	681b      	ldr	r3, [r3, #0]
 23fd2a0:	6a9b      	ldr	r3, [r3, #40]	; 0x28
 23fd2a2:	9302      	str	r3, [sp, #8]
 23fd2a4:	bd09      	pop	{r0, r3, pc}
 23fd2a6:	0000      	.short	0x0000
 23fd2a8:	1007a980 	.word	0x1007a980
 23fd2ac:	00000034 	.word	0x00000034

023fd2b0 <log_message>:
DYNALIB_FN(16, services, log_print_, void(int, int, const char*, const char*, const char*, ...)) // Deprecated
DYNALIB_FN(17, services, LED_RGB_SetChangeHandler, void(led_update_handler_fn, void*))
DYNALIB_FN(18, services, log_print_direct_, void(int, void*, const char*, ...)) // Deprecated
DYNALIB_FN(19, services, LED_GetColor, uint32_t(uint32_t, void*))

DYNALIB_FN(20, services, log_message, void(int, const char*, LogAttributes*, void*, const char*, ...))
 23fd2b0:	b509      	push	{r0, r3, lr}
 23fd2b2:	4804      	ldr	r0, [pc, #16]	; (23fd2c4 <log_message+0x14>)
 23fd2b4:	6800      	ldr	r0, [r0, #0]
 23fd2b6:	4b04      	ldr	r3, [pc, #16]	; (23fd2c8 <log_message+0x18>)
 23fd2b8:	4403      	add	r3, r0
 23fd2ba:	681b      	ldr	r3, [r3, #0]
 23fd2bc:	6d1b      	ldr	r3, [r3, #80]	; 0x50
 23fd2be:	9302      	str	r3, [sp, #8]
 23fd2c0:	bd09      	pop	{r0, r3, pc}
 23fd2c2:	0000      	.short	0x0000
 23fd2c4:	1007a980 	.word	0x1007a980
 23fd2c8:	00000048 	.word	0x00000048

023fd2cc <log_message_v>:
DYNALIB_FN(21, services, log_message_v, void(int, const char*, LogAttributes*, void*, const char*, va_list))
 23fd2cc:	b509      	push	{r0, r3, lr}
 23fd2ce:	4804      	ldr	r0, [pc, #16]	; (23fd2e0 <log_message_v+0x14>)
 23fd2d0:	6800      	ldr	r0, [r0, #0]
 23fd2d2:	4b04      	ldr	r3, [pc, #16]	; (23fd2e4 <log_message_v+0x18>)
 23fd2d4:	4403      	add	r3, r0
 23fd2d6:	681b      	ldr	r3, [r3, #0]
 23fd2d8:	6d5b      	ldr	r3, [r3, #84]	; 0x54
 23fd2da:	9302      	str	r3, [sp, #8]
 23fd2dc:	bd09      	pop	{r0, r3, pc}
 23fd2de:	0000      	.short	0x0000
 23fd2e0:	1007a980 	.word	0x1007a980
 23fd2e4:	00000048 	.word	0x00000048

023fd2e8 <panic_ext>:
DYNALIB_FN(48, services, devicetree_tree_lock, int(void*))
DYNALIB_FN(49, services, devicetree_tree_get, int(void*, uint32_t, void*))
DYNALIB_FN(50, services, devicetree_string_dictionary_lookup, const char*(uint32_t, void*))
DYNALIB_FN(51, services, devicetree_hash_string, uint32_t(const char*, size_t))
DYNALIB_FN(52, services, security_mode_get, int(void*))
DYNALIB_FN(53, services, panic_ext, void(const PanicData*, void*))
 23fd2e8:	b509      	push	{r0, r3, lr}
 23fd2ea:	4804      	ldr	r0, [pc, #16]	; (23fd2fc <panic_ext+0x14>)
 23fd2ec:	6800      	ldr	r0, [r0, #0]
 23fd2ee:	4b04      	ldr	r3, [pc, #16]	; (23fd300 <panic_ext+0x18>)
 23fd2f0:	4403      	add	r3, r0
 23fd2f2:	681b      	ldr	r3, [r3, #0]
 23fd2f4:	f8d3 30d4 	ldr.w	r3, [r3, #212]	; 0xd4
 23fd2f8:	9302      	str	r3, [sp, #8]
 23fd2fa:	bd09      	pop	{r0, r3, pc}
 23fd2fc:	1007a980 	.word	0x1007a980
 23fd300:	00000048 	.word	0x00000048

023fd304 <set_system_mode>:
#endif

DYNALIB_BEGIN(system)

DYNALIB_FN(0, system, system_mode, System_Mode_TypeDef(void))
DYNALIB_FN(1, system, set_system_mode, void(System_Mode_TypeDef))
 23fd304:	b509      	push	{r0, r3, lr}
 23fd306:	4804      	ldr	r0, [pc, #16]	; (23fd318 <set_system_mode+0x14>)
 23fd308:	6800      	ldr	r0, [r0, #0]
 23fd30a:	4b04      	ldr	r3, [pc, #16]	; (23fd31c <set_system_mode+0x18>)
 23fd30c:	4403      	add	r3, r0
 23fd30e:	681b      	ldr	r3, [r3, #0]
 23fd310:	685b      	ldr	r3, [r3, #4]
 23fd312:	9302      	str	r3, [sp, #8]
 23fd314:	bd09      	pop	{r0, r3, pc}
 23fd316:	0000      	.short	0x0000
 23fd318:	1007a980 	.word	0x1007a980
 23fd31c:	00000008 	.word	0x00000008

023fd320 <system_delay_ms>:

DYNALIB_FN(2, system, set_ymodem_serial_flash_update_handler_deprecated, void(void*))
DYNALIB_FN(3, system, system_firmwareUpdate_deprecated, bool(Stream*, void*))
DYNALIB_FN(4, system, system_fileTransfer_deprecated, bool(system_file_transfer_t*, void*))

DYNALIB_FN(5, system, system_delay_ms, void(unsigned long, bool))
 23fd320:	b509      	push	{r0, r3, lr}
 23fd322:	4804      	ldr	r0, [pc, #16]	; (23fd334 <system_delay_ms+0x14>)
 23fd324:	6800      	ldr	r0, [r0, #0]
 23fd326:	4b04      	ldr	r3, [pc, #16]	; (23fd338 <system_delay_ms+0x18>)
 23fd328:	4403      	add	r3, r0
 23fd32a:	681b      	ldr	r3, [r3, #0]
 23fd32c:	695b      	ldr	r3, [r3, #20]
 23fd32e:	9302      	str	r3, [sp, #8]
 23fd330:	bd09      	pop	{r0, r3, pc}
 23fd332:	0000      	.short	0x0000
 23fd334:	1007a980 	.word	0x1007a980
 23fd338:	00000008 	.word	0x00000008

023fd33c <system_thread_set_state>:
DYNALIB_FN(6, system, system_sleep, int(Spark_Sleep_TypeDef, long, uint32_t, void*))
DYNALIB_FN(7, system, system_sleep_pin, int(uint16_t, uint16_t, long, uint32_t, void*))
DYNALIB_FN(8, system, system_subscribe_event, int(system_event_t, system_event_handler_t*, SystemEventContext*))
DYNALIB_FN(9, system, system_unsubscribe_event, void(system_event_t, system_event_handler_t*, const SystemEventContext*))
DYNALIB_FN(10, system, system_button_pushed_duration, uint16_t(uint8_t, void*))
DYNALIB_FN(11, system, system_thread_set_state, void(spark::feature::State, void*))
 23fd33c:	b509      	push	{r0, r3, lr}
 23fd33e:	4804      	ldr	r0, [pc, #16]	; (23fd350 <system_thread_set_state+0x14>)
 23fd340:	6800      	ldr	r0, [r0, #0]
 23fd342:	4b04      	ldr	r3, [pc, #16]	; (23fd354 <system_thread_set_state+0x18>)
 23fd344:	4403      	add	r3, r0
 23fd346:	681b      	ldr	r3, [r3, #0]
 23fd348:	6adb      	ldr	r3, [r3, #44]	; 0x2c
 23fd34a:	9302      	str	r3, [sp, #8]
 23fd34c:	bd09      	pop	{r0, r3, pc}
 23fd34e:	0000      	.short	0x0000
 23fd350:	1007a980 	.word	0x1007a980
 23fd354:	00000008 	.word	0x00000008

023fd358 <system_ctrl_set_app_request_handler>:
DYNALIB_FN(BASE_IDX + 6, system, led_pattern_period, uint16_t(int, int, void*))
DYNALIB_FN(BASE_IDX + 7, system, system_set_tester_handlers, int(system_tester_handlers_t*, void*))
DYNALIB_FN(BASE_IDX + 8, system, system_format_diag_data, int(const uint16_t*, size_t, unsigned, appender_fn, void*, void*))

// Control requests
DYNALIB_FN(BASE_IDX + 9, system, system_ctrl_set_app_request_handler, int(ctrl_request_handler_fn, void*))
 23fd358:	b509      	push	{r0, r3, lr}
 23fd35a:	4804      	ldr	r0, [pc, #16]	; (23fd36c <system_ctrl_set_app_request_handler+0x14>)
 23fd35c:	6800      	ldr	r0, [r0, #0]
 23fd35e:	4b04      	ldr	r3, [pc, #16]	; (23fd370 <system_ctrl_set_app_request_handler+0x18>)
 23fd360:	4403      	add	r3, r0
 23fd362:	681b      	ldr	r3, [r3, #0]
 23fd364:	f8d3 3088 	ldr.w	r3, [r3, #136]	; 0x88
 23fd368:	9302      	str	r3, [sp, #8]
 23fd36a:	bd09      	pop	{r0, r3, pc}
 23fd36c:	1007a980 	.word	0x1007a980
 23fd370:	00000008 	.word	0x00000008

023fd374 <system_ctrl_set_result>:
DYNALIB_FN(BASE_IDX + 10, system, system_ctrl_alloc_reply_data, int(ctrl_request*, size_t, void*))
DYNALIB_FN(BASE_IDX + 11, system, system_ctrl_free_request_data, void(ctrl_request*, void*))
DYNALIB_FN(BASE_IDX + 12, system, system_ctrl_set_result, void(ctrl_request*, int, ctrl_completion_handler_fn, void*, void*))
 23fd374:	b509      	push	{r0, r3, lr}
 23fd376:	4804      	ldr	r0, [pc, #16]	; (23fd388 <system_ctrl_set_result+0x14>)
 23fd378:	6800      	ldr	r0, [r0, #0]
 23fd37a:	4b04      	ldr	r3, [pc, #16]	; (23fd38c <system_ctrl_set_result+0x18>)
 23fd37c:	4403      	add	r3, r0
 23fd37e:	681b      	ldr	r3, [r3, #0]
 23fd380:	f8d3 3094 	ldr.w	r3, [r3, #148]	; 0x94
 23fd384:	9302      	str	r3, [sp, #8]
 23fd386:	bd09      	pop	{r0, r3, pc}
 23fd388:	1007a980 	.word	0x1007a980
 23fd38c:	00000008 	.word	0x00000008

023fd390 <network_connect>:
#endif

DYNALIB_BEGIN(system_net)

DYNALIB_FN(0, system_net, network_config, const void*(network_handle_t, uint32_t, void*))
DYNALIB_FN(1, system_net, network_connect, void(network_handle_t, uint32_t, uint32_t, void*))
 23fd390:	b509      	push	{r0, r3, lr}
 23fd392:	4804      	ldr	r0, [pc, #16]	; (23fd3a4 <network_connect+0x14>)
 23fd394:	6800      	ldr	r0, [r0, #0]
 23fd396:	4b04      	ldr	r3, [pc, #16]	; (23fd3a8 <network_connect+0x18>)
 23fd398:	4403      	add	r3, r0
 23fd39a:	681b      	ldr	r3, [r3, #0]
 23fd39c:	685b      	ldr	r3, [r3, #4]
 23fd39e:	9302      	str	r3, [sp, #8]
 23fd3a0:	bd09      	pop	{r0, r3, pc}
 23fd3a2:	0000      	.short	0x0000
 23fd3a4:	1007a980 	.word	0x1007a980
 23fd3a8:	00000028 	.word	0x00000028

023fd3ac <network_connecting>:
DYNALIB_FN(2, system_net, network_connecting, bool(network_handle_t, uint32_t, void*))
 23fd3ac:	b509      	push	{r0, r3, lr}
 23fd3ae:	4804      	ldr	r0, [pc, #16]	; (23fd3c0 <network_connecting+0x14>)
 23fd3b0:	6800      	ldr	r0, [r0, #0]
 23fd3b2:	4b04      	ldr	r3, [pc, #16]	; (23fd3c4 <network_connecting+0x18>)
 23fd3b4:	4403      	add	r3, r0
 23fd3b6:	681b      	ldr	r3, [r3, #0]
 23fd3b8:	689b      	ldr	r3, [r3, #8]
 23fd3ba:	9302      	str	r3, [sp, #8]
 23fd3bc:	bd09      	pop	{r0, r3, pc}
 23fd3be:	0000      	.short	0x0000
 23fd3c0:	1007a980 	.word	0x1007a980
 23fd3c4:	00000028 	.word	0x00000028

023fd3c8 <network_disconnect>:
DYNALIB_FN(3, system_net, network_disconnect, void(network_handle_t, uint32_t, void*))
 23fd3c8:	b509      	push	{r0, r3, lr}
 23fd3ca:	4804      	ldr	r0, [pc, #16]	; (23fd3dc <network_disconnect+0x14>)
 23fd3cc:	6800      	ldr	r0, [r0, #0]
 23fd3ce:	4b04      	ldr	r3, [pc, #16]	; (23fd3e0 <network_disconnect+0x18>)
 23fd3d0:	4403      	add	r3, r0
 23fd3d2:	681b      	ldr	r3, [r3, #0]
 23fd3d4:	68db      	ldr	r3, [r3, #12]
 23fd3d6:	9302      	str	r3, [sp, #8]
 23fd3d8:	bd09      	pop	{r0, r3, pc}
 23fd3da:	0000      	.short	0x0000
 23fd3dc:	1007a980 	.word	0x1007a980
 23fd3e0:	00000028 	.word	0x00000028

023fd3e4 <network_ready>:
DYNALIB_FN(4, system_net, network_ready, bool(network_handle_t, uint32_t, void*))
 23fd3e4:	b509      	push	{r0, r3, lr}
 23fd3e6:	4804      	ldr	r0, [pc, #16]	; (23fd3f8 <network_ready+0x14>)
 23fd3e8:	6800      	ldr	r0, [r0, #0]
 23fd3ea:	4b04      	ldr	r3, [pc, #16]	; (23fd3fc <network_ready+0x18>)
 23fd3ec:	4403      	add	r3, r0
 23fd3ee:	681b      	ldr	r3, [r3, #0]
 23fd3f0:	691b      	ldr	r3, [r3, #16]
 23fd3f2:	9302      	str	r3, [sp, #8]
 23fd3f4:	bd09      	pop	{r0, r3, pc}
 23fd3f6:	0000      	.short	0x0000
 23fd3f8:	1007a980 	.word	0x1007a980
 23fd3fc:	00000028 	.word	0x00000028

023fd400 <network_on>:
DYNALIB_FN(5, system_net, network_on, void(network_handle_t, uint32_t, uint32_t, void*))
 23fd400:	b509      	push	{r0, r3, lr}
 23fd402:	4804      	ldr	r0, [pc, #16]	; (23fd414 <network_on+0x14>)
 23fd404:	6800      	ldr	r0, [r0, #0]
 23fd406:	4b04      	ldr	r3, [pc, #16]	; (23fd418 <network_on+0x18>)
 23fd408:	4403      	add	r3, r0
 23fd40a:	681b      	ldr	r3, [r3, #0]
 23fd40c:	695b      	ldr	r3, [r3, #20]
 23fd40e:	9302      	str	r3, [sp, #8]
 23fd410:	bd09      	pop	{r0, r3, pc}
 23fd412:	0000      	.short	0x0000
 23fd414:	1007a980 	.word	0x1007a980
 23fd418:	00000028 	.word	0x00000028

023fd41c <network_off>:
DYNALIB_FN(6, system_net, network_off, void(network_handle_t, uint32_t, uint32_t, void*))
 23fd41c:	b509      	push	{r0, r3, lr}
 23fd41e:	4804      	ldr	r0, [pc, #16]	; (23fd430 <network_off+0x14>)
 23fd420:	6800      	ldr	r0, [r0, #0]
 23fd422:	4b04      	ldr	r3, [pc, #16]	; (23fd434 <network_off+0x18>)
 23fd424:	4403      	add	r3, r0
 23fd426:	681b      	ldr	r3, [r3, #0]
 23fd428:	699b      	ldr	r3, [r3, #24]
 23fd42a:	9302      	str	r3, [sp, #8]
 23fd42c:	bd09      	pop	{r0, r3, pc}
 23fd42e:	0000      	.short	0x0000
 23fd430:	1007a980 	.word	0x1007a980
 23fd434:	00000028 	.word	0x00000028

023fd438 <network_listen>:
DYNALIB_FN(7, system_net, network_listen, void(network_handle_t, uint32_t, void*))
 23fd438:	b509      	push	{r0, r3, lr}
 23fd43a:	4804      	ldr	r0, [pc, #16]	; (23fd44c <network_listen+0x14>)
 23fd43c:	6800      	ldr	r0, [r0, #0]
 23fd43e:	4b04      	ldr	r3, [pc, #16]	; (23fd450 <network_listen+0x18>)
 23fd440:	4403      	add	r3, r0
 23fd442:	681b      	ldr	r3, [r3, #0]
 23fd444:	69db      	ldr	r3, [r3, #28]
 23fd446:	9302      	str	r3, [sp, #8]
 23fd448:	bd09      	pop	{r0, r3, pc}
 23fd44a:	0000      	.short	0x0000
 23fd44c:	1007a980 	.word	0x1007a980
 23fd450:	00000028 	.word	0x00000028

023fd454 <network_listening>:
DYNALIB_FN(8, system_net, network_listening, bool(network_handle_t, uint32_t, void*))
 23fd454:	b509      	push	{r0, r3, lr}
 23fd456:	4804      	ldr	r0, [pc, #16]	; (23fd468 <network_listening+0x14>)
 23fd458:	6800      	ldr	r0, [r0, #0]
 23fd45a:	4b04      	ldr	r3, [pc, #16]	; (23fd46c <network_listening+0x18>)
 23fd45c:	4403      	add	r3, r0
 23fd45e:	681b      	ldr	r3, [r3, #0]
 23fd460:	6a1b      	ldr	r3, [r3, #32]
 23fd462:	9302      	str	r3, [sp, #8]
 23fd464:	bd09      	pop	{r0, r3, pc}
 23fd466:	0000      	.short	0x0000
 23fd468:	1007a980 	.word	0x1007a980
 23fd46c:	00000028 	.word	0x00000028

023fd470 <network_set_listen_timeout>:
DYNALIB_FN(9, system_net, network_has_credentials, bool(network_handle_t, uint32_t, void*))
DYNALIB_FN(10, system_net, network_set_credentials, int(network_handle_t, uint32_t, NetworkCredentials*, void*))
DYNALIB_FN(11, system_net, network_clear_credentials, bool(network_handle_t, uint32_t, NetworkCredentials*, void*))
DYNALIB_FN(12, system_net, network_set_listen_timeout, void(network_handle_t, uint16_t, void*))
 23fd470:	b509      	push	{r0, r3, lr}
 23fd472:	4804      	ldr	r0, [pc, #16]	; (23fd484 <network_set_listen_timeout+0x14>)
 23fd474:	6800      	ldr	r0, [r0, #0]
 23fd476:	4b04      	ldr	r3, [pc, #16]	; (23fd488 <network_set_listen_timeout+0x18>)
 23fd478:	4403      	add	r3, r0
 23fd47a:	681b      	ldr	r3, [r3, #0]
 23fd47c:	6b1b      	ldr	r3, [r3, #48]	; 0x30
 23fd47e:	9302      	str	r3, [sp, #8]
 23fd480:	bd09      	pop	{r0, r3, pc}
 23fd482:	0000      	.short	0x0000
 23fd484:	1007a980 	.word	0x1007a980
 23fd488:	00000028 	.word	0x00000028

023fd48c <network_get_listen_timeout>:
DYNALIB_FN(13, system_net, network_get_listen_timeout, uint16_t(network_handle_t, uint32_t, void*))
 23fd48c:	b509      	push	{r0, r3, lr}
 23fd48e:	4804      	ldr	r0, [pc, #16]	; (23fd4a0 <network_get_listen_timeout+0x14>)
 23fd490:	6800      	ldr	r0, [r0, #0]
 23fd492:	4b04      	ldr	r3, [pc, #16]	; (23fd4a4 <network_get_listen_timeout+0x18>)
 23fd494:	4403      	add	r3, r0
 23fd496:	681b      	ldr	r3, [r3, #0]
 23fd498:	6b5b      	ldr	r3, [r3, #52]	; 0x34
 23fd49a:	9302      	str	r3, [sp, #8]
 23fd49c:	bd09      	pop	{r0, r3, pc}
 23fd49e:	0000      	.short	0x0000
 23fd4a0:	1007a980 	.word	0x1007a980
 23fd4a4:	00000028 	.word	0x00000028

023fd4a8 <network_is_on>:
DYNALIB_FN(14, system_net, network_set_hostname, int(network_handle_t, uint32_t, const char*, void*))
DYNALIB_FN(15, system_net, network_get_hostname, int(network_handle_t, uint32_t, char*, size_t, void*))
DYNALIB_FN(16, system_net, network_is_on, bool(network_handle_t, void*))
 23fd4a8:	b509      	push	{r0, r3, lr}
 23fd4aa:	4804      	ldr	r0, [pc, #16]	; (23fd4bc <network_is_on+0x14>)
 23fd4ac:	6800      	ldr	r0, [r0, #0]
 23fd4ae:	4b04      	ldr	r3, [pc, #16]	; (23fd4c0 <network_is_on+0x18>)
 23fd4b0:	4403      	add	r3, r0
 23fd4b2:	681b      	ldr	r3, [r3, #0]
 23fd4b4:	6c1b      	ldr	r3, [r3, #64]	; 0x40
 23fd4b6:	9302      	str	r3, [sp, #8]
 23fd4b8:	bd09      	pop	{r0, r3, pc}
 23fd4ba:	0000      	.short	0x0000
 23fd4bc:	1007a980 	.word	0x1007a980
 23fd4c0:	00000028 	.word	0x00000028

023fd4c4 <network_is_off>:
DYNALIB_FN(17, system_net, network_is_off, bool(network_handle_t, void*))
 23fd4c4:	b509      	push	{r0, r3, lr}
 23fd4c6:	4804      	ldr	r0, [pc, #16]	; (23fd4d8 <network_is_off+0x14>)
 23fd4c8:	6800      	ldr	r0, [r0, #0]
 23fd4ca:	4b04      	ldr	r3, [pc, #16]	; (23fd4dc <network_is_off+0x18>)
 23fd4cc:	4403      	add	r3, r0
 23fd4ce:	681b      	ldr	r3, [r3, #0]
 23fd4d0:	6c5b      	ldr	r3, [r3, #68]	; 0x44
 23fd4d2:	9302      	str	r3, [sp, #8]
 23fd4d4:	bd09      	pop	{r0, r3, pc}
 23fd4d6:	0000      	.short	0x0000
 23fd4d8:	1007a980 	.word	0x1007a980
 23fd4dc:	00000028 	.word	0x00000028

023fd4e0 <network_prefer>:
DYNALIB_FN(18, system_net, network_set_configuration, int(network_handle_t, const network_configuration_t*, void*))
DYNALIB_FN(19, system_net, network_get_configuration, int(network_handle_t, network_configuration_t**, size_t*, const char*, size_t, void*))
DYNALIB_FN(20, system_net, network_free_configuration, int(network_configuration_t*, size_t, void*))
DYNALIB_FN(21, system_net, network_prefer, network_handle_t(network_handle_t, bool, void*))
 23fd4e0:	b509      	push	{r0, r3, lr}
 23fd4e2:	4804      	ldr	r0, [pc, #16]	; (23fd4f4 <network_prefer+0x14>)
 23fd4e4:	6800      	ldr	r0, [r0, #0]
 23fd4e6:	4b04      	ldr	r3, [pc, #16]	; (23fd4f8 <network_prefer+0x18>)
 23fd4e8:	4403      	add	r3, r0
 23fd4ea:	681b      	ldr	r3, [r3, #0]
 23fd4ec:	6d5b      	ldr	r3, [r3, #84]	; 0x54
 23fd4ee:	9302      	str	r3, [sp, #8]
 23fd4f0:	bd09      	pop	{r0, r3, pc}
 23fd4f2:	0000      	.short	0x0000
 23fd4f4:	1007a980 	.word	0x1007a980
 23fd4f8:	00000028 	.word	0x00000028

023fd4fc <network_is_preferred>:
DYNALIB_FN(22, system_net, network_is_preferred, bool(network_handle_t, void*))
 23fd4fc:	b509      	push	{r0, r3, lr}
 23fd4fe:	4804      	ldr	r0, [pc, #16]	; (23fd510 <network_is_preferred+0x14>)
 23fd500:	6800      	ldr	r0, [r0, #0]
 23fd502:	4b04      	ldr	r3, [pc, #16]	; (23fd514 <network_is_preferred+0x18>)
 23fd504:	4403      	add	r3, r0
 23fd506:	681b      	ldr	r3, [r3, #0]
 23fd508:	6d9b      	ldr	r3, [r3, #88]	; 0x58
 23fd50a:	9302      	str	r3, [sp, #8]
 23fd50c:	bd09      	pop	{r0, r3, pc}
 23fd50e:	0000      	.short	0x0000
 23fd510:	1007a980 	.word	0x1007a980
 23fd514:	00000028 	.word	0x00000028

023fd518 <spark_process>:

DYNALIB_BEGIN(system_cloud)

DYNALIB_FN(0, system_cloud, spark_variable, bool(const char*, const void*, Spark_Data_TypeDef, spark_variable_t*))
DYNALIB_FN(1, system_cloud, spark_function, bool(const char*, p_user_function_int_str_t, void*))
DYNALIB_FN(2, system_cloud, spark_process, bool(void))
 23fd518:	b509      	push	{r0, r3, lr}
 23fd51a:	4804      	ldr	r0, [pc, #16]	; (23fd52c <spark_process+0x14>)
 23fd51c:	6800      	ldr	r0, [r0, #0]
 23fd51e:	4b04      	ldr	r3, [pc, #16]	; (23fd530 <spark_process+0x18>)
 23fd520:	4403      	add	r3, r0
 23fd522:	681b      	ldr	r3, [r3, #0]
 23fd524:	689b      	ldr	r3, [r3, #8]
 23fd526:	9302      	str	r3, [sp, #8]
 23fd528:	bd09      	pop	{r0, r3, pc}
 23fd52a:	0000      	.short	0x0000
 23fd52c:	1007a980 	.word	0x1007a980
 23fd530:	0000002c 	.word	0x0000002c

023fd534 <spark_set_random_seed_from_cloud_handler>:
DYNALIB_FN(10, system_cloud, spark_unsubscribe, void(void*))
DYNALIB_FN(11, system_cloud, spark_sync_time, bool(void*))
DYNALIB_FN(12, system_cloud, spark_sync_time_pending, bool(void*))
DYNALIB_FN(13, system_cloud, spark_sync_time_last, system_tick_t(time32_t*, time_t*))
DYNALIB_FN(14, system_cloud, spark_set_connection_property, int(unsigned, unsigned, const void*, void*))
DYNALIB_FN(15, system_cloud, spark_set_random_seed_from_cloud_handler, int(void (*handler)(unsigned int), void*))
 23fd534:	b509      	push	{r0, r3, lr}
 23fd536:	4804      	ldr	r0, [pc, #16]	; (23fd548 <spark_set_random_seed_from_cloud_handler+0x14>)
 23fd538:	6800      	ldr	r0, [r0, #0]
 23fd53a:	4b04      	ldr	r3, [pc, #16]	; (23fd54c <spark_set_random_seed_from_cloud_handler+0x18>)
 23fd53c:	4403      	add	r3, r0
 23fd53e:	681b      	ldr	r3, [r3, #0]
 23fd540:	6bdb      	ldr	r3, [r3, #60]	; 0x3c
 23fd542:	9302      	str	r3, [sp, #8]
 23fd544:	bd09      	pop	{r0, r3, pc}
 23fd546:	0000      	.short	0x0000
 23fd548:	1007a980 	.word	0x1007a980
 23fd54c:	0000002c 	.word	0x0000002c

023fd550 <malloc>:
#include "hal_platform.h"
#endif // defined(DYNALIB_EXPORT) || defined(DYNALIB_IMPORT)

DYNALIB_BEGIN(rt)

DYNALIB_FN(0, rt, malloc, void*(size_t))
 23fd550:	b509      	push	{r0, r3, lr}
 23fd552:	4804      	ldr	r0, [pc, #16]	; (23fd564 <malloc+0x14>)
 23fd554:	6800      	ldr	r0, [r0, #0]
 23fd556:	4b04      	ldr	r3, [pc, #16]	; (23fd568 <malloc+0x18>)
 23fd558:	4403      	add	r3, r0
 23fd55a:	681b      	ldr	r3, [r3, #0]
 23fd55c:	681b      	ldr	r3, [r3, #0]
 23fd55e:	9302      	str	r3, [sp, #8]
 23fd560:	bd09      	pop	{r0, r3, pc}
 23fd562:	0000      	.short	0x0000
 23fd564:	1007a980 	.word	0x1007a980
 23fd568:	00000004 	.word	0x00000004

023fd56c <free>:
DYNALIB_FN(1, rt, free, void(void*))
 23fd56c:	b509      	push	{r0, r3, lr}
 23fd56e:	4804      	ldr	r0, [pc, #16]	; (23fd580 <free+0x14>)
 23fd570:	6800      	ldr	r0, [r0, #0]
 23fd572:	4b04      	ldr	r3, [pc, #16]	; (23fd584 <free+0x18>)
 23fd574:	4403      	add	r3, r0
 23fd576:	681b      	ldr	r3, [r3, #0]
 23fd578:	685b      	ldr	r3, [r3, #4]
 23fd57a:	9302      	str	r3, [sp, #8]
 23fd57c:	bd09      	pop	{r0, r3, pc}
 23fd57e:	0000      	.short	0x0000
 23fd580:	1007a980 	.word	0x1007a980
 23fd584:	00000004 	.word	0x00000004

023fd588 <realloc>:
DYNALIB_FN(2, rt, realloc, void*(void*, size_t))
 23fd588:	b509      	push	{r0, r3, lr}
 23fd58a:	4804      	ldr	r0, [pc, #16]	; (23fd59c <realloc+0x14>)
 23fd58c:	6800      	ldr	r0, [r0, #0]
 23fd58e:	4b04      	ldr	r3, [pc, #16]	; (23fd5a0 <realloc+0x18>)
 23fd590:	4403      	add	r3, r0
 23fd592:	681b      	ldr	r3, [r3, #0]
 23fd594:	689b      	ldr	r3, [r3, #8]
 23fd596:	9302      	str	r3, [sp, #8]
 23fd598:	bd09      	pop	{r0, r3, pc}
 23fd59a:	0000      	.short	0x0000
 23fd59c:	1007a980 	.word	0x1007a980
 23fd5a0:	00000004 	.word	0x00000004

023fd5a4 <vsnprintf>:
DYNALIB_FN(4, rt, siprintf, int(char*, const char*, ...))
DYNALIB_FN(5, rt, sscanf, int(const char*, const char*, ...))
DYNALIB_FN(6, rt, siscanf, int(const char*, const char*, ...))
DYNALIB_FN(7, rt, snprintf, int(char*, size_t, const char*, ...))
DYNALIB_FN(8, rt, sniprintf, int(char*, size_t, const char*, ...))
DYNALIB_FN(9, rt, vsnprintf, int(char*, size_t, const char*, va_list))
 23fd5a4:	b509      	push	{r0, r3, lr}
 23fd5a6:	4804      	ldr	r0, [pc, #16]	; (23fd5b8 <vsnprintf+0x14>)
 23fd5a8:	6800      	ldr	r0, [r0, #0]
 23fd5aa:	4b04      	ldr	r3, [pc, #16]	; (23fd5bc <vsnprintf+0x18>)
 23fd5ac:	4403      	add	r3, r0
 23fd5ae:	681b      	ldr	r3, [r3, #0]
 23fd5b0:	6a5b      	ldr	r3, [r3, #36]	; 0x24
 23fd5b2:	9302      	str	r3, [sp, #8]
 23fd5b4:	bd09      	pop	{r0, r3, pc}
 23fd5b6:	0000      	.short	0x0000
 23fd5b8:	1007a980 	.word	0x1007a980
 23fd5bc:	00000004 	.word	0x00000004

023fd5c0 <__errno>:
DYNALIB_FN(10, rt, vsniprintf, int(char*, size_t, const char*, va_list))
DYNALIB_FN(11, rt, abort, void(void))
DYNALIB_FN(12, rt, _malloc_r, void*(struct _reent*, size_t))
DYNALIB_FN(13, rt, _free_r, void(struct _reent*, void*))
DYNALIB_FN(14, rt, _realloc_r, void*(struct _reent*, void*, size_t))
DYNALIB_FN(15, rt, __errno, int*())
 23fd5c0:	b509      	push	{r0, r3, lr}
 23fd5c2:	4804      	ldr	r0, [pc, #16]	; (23fd5d4 <__errno+0x14>)
 23fd5c4:	6800      	ldr	r0, [r0, #0]
 23fd5c6:	4b04      	ldr	r3, [pc, #16]	; (23fd5d8 <__errno+0x18>)
 23fd5c8:	4403      	add	r3, r0
 23fd5ca:	681b      	ldr	r3, [r3, #0]
 23fd5cc:	6bdb      	ldr	r3, [r3, #60]	; 0x3c
 23fd5ce:	9302      	str	r3, [sp, #8]
 23fd5d0:	bd09      	pop	{r0, r3, pc}
 23fd5d2:	0000      	.short	0x0000
 23fd5d4:	1007a980 	.word	0x1007a980
 23fd5d8:	00000004 	.word	0x00000004

023fd5dc <__assert_func>:

#if defined(DYNALIB_EXPORT) || defined(DYNALIB_IMPORT)
DYNALIB_FN(16, rt, __assert_func, void(const char*, int, const char*, const char*))
 23fd5dc:	b509      	push	{r0, r3, lr}
 23fd5de:	4804      	ldr	r0, [pc, #16]	; (23fd5f0 <__assert_func+0x14>)
 23fd5e0:	6800      	ldr	r0, [r0, #0]
 23fd5e2:	4b04      	ldr	r3, [pc, #16]	; (23fd5f4 <__assert_func+0x18>)
 23fd5e4:	4403      	add	r3, r0
 23fd5e6:	681b      	ldr	r3, [r3, #0]
 23fd5e8:	6c1b      	ldr	r3, [r3, #64]	; 0x40
 23fd5ea:	9302      	str	r3, [sp, #8]
 23fd5ec:	bd09      	pop	{r0, r3, pc}
 23fd5ee:	0000      	.short	0x0000
 23fd5f0:	1007a980 	.word	0x1007a980
 23fd5f4:	00000004 	.word	0x00000004

023fd5f8 <newlib_impure_ptr_callback>:
DYNALIB_FN(17, rt, newlib_impure_ptr_callback, void(void (*)(struct _reent*, size_t, uint32_t, void*), void*))
 23fd5f8:	b509      	push	{r0, r3, lr}
 23fd5fa:	4804      	ldr	r0, [pc, #16]	; (23fd60c <newlib_impure_ptr_callback+0x14>)
 23fd5fc:	6800      	ldr	r0, [r0, #0]
 23fd5fe:	4b04      	ldr	r3, [pc, #16]	; (23fd610 <newlib_impure_ptr_callback+0x18>)
 23fd600:	4403      	add	r3, r0
 23fd602:	681b      	ldr	r3, [r3, #0]
 23fd604:	6c5b      	ldr	r3, [r3, #68]	; 0x44
 23fd606:	9302      	str	r3, [sp, #8]
 23fd608:	bd09      	pop	{r0, r3, pc}
 23fd60a:	0000      	.short	0x0000
 23fd60c:	1007a980 	.word	0x1007a980
 23fd610:	00000004 	.word	0x00000004

023fd614 <__cxa_guard_acquire>:

DYNALIB_FN(18, rt, strftime, size_t(char* __restrict, size_t, const char* __restrict, const struct tm* __restrict))
DYNALIB_FN(19, rt, localtime_r, struct tm*(const time_t* __restrict, struct tm* __restrict))
DYNALIB_FN(20, rt, gmtime_r, struct tm*(const time_t* __restrict, struct tm* __restrict))
DYNALIB_FN(21, rt, mktime, time_t(struct tm*))
DYNALIB_FN(22, rt, __cxa_guard_acquire, int(__guard*))
 23fd614:	b509      	push	{r0, r3, lr}
 23fd616:	4804      	ldr	r0, [pc, #16]	; (23fd628 <__cxa_guard_acquire+0x14>)
 23fd618:	6800      	ldr	r0, [r0, #0]
 23fd61a:	4b04      	ldr	r3, [pc, #16]	; (23fd62c <__cxa_guard_acquire+0x18>)
 23fd61c:	4403      	add	r3, r0
 23fd61e:	681b      	ldr	r3, [r3, #0]
 23fd620:	6d9b      	ldr	r3, [r3, #88]	; 0x58
 23fd622:	9302      	str	r3, [sp, #8]
 23fd624:	bd09      	pop	{r0, r3, pc}
 23fd626:	0000      	.short	0x0000
 23fd628:	1007a980 	.word	0x1007a980
 23fd62c:	00000004 	.word	0x00000004

023fd630 <__cxa_guard_release>:
DYNALIB_FN(23, rt, __cxa_guard_release, void(__guard*))
 23fd630:	b509      	push	{r0, r3, lr}
 23fd632:	4804      	ldr	r0, [pc, #16]	; (23fd644 <__cxa_guard_release+0x14>)
 23fd634:	6800      	ldr	r0, [r0, #0]
 23fd636:	4b04      	ldr	r3, [pc, #16]	; (23fd648 <__cxa_guard_release+0x18>)
 23fd638:	4403      	add	r3, r0
 23fd63a:	681b      	ldr	r3, [r3, #0]
 23fd63c:	6ddb      	ldr	r3, [r3, #92]	; 0x5c
 23fd63e:	9302      	str	r3, [sp, #8]
 23fd640:	bd09      	pop	{r0, r3, pc}
 23fd642:	0000      	.short	0x0000
 23fd644:	1007a980 	.word	0x1007a980
 23fd648:	00000004 	.word	0x00000004

023fd64c <_ZN5spark13EthernetClass9listeningEv>:
    uint16_t getListenTimeout(void) {
        return network_get_listen_timeout(*this, 0, NULL);
    }

    bool listening(void) {
        return network_listening(*this, 0, NULL);
 23fd64c:	2200      	movs	r2, #0
 23fd64e:	6840      	ldr	r0, [r0, #4]
 23fd650:	4611      	mov	r1, r2
 23fd652:	f7ff beff 	b.w	23fd454 <network_listening>

023fd656 <_ZN5spark13EthernetClass16getListenTimeoutEv>:
        return network_get_listen_timeout(*this, 0, NULL);
 23fd656:	2200      	movs	r2, #0
 23fd658:	6840      	ldr	r0, [r0, #4]
 23fd65a:	4611      	mov	r1, r2
 23fd65c:	f7ff bf16 	b.w	23fd48c <network_get_listen_timeout>

023fd660 <_ZN5spark13EthernetClass16setListenTimeoutEt>:
        network_set_listen_timeout(*this, timeout, NULL);
 23fd660:	2200      	movs	r2, #0
 23fd662:	6840      	ldr	r0, [r0, #4]
 23fd664:	f7ff bf04 	b.w	23fd470 <network_set_listen_timeout>

023fd668 <_ZN5spark13EthernetClass6listenEb>:
        network_listen(*this, begin ? 0 : 1, NULL);
 23fd668:	2200      	movs	r2, #0
 23fd66a:	6840      	ldr	r0, [r0, #4]
 23fd66c:	f081 0101 	eor.w	r1, r1, #1
 23fd670:	f7ff bee2 	b.w	23fd438 <network_listen>

023fd674 <_ZN5spark13EthernetClass3offEv>:
        network_off(*this, 0, 0, NULL);
 23fd674:	2300      	movs	r3, #0
 23fd676:	6840      	ldr	r0, [r0, #4]
 23fd678:	461a      	mov	r2, r3
 23fd67a:	4619      	mov	r1, r3
 23fd67c:	f7ff bece 	b.w	23fd41c <network_off>

023fd680 <_ZN5spark13EthernetClass2onEv>:
        network_on(*this, 0, 0, NULL);
 23fd680:	2300      	movs	r3, #0
 23fd682:	6840      	ldr	r0, [r0, #4]
 23fd684:	461a      	mov	r2, r3
 23fd686:	4619      	mov	r1, r3
 23fd688:	f7ff beba 	b.w	23fd400 <network_on>

023fd68c <_ZN5spark13EthernetClass5readyEv>:
    }

    bool ready() {
        return network_ready(*this, 0,  NULL);
 23fd68c:	2200      	movs	r2, #0
 23fd68e:	6840      	ldr	r0, [r0, #4]
 23fd690:	4611      	mov	r1, r2
 23fd692:	f7ff bea7 	b.w	23fd3e4 <network_ready>

023fd696 <_ZN5spark13EthernetClass10connectingEv>:
        return network_connecting(*this, 0, NULL);
 23fd696:	2200      	movs	r2, #0
 23fd698:	6840      	ldr	r0, [r0, #4]
 23fd69a:	4611      	mov	r1, r2
 23fd69c:	f7ff be86 	b.w	23fd3ac <network_connecting>

023fd6a0 <_ZN5spark13EthernetClass10disconnectEv>:
        network_disconnect(*this, NETWORK_DISCONNECT_REASON_USER, NULL);
 23fd6a0:	2200      	movs	r2, #0
 23fd6a2:	2102      	movs	r1, #2
 23fd6a4:	6840      	ldr	r0, [r0, #4]
 23fd6a6:	f7ff be8f 	b.w	23fd3c8 <network_disconnect>

023fd6aa <_ZN5spark13EthernetClass7connectEj>:
        network_connect(*this, flags, 0, NULL);
 23fd6aa:	2300      	movs	r3, #0
 23fd6ac:	6840      	ldr	r0, [r0, #4]
 23fd6ae:	461a      	mov	r2, r3
 23fd6b0:	f7ff be6e 	b.w	23fd390 <network_connect>

023fd6b4 <_GLOBAL__sub_I__ZN5spark8EthernetE>:
    static NetworkClass& from(network_interface_t nif);

    virtual IPAddress resolve(const char* name, bool flushCache = false);

    explicit NetworkClass(network_interface_t iface)
            : iface_(iface) {
 23fd6b4:	2203      	movs	r2, #3
 23fd6b6:	4b02      	ldr	r3, [pc, #8]	; (23fd6c0 <_GLOBAL__sub_I__ZN5spark8EthernetE+0xc>)
 23fd6b8:	605a      	str	r2, [r3, #4]
            NetworkClass(NETWORK_INTERFACE_ETHERNET) {
 23fd6ba:	4a02      	ldr	r2, [pc, #8]	; (23fd6c4 <_GLOBAL__sub_I__ZN5spark8EthernetE+0x10>)
 23fd6bc:	601a      	str	r2, [r3, #0]

namespace spark {

EthernetClass Ethernet;

} // spark
 23fd6be:	4770      	bx	lr
 23fd6c0:	1007af14 	.word	0x1007af14
 23fd6c4:	023ffc14 	.word	0x023ffc14

023fd6c8 <_GLOBAL__sub_I__ZN8particle10CloudEvent15s_subscriptionsE>:
// spark::Vector
template<typename T, typename AllocatorT>
inline spark::Vector<T, AllocatorT>::Vector() :
        data_(nullptr),
        size_(0),
        capacity_(0) {
 23fd6c8:	2200      	movs	r2, #0
 23fd6ca:	4b02      	ldr	r3, [pc, #8]	; (23fd6d4 <_GLOBAL__sub_I__ZN8particle10CloudEvent15s_subscriptionsE+0xc>)
 23fd6cc:	e9c3 2200 	strd	r2, r2, [r3]
 23fd6d0:	609a      	str	r2, [r3, #8]
        // Keep the reference around until the application callback is called
        d.unwrap();
    }
}

} // namespace particle
 23fd6d2:	4770      	bx	lr
 23fd6d4:	1007af1c 	.word	0x1007af1c

023fd6d8 <_ZN8SPIClass6unlockEv.isra.0>:
  }

  void unlock()
  {
#if HAL_PLATFORM_SPI_HAL_THREAD_SAFETY
    hal_spi_release(_spi, nullptr);
 23fd6d8:	2100      	movs	r1, #0
 23fd6da:	f7ff bd6b 	b.w	23fd1b4 <hal_spi_release>

023fd6de <_ZN8SPIClass4lockEv.isra.0>:
    return hal_spi_acquire(_spi, nullptr);
 23fd6de:	2100      	movs	r1, #0
 23fd6e0:	f7ff bd5a 	b.w	23fd198 <hal_spi_acquire>

023fd6e4 <_ZN8SPIClassC1E19hal_spi_interface_t>:
    }
    return particle::SPISettings(info->clock, info->bit_order, info->data_mode);
}
} // namespace

SPIClass::SPIClass(hal_spi_interface_t spi)
 23fd6e4:	b510      	push	{r4, lr}
 23fd6e6:	4604      	mov	r4, r0
 23fd6e8:	4608      	mov	r0, r1
{
    _spi = spi;
 23fd6ea:	7021      	strb	r1, [r4, #0]
    hal_spi_init(_spi);
 23fd6ec:	f7ff fd00 	bl	23fd0f0 <hal_spi_init>
    _dividerReference = SPI_CLK_SYSTEM; // 0 indicates the system clock
 23fd6f0:	2300      	movs	r3, #0
}
 23fd6f2:	4620      	mov	r0, r4
    _dividerReference = SPI_CLK_SYSTEM; // 0 indicates the system clock
 23fd6f4:	6063      	str	r3, [r4, #4]
}
 23fd6f6:	bd10      	pop	{r4, pc}

023fd6f8 <_ZN8SPIClass16beginTransactionEv>:
    }
}

int32_t SPIClass::beginTransaction()
{
    return lock();
 23fd6f8:	7800      	ldrb	r0, [r0, #0]
 23fd6fa:	f7ff bff0 	b.w	23fd6de <_ZN8SPIClass4lockEv.isra.0>

023fd6fe <_ZN8SPIClass14endTransactionEv>:
}

void SPIClass::endTransaction()
{
    // Release peripheral
    unlock();
 23fd6fe:	7800      	ldrb	r0, [r0, #0]
 23fd700:	f7ff bfea 	b.w	23fd6d8 <_ZN8SPIClass6unlockEv.isra.0>

023fd704 <_ZN8SPIClass19computeClockDividerEjjRhRj>:
    }
}

void SPIClass::computeClockDivider(unsigned reference, unsigned targetSpeed, uint8_t& divider,
                                   unsigned& clock)
{
 23fd704:	b530      	push	{r4, r5, lr}
    clock = reference;
    uint8_t scale = 0;
    clock >>= 1; // div2 is the first
 23fd706:	2400      	movs	r4, #0
 23fd708:	0840      	lsrs	r0, r0, #1
 23fd70a:	6018      	str	r0, [r3, #0]
    while (clock > targetSpeed && scale < 7)
 23fd70c:	6818      	ldr	r0, [r3, #0]
 23fd70e:	b2e5      	uxtb	r5, r4
 23fd710:	4288      	cmp	r0, r1
 23fd712:	d906      	bls.n	23fd722 <_ZN8SPIClass19computeClockDividerEjjRhRj+0x1e>
 23fd714:	3401      	adds	r4, #1
 23fd716:	2c08      	cmp	r4, #8
 23fd718:	d002      	beq.n	23fd720 <_ZN8SPIClass19computeClockDividerEjjRhRj+0x1c>
    {
        clock >>= 1;
 23fd71a:	0840      	lsrs	r0, r0, #1
 23fd71c:	6018      	str	r0, [r3, #0]
    while (clock > targetSpeed && scale < 7)
 23fd71e:	e7f5      	b.n	23fd70c <_ZN8SPIClass19computeClockDividerEjjRhRj+0x8>
 23fd720:	2507      	movs	r5, #7
        scale++;
    }
    divider = clock_divisors[scale];
 23fd722:	4b02      	ldr	r3, [pc, #8]	; (23fd72c <_ZN8SPIClass19computeClockDividerEjjRhRj+0x28>)
 23fd724:	5d5b      	ldrb	r3, [r3, r5]
 23fd726:	7013      	strb	r3, [r2, #0]
}
 23fd728:	bd30      	pop	{r4, r5, pc}
 23fd72a:	bf00      	nop
 23fd72c:	023ffc50 	.word	0x023ffc50

023fd730 <_ZN8SPIClass13setClockSpeedEjj>:

unsigned SPIClass::setClockSpeed(unsigned value, unsigned value_scale)
{
    unsigned clock = 0;
 23fd730:	2300      	movs	r3, #0
{
 23fd732:	e92d 41f0 	stmdb	sp!, {r4, r5, r6, r7, r8, lr}
 23fd736:	4604      	mov	r4, r0
 23fd738:	b088      	sub	sp, #32

    // actual speed is the system clock divided by some scalar
    unsigned targetSpeed = value * value_scale;

    if (!lock())
 23fd73a:	7800      	ldrb	r0, [r0, #0]
{
 23fd73c:	460e      	mov	r6, r1
 23fd73e:	4617      	mov	r7, r2
    unsigned clock = 0;
 23fd740:	9302      	str	r3, [sp, #8]
    if (!lock())
 23fd742:	f7ff ffcc 	bl	23fd6de <_ZN8SPIClass4lockEv.isra.0>
 23fd746:	4605      	mov	r5, r0
 23fd748:	bb00      	cbnz	r0, 23fd78c <_ZN8SPIClass13setClockSpeedEjj+0x5c>
    memset(info, 0, sizeof(hal_spi_info_t));
 23fd74a:	4601      	mov	r1, r0
 23fd74c:	2214      	movs	r2, #20
 23fd74e:	a803      	add	r0, sp, #12
    {
        // Query SPI info
        hal_spi_info_t info;
        querySpiInfo(_spi, &info);
 23fd750:	f894 8000 	ldrb.w	r8, [r4]
    memset(info, 0, sizeof(hal_spi_info_t));
 23fd754:	f001 faa9 	bl	23fecaa <memset>
    info->version = HAL_SPI_INFO_VERSION_1;
 23fd758:	230b      	movs	r3, #11
    hal_spi_info(spi, info, nullptr);
 23fd75a:	462a      	mov	r2, r5
 23fd75c:	4640      	mov	r0, r8
 23fd75e:	a903      	add	r1, sp, #12
    info->version = HAL_SPI_INFO_VERSION_1;
 23fd760:	f8ad 300c 	strh.w	r3, [sp, #12]
    hal_spi_info(spi, info, nullptr);
 23fd764:	f7ff fce0 	bl	23fd128 <hal_spi_info>

        // Calculate clock divider
        uint8_t divisor = 0;
        computeClockDivider(info.system_clock, targetSpeed, divisor, clock);
 23fd768:	fb07 f106 	mul.w	r1, r7, r6
 23fd76c:	9804      	ldr	r0, [sp, #16]
 23fd76e:	ab02      	add	r3, sp, #8
 23fd770:	f10d 0207 	add.w	r2, sp, #7
        uint8_t divisor = 0;
 23fd774:	f88d 5007 	strb.w	r5, [sp, #7]
        computeClockDivider(info.system_clock, targetSpeed, divisor, clock);
 23fd778:	f7ff ffc4 	bl	23fd704 <_ZN8SPIClass19computeClockDividerEjjRhRj>

        // Update SPI peripheral
        hal_spi_set_clock_divider(_spi, divisor);
 23fd77c:	7820      	ldrb	r0, [r4, #0]
 23fd77e:	f89d 1007 	ldrb.w	r1, [sp, #7]
 23fd782:	f7ff fc99 	bl	23fd0b8 <hal_spi_set_clock_divider>
        unlock();
 23fd786:	7820      	ldrb	r0, [r4, #0]
 23fd788:	f7ff ffa6 	bl	23fd6d8 <_ZN8SPIClass6unlockEv.isra.0>
    }

    return clock;
}
 23fd78c:	9802      	ldr	r0, [sp, #8]
 23fd78e:	b008      	add	sp, #32
 23fd790:	e8bd 81f0 	ldmia.w	sp!, {r4, r5, r6, r7, r8, pc}

023fd794 <_ZN8SPIClass8transferEh>:

byte SPIClass::transfer(byte _data)
{
 23fd794:	b508      	push	{r3, lr}
    return static_cast<byte>(hal_spi_transfer(_spi, _data));
 23fd796:	7800      	ldrb	r0, [r0, #0]
 23fd798:	f7ff fc9c 	bl	23fd0d4 <hal_spi_transfer>
}
 23fd79c:	b2c0      	uxtb	r0, r0
 23fd79e:	bd08      	pop	{r3, pc}

023fd7a0 <_ZN8SPIClass8transferEPKvPvjPFvvE>:

void SPIClass::transfer(const void* tx_buffer, void* rx_buffer, size_t length,
                        wiring_spi_dma_transfercomplete_callback_t user_callback)
{
 23fd7a0:	b530      	push	{r4, r5, lr}
 23fd7a2:	b087      	sub	sp, #28
 23fd7a4:	9d0a      	ldr	r5, [sp, #40]	; 0x28
 23fd7a6:	4604      	mov	r4, r0
    hal_spi_transfer_dma(_spi, tx_buffer, rx_buffer, length, user_callback);
 23fd7a8:	9500      	str	r5, [sp, #0]
 23fd7aa:	7800      	ldrb	r0, [r0, #0]
 23fd7ac:	f7ff fcca 	bl	23fd144 <hal_spi_transfer_dma>
    if (user_callback == NULL)
 23fd7b0:	b93d      	cbnz	r5, 23fd7c2 <_ZN8SPIClass8transferEPKvPvjPFvvE+0x22>
    {
        hal_spi_transfer_status_t st;
        do
        {
            hal_spi_transfer_dma_status(_spi, &st);
 23fd7b2:	7820      	ldrb	r0, [r4, #0]
 23fd7b4:	a902      	add	r1, sp, #8
 23fd7b6:	f7ff fce1 	bl	23fd17c <hal_spi_transfer_dma_status>
        } while (st.transfer_ongoing);
 23fd7ba:	f89d 3014 	ldrb.w	r3, [sp, #20]
 23fd7be:	07db      	lsls	r3, r3, #31
 23fd7c0:	d4f7      	bmi.n	23fd7b2 <_ZN8SPIClass8transferEPKvPvjPFvvE+0x12>
    }
}
 23fd7c2:	b007      	add	sp, #28
 23fd7c4:	bd30      	pop	{r4, r5, pc}
	...

023fd7c8 <_GLOBAL__sub_I_System>:
} // namespace particle

// particle::Flag<TagT, ValueT>
template<typename TagT, typename ValueT>
inline particle::Flag<TagT, ValueT>::Flag(ValueT val) :
        val_(val) {
 23fd7c8:	2202      	movs	r2, #2

class SystemSleepResult {
public:
    SystemSleepResult()
            : wakeupSource_(nullptr),
              error_(SYSTEM_ERROR_NONE) {
 23fd7ca:	2000      	movs	r0, #0
 23fd7cc:	4b04      	ldr	r3, [pc, #16]	; (23fd7e0 <_GLOBAL__sub_I_System+0x18>)
 23fd7ce:	601a      	str	r2, [r3, #0]
 23fd7d0:	4b04      	ldr	r3, [pc, #16]	; (23fd7e4 <_GLOBAL__sub_I_System+0x1c>)
    SleepResult() {}
 23fd7d2:	4a05      	ldr	r2, [pc, #20]	; (23fd7e8 <_GLOBAL__sub_I_System+0x20>)
              error_(SYSTEM_ERROR_NONE) {
 23fd7d4:	e9c3 0000 	strd	r0, r0, [r3]
    SleepResult() {}
 23fd7d8:	609a      	str	r2, [r3, #8]

class SystemClass {
public:

    SystemClass(System_Mode_TypeDef mode = DEFAULT) {
        set_system_mode(mode);
 23fd7da:	f7ff bd93 	b.w	23fd304 <set_system_mode>
 23fd7de:	bf00      	nop
 23fd7e0:	1007af34 	.word	0x1007af34
 23fd7e4:	1007af28 	.word	0x1007af28
 23fd7e8:	ffff0000 	.word	0xffff0000

023fd7ec <_ZN6String10invalidateEv>:
    len = 0;
    flags = 0;
}

void String::invalidate(void)
{
 23fd7ec:	b510      	push	{r4, lr}
 23fd7ee:	4604      	mov	r4, r0
    if (buffer) {
 23fd7f0:	6800      	ldr	r0, [r0, #0]
 23fd7f2:	b108      	cbz	r0, 23fd7f8 <_ZN6String10invalidateEv+0xc>
        free(buffer);
 23fd7f4:	f7ff feba 	bl	23fd56c <free>
    }
    buffer = nullptr;
 23fd7f8:	2300      	movs	r3, #0
    capacity_ = len = 0;
 23fd7fa:	e9c4 3301 	strd	r3, r3, [r4, #4]
    buffer = nullptr;
 23fd7fe:	6023      	str	r3, [r4, #0]
}
 23fd800:	bd10      	pop	{r4, pc}

023fd802 <_ZN6String12changeBufferEj>:
    len = size;
    return true;
}

unsigned char String::changeBuffer(unsigned int maxStrLen)
{
 23fd802:	b538      	push	{r3, r4, r5, lr}
 23fd804:	4604      	mov	r4, r0
 23fd806:	460d      	mov	r5, r1
    char *newbuffer = (char *)realloc(buffer, maxStrLen + 1);
 23fd808:	6800      	ldr	r0, [r0, #0]
 23fd80a:	3101      	adds	r1, #1
 23fd80c:	f7ff febc 	bl	23fd588 <realloc>
    if (newbuffer) {
 23fd810:	b110      	cbz	r0, 23fd818 <_ZN6String12changeBufferEj+0x16>
        buffer = newbuffer;
        capacity_ = maxStrLen;
 23fd812:	e9c4 0500 	strd	r0, r5, [r4]
        return 1;
 23fd816:	2001      	movs	r0, #1
    }
    return 0;
}
 23fd818:	bd38      	pop	{r3, r4, r5, pc}

023fd81a <_ZN6String7reserveEj>:
{
 23fd81a:	b510      	push	{r4, lr}
    if (buffer && capacity_ >= size) {
 23fd81c:	6803      	ldr	r3, [r0, #0]
{
 23fd81e:	4604      	mov	r4, r0
    if (buffer && capacity_ >= size) {
 23fd820:	b123      	cbz	r3, 23fd82c <_ZN6String7reserveEj+0x12>
 23fd822:	6843      	ldr	r3, [r0, #4]
 23fd824:	428b      	cmp	r3, r1
 23fd826:	d301      	bcc.n	23fd82c <_ZN6String7reserveEj+0x12>
 23fd828:	2001      	movs	r0, #1
}
 23fd82a:	bd10      	pop	{r4, pc}
    if (changeBuffer(size)) {
 23fd82c:	4620      	mov	r0, r4
 23fd82e:	f7ff ffe8 	bl	23fd802 <_ZN6String12changeBufferEj>
 23fd832:	2800      	cmp	r0, #0
 23fd834:	d0f9      	beq.n	23fd82a <_ZN6String7reserveEj+0x10>
        if (len == 0) {
 23fd836:	68a3      	ldr	r3, [r4, #8]
 23fd838:	2b00      	cmp	r3, #0
 23fd83a:	d1f5      	bne.n	23fd828 <_ZN6String7reserveEj+0xe>
            buffer[0] = 0;
 23fd83c:	6822      	ldr	r2, [r4, #0]
 23fd83e:	7013      	strb	r3, [r2, #0]
 23fd840:	e7f2      	b.n	23fd828 <_ZN6String7reserveEj+0xe>

023fd842 <_ZN6String4copyEPKcj>:
/*********************************************/
/*  Copy and Move                            */
/*********************************************/

String & String::copy(const char *cstr, unsigned int length)
{
 23fd842:	b537      	push	{r0, r1, r2, r4, r5, lr}
 23fd844:	460d      	mov	r5, r1
    if (!reserve(length)) {
 23fd846:	4611      	mov	r1, r2
 23fd848:	9201      	str	r2, [sp, #4]
{
 23fd84a:	4604      	mov	r4, r0
    if (!reserve(length)) {
 23fd84c:	f7ff ffe5 	bl	23fd81a <_ZN6String7reserveEj>
 23fd850:	9a01      	ldr	r2, [sp, #4]
 23fd852:	b928      	cbnz	r0, 23fd860 <_ZN6String4copyEPKcj+0x1e>
        invalidate();
 23fd854:	4620      	mov	r0, r4
 23fd856:	f7ff ffc9 	bl	23fd7ec <_ZN6String10invalidateEv>
    }
    len = length;
    memcpy(buffer, cstr, length);
    buffer[len] = 0;
    return *this;
}
 23fd85a:	4620      	mov	r0, r4
 23fd85c:	b003      	add	sp, #12
 23fd85e:	bd30      	pop	{r4, r5, pc}
    memcpy(buffer, cstr, length);
 23fd860:	4629      	mov	r1, r5
    len = length;
 23fd862:	60a2      	str	r2, [r4, #8]
    memcpy(buffer, cstr, length);
 23fd864:	6820      	ldr	r0, [r4, #0]
 23fd866:	f001 fa13 	bl	23fec90 <memcpy>
    buffer[len] = 0;
 23fd86a:	2100      	movs	r1, #0
 23fd86c:	6822      	ldr	r2, [r4, #0]
 23fd86e:	68a3      	ldr	r3, [r4, #8]
 23fd870:	54d1      	strb	r1, [r2, r3]
    return *this;
 23fd872:	e7f2      	b.n	23fd85a <_ZN6String4copyEPKcj+0x18>

023fd874 <_ZN6StringC1EPK19__FlashStringHelper>:
    buffer = nullptr;
 23fd874:	2300      	movs	r3, #0
String::String(const __FlashStringHelper *pstr)
 23fd876:	b513      	push	{r0, r1, r4, lr}
 23fd878:	4604      	mov	r4, r0
    capacity_ = 0;
 23fd87a:	e9c0 3300 	strd	r3, r3, [r0]
    len = 0;
 23fd87e:	6083      	str	r3, [r0, #8]
    flags = 0;
 23fd880:	7303      	strb	r3, [r0, #12]
    if (cstr) {
 23fd882:	b141      	cbz	r1, 23fd896 <_ZN6StringC1EPK19__FlashStringHelper+0x22>
        copy(cstr, strlen(cstr));
 23fd884:	4608      	mov	r0, r1
 23fd886:	9101      	str	r1, [sp, #4]
 23fd888:	f7fe f8ac 	bl	23fb9e4 <strlen>
 23fd88c:	9901      	ldr	r1, [sp, #4]
 23fd88e:	4602      	mov	r2, r0
 23fd890:	4620      	mov	r0, r4
 23fd892:	f7ff ffd6 	bl	23fd842 <_ZN6String4copyEPKcj>
}
 23fd896:	4620      	mov	r0, r4
 23fd898:	b002      	add	sp, #8
 23fd89a:	bd10      	pop	{r4, pc}

023fd89c <_GLOBAL__sub_I__ZN8particle3ble13WiringBleLock6mutex_E>:
    /**
     * Creates a shared mutex.
     */
    RecursiveMutex(os_mutex_recursive_t handle) : handle_(handle) {}

    RecursiveMutex() : handle_(nullptr)
 23fd89c:	2300      	movs	r3, #0
 23fd89e:	4802      	ldr	r0, [pc, #8]	; (23fd8a8 <_GLOBAL__sub_I__ZN8particle3ble13WiringBleLock6mutex_E+0xc>)
 23fd8a0:	6003      	str	r3, [r0, #0]
    {
        os_mutex_recursive_create(&handle_);
 23fd8a2:	f7ff ba8f 	b.w	23fcdc4 <os_mutex_recursive_create>
 23fd8a6:	bf00      	nop
 23fd8a8:	1007af38 	.word	0x1007af38

023fd8ac <_ZN5Print5writeEPKhj>:

// Public Methods //////////////////////////////////////////////////////////////

/* default implementation: may be overridden */
size_t Print::write(const uint8_t *buffer, size_t size)
{
 23fd8ac:	b5f8      	push	{r3, r4, r5, r6, r7, lr}
 23fd8ae:	4606      	mov	r6, r0
 23fd8b0:	460d      	mov	r5, r1
  size_t n = 0;
 23fd8b2:	2400      	movs	r4, #0
 23fd8b4:	188f      	adds	r7, r1, r2
  while (size--) {
 23fd8b6:	42bd      	cmp	r5, r7
 23fd8b8:	d00c      	beq.n	23fd8d4 <_ZN5Print5writeEPKhj+0x28>
     int chunk = write(*buffer++);
 23fd8ba:	6833      	ldr	r3, [r6, #0]
 23fd8bc:	4630      	mov	r0, r6
 23fd8be:	689b      	ldr	r3, [r3, #8]
 23fd8c0:	f815 1b01 	ldrb.w	r1, [r5], #1
 23fd8c4:	4798      	blx	r3
     if (chunk>=0)
 23fd8c6:	1e03      	subs	r3, r0, #0
 23fd8c8:	db01      	blt.n	23fd8ce <_ZN5Print5writeEPKhj+0x22>
         n += chunk;
 23fd8ca:	441c      	add	r4, r3
  while (size--) {
 23fd8cc:	e7f3      	b.n	23fd8b6 <_ZN5Print5writeEPKhj+0xa>
     int chunk = write(*buffer++);
 23fd8ce:	2c00      	cmp	r4, #0
 23fd8d0:	bf08      	it	eq
 23fd8d2:	461c      	moveq	r4, r3
             n = chunk;
         break;
     }
  }
  return n;
}
 23fd8d4:	4620      	mov	r0, r4
 23fd8d6:	bdf8      	pop	{r3, r4, r5, r6, r7, pc}

023fd8d8 <_ZN5Print5writeEPKc>:

    int getWriteError() const { return write_error; }
    void clearWriteError() { setWriteError(0); }

    virtual size_t write(uint8_t) = 0;
    size_t write(const char *str) {
 23fd8d8:	b513      	push	{r0, r1, r4, lr}
 23fd8da:	4604      	mov	r4, r0
      if (str == NULL) return 0;
      return write((const uint8_t *)str, strlen(str));
    }
 23fd8dc:	4608      	mov	r0, r1
      if (str == NULL) return 0;
 23fd8de:	b159      	cbz	r1, 23fd8f8 <_ZN5Print5writeEPKc+0x20>
      return write((const uint8_t *)str, strlen(str));
 23fd8e0:	9101      	str	r1, [sp, #4]
 23fd8e2:	f7fe f87f 	bl	23fb9e4 <strlen>
 23fd8e6:	4602      	mov	r2, r0
 23fd8e8:	4620      	mov	r0, r4
 23fd8ea:	6823      	ldr	r3, [r4, #0]
 23fd8ec:	9901      	ldr	r1, [sp, #4]
 23fd8ee:	68db      	ldr	r3, [r3, #12]
    }
 23fd8f0:	b002      	add	sp, #8
 23fd8f2:	e8bd 4010 	ldmia.w	sp!, {r4, lr}
      return write((const uint8_t *)str, strlen(str));
 23fd8f6:	4718      	bx	r3
    }
 23fd8f8:	b002      	add	sp, #8
 23fd8fa:	bd10      	pop	{r4, pc}

023fd8fc <_ZN5Print5printEc>:
  return write(str);
}

size_t Print::print(char c)
{
  return write(c);
 23fd8fc:	6803      	ldr	r3, [r0, #0]
 23fd8fe:	689b      	ldr	r3, [r3, #8]
 23fd900:	4718      	bx	r3

023fd902 <_ZN5Print7printlnEv>:
{
  return print(reinterpret_cast<const char*>(str));
}

size_t Print::println(void)
{
 23fd902:	b538      	push	{r3, r4, r5, lr}
  size_t n = print('\r');
 23fd904:	210d      	movs	r1, #13
{
 23fd906:	4605      	mov	r5, r0
  size_t n = print('\r');
 23fd908:	f7ff fff8 	bl	23fd8fc <_ZN5Print5printEc>
  n += print('\n');
 23fd90c:	210a      	movs	r1, #10
  size_t n = print('\r');
 23fd90e:	4604      	mov	r4, r0
  n += print('\n');
 23fd910:	4628      	mov	r0, r5
 23fd912:	f7ff fff3 	bl	23fd8fc <_ZN5Print5printEc>
  return n;
}
 23fd916:	4420      	add	r0, r4
 23fd918:	bd38      	pop	{r3, r4, r5, pc}

023fd91a <_ZN5Print11printNumberEmh>:

size_t Print::printNumber(unsigned long n, uint8_t base) {
  char buf[8 * sizeof(n) + 1]; // Assumes 8-bit chars plus zero byte.
  char *str = &buf[sizeof(buf) - 1];

  *str = '\0';
 23fd91a:	2300      	movs	r3, #0

  // prevent crash if called with base == 1
  if (base < 2) base = 10;
 23fd91c:	2a01      	cmp	r2, #1
 23fd91e:	bf98      	it	ls
 23fd920:	220a      	movls	r2, #10
size_t Print::printNumber(unsigned long n, uint8_t base) {
 23fd922:	b530      	push	{r4, r5, lr}
 23fd924:	b08b      	sub	sp, #44	; 0x2c
  *str = '\0';
 23fd926:	f88d 3024 	strb.w	r3, [sp, #36]	; 0x24
  if (base < 2) base = 10;
 23fd92a:	ac09      	add	r4, sp, #36	; 0x24

  do {
   decltype(n) m = n;
   n /= base;
 23fd92c:	460d      	mov	r5, r1
 23fd92e:	fbb1 f1f2 	udiv	r1, r1, r2
   char c = m - base * n;
 23fd932:	fb01 5312 	mls	r3, r1, r2, r5
 23fd936:	f003 03ff 	and.w	r3, r3, #255	; 0xff
   *--str = c < 10 ? c + '0' : c + 'A' - 10;
 23fd93a:	2b09      	cmp	r3, #9
 23fd93c:	bf94      	ite	ls
 23fd93e:	3330      	addls	r3, #48	; 0x30
 23fd940:	3337      	addhi	r3, #55	; 0x37
 23fd942:	b2db      	uxtb	r3, r3
  } while(n);
 23fd944:	42aa      	cmp	r2, r5
   *--str = c < 10 ? c + '0' : c + 'A' - 10;
 23fd946:	f804 3d01 	strb.w	r3, [r4, #-1]!
  } while(n);
 23fd94a:	d9ef      	bls.n	23fd92c <_ZN5Print11printNumberEmh+0x12>

  return write(str);
 23fd94c:	4621      	mov	r1, r4
 23fd94e:	f7ff ffc3 	bl	23fd8d8 <_ZN5Print5writeEPKc>
}
 23fd952:	b00b      	add	sp, #44	; 0x2c
 23fd954:	bd30      	pop	{r4, r5, pc}

023fd956 <_ZN5Print7vprintfEbPKcSt9__va_list>:
    writeVariant(var, writer);
    return writer.bytesWritten();
}

size_t Print::vprintf(bool newline, const char* format, va_list args)
{
 23fd956:	e92d 41f0 	stmdb	sp!, {r4, r5, r6, r7, r8, lr}
 23fd95a:	b086      	sub	sp, #24
 23fd95c:	af00      	add	r7, sp, #0
 23fd95e:	4605      	mov	r5, r0
 23fd960:	460e      	mov	r6, r1
    const int bufsize = 20;
    char test[bufsize];
    va_list args2;
    va_copy(args2, args);
    size_t n = vsnprintf(test, bufsize, format, args);
 23fd962:	1d38      	adds	r0, r7, #4
 23fd964:	2114      	movs	r1, #20
{
 23fd966:	4614      	mov	r4, r2
    va_copy(args2, args);
 23fd968:	603b      	str	r3, [r7, #0]
    size_t n = vsnprintf(test, bufsize, format, args);
 23fd96a:	f7ff fe1b 	bl	23fd5a4 <vsnprintf>

    if (n<bufsize)
 23fd96e:	2813      	cmp	r0, #19
 23fd970:	d80e      	bhi.n	23fd990 <_ZN5Print7vprintfEbPKcSt9__va_list+0x3a>
  return write(str);
 23fd972:	4628      	mov	r0, r5
 23fd974:	1d39      	adds	r1, r7, #4
 23fd976:	f7ff ffaf 	bl	23fd8d8 <_ZN5Print5writeEPKc>
 23fd97a:	4604      	mov	r4, r0
    {
        char bigger[n+1];
        n = vsnprintf(bigger, n+1, format, args2);
        n = print(bigger);
    }
    if (newline)
 23fd97c:	b11e      	cbz	r6, 23fd986 <_ZN5Print7vprintfEbPKcSt9__va_list+0x30>
        n += println();
 23fd97e:	4628      	mov	r0, r5
 23fd980:	f7ff ffbf 	bl	23fd902 <_ZN5Print7printlnEv>
 23fd984:	4404      	add	r4, r0

    va_end(args2);
    return n;
}
 23fd986:	4620      	mov	r0, r4
 23fd988:	3718      	adds	r7, #24
 23fd98a:	46bd      	mov	sp, r7
 23fd98c:	e8bd 81f0 	ldmia.w	sp!, {r4, r5, r6, r7, r8, pc}
        char bigger[n+1];
 23fd990:	f100 0308 	add.w	r3, r0, #8
 23fd994:	f023 0307 	bic.w	r3, r3, #7
        n = print(bigger);
 23fd998:	46e8      	mov	r8, sp
        char bigger[n+1];
 23fd99a:	ebad 0d03 	sub.w	sp, sp, r3
        n = vsnprintf(bigger, n+1, format, args2);
 23fd99e:	4622      	mov	r2, r4
 23fd9a0:	1c41      	adds	r1, r0, #1
 23fd9a2:	683b      	ldr	r3, [r7, #0]
 23fd9a4:	4668      	mov	r0, sp
 23fd9a6:	f7ff fdfd 	bl	23fd5a4 <vsnprintf>
  return write(str);
 23fd9aa:	4669      	mov	r1, sp
 23fd9ac:	4628      	mov	r0, r5
 23fd9ae:	f7ff ff93 	bl	23fd8d8 <_ZN5Print5writeEPKc>
 23fd9b2:	4604      	mov	r4, r0
 23fd9b4:	46c5      	mov	sp, r8
 23fd9b6:	e7e1      	b.n	23fd97c <_ZN5Print7vprintfEbPKcSt9__va_list+0x26>

023fd9b8 <_ZN6Stream9timedReadEv>:
#define PARSE_TIMEOUT 1000  // default number of milli-seconds to wait
#define NO_SKIP_CHAR  1  // a magic char not found in a valid ASCII numeric field

// private method to read stream with timeout
int Stream::timedRead()
{
 23fd9b8:	b510      	push	{r4, lr}
 23fd9ba:	4604      	mov	r4, r0

#ifdef __cplusplus
extern "C" {
#endif

inline system_tick_t millis(void) { return HAL_Timer_Get_Milli_Seconds(); }
 23fd9bc:	f7ff f9e6 	bl	23fcd8c <HAL_Timer_Get_Milli_Seconds>
  int c;
  _startMillis = millis();
 23fd9c0:	60e0      	str	r0, [r4, #12]
  do {
    c = read();
 23fd9c2:	6823      	ldr	r3, [r4, #0]
 23fd9c4:	4620      	mov	r0, r4
 23fd9c6:	695b      	ldr	r3, [r3, #20]
 23fd9c8:	4798      	blx	r3
    if (c >= 0) return c;
 23fd9ca:	2800      	cmp	r0, #0
 23fd9cc:	da08      	bge.n	23fd9e0 <_ZN6Stream9timedReadEv+0x28>
 23fd9ce:	f7ff f9dd 	bl	23fcd8c <HAL_Timer_Get_Milli_Seconds>
  } while(millis() - _startMillis < _timeout);
 23fd9d2:	68e3      	ldr	r3, [r4, #12]
 23fd9d4:	1ac0      	subs	r0, r0, r3
 23fd9d6:	68a3      	ldr	r3, [r4, #8]
 23fd9d8:	4298      	cmp	r0, r3
 23fd9da:	d3f2      	bcc.n	23fd9c2 <_ZN6Stream9timedReadEv+0xa>
  return -1;     // -1 indicates timeout
 23fd9dc:	f04f 30ff 	mov.w	r0, #4294967295
}
 23fd9e0:	bd10      	pop	{r4, pc}

023fd9e2 <_ZN6Stream9readBytesEPcj>:
// terminates if length characters have been read, or timeout (see setTimeout)
// returns the number of characters placed in the buffer
// the buffer is NOT null terminated.
//
size_t Stream::readBytes(char *buffer, size_t length)
{
 23fd9e2:	e92d 41f0 	stmdb	sp!, {r4, r5, r6, r7, r8, lr}
 23fd9e6:	4607      	mov	r7, r0
 23fd9e8:	460c      	mov	r4, r1
 23fd9ea:	460d      	mov	r5, r1
 23fd9ec:	188e      	adds	r6, r1, r2
  size_t count = 0;
  while (count < length) {
 23fd9ee:	42b5      	cmp	r5, r6
 23fd9f0:	eba5 0804 	sub.w	r8, r5, r4
 23fd9f4:	d007      	beq.n	23fda06 <_ZN6Stream9readBytesEPcj+0x24>
    int c = timedRead();
 23fd9f6:	4638      	mov	r0, r7
 23fd9f8:	f7ff ffde 	bl	23fd9b8 <_ZN6Stream9timedReadEv>
    if (c < 0) break;
 23fd9fc:	1e03      	subs	r3, r0, #0
 23fd9fe:	db02      	blt.n	23fda06 <_ZN6Stream9readBytesEPcj+0x24>
    *buffer++ = (char)c;
 23fda00:	f805 3b01 	strb.w	r3, [r5], #1
  while (count < length) {
 23fda04:	e7f3      	b.n	23fd9ee <_ZN6Stream9readBytesEPcj+0xc>
    count++;
  }
  return count;
}
 23fda06:	4640      	mov	r0, r8
 23fda08:	e8bd 81f0 	ldmia.w	sp!, {r4, r5, r6, r7, r8, pc}

023fda0c <_GLOBAL__sub_I__ZN5spark3LogE>:
    // This handler doesn't support direct logging
}

// spark::Logger
inline spark::Logger::Logger(const char *name) :
        name_(name) {
 23fda0c:	4b01      	ldr	r3, [pc, #4]	; (23fda14 <_GLOBAL__sub_I__ZN5spark3LogE+0x8>)
 23fda0e:	4a02      	ldr	r2, [pc, #8]	; (23fda18 <_GLOBAL__sub_I__ZN5spark3LogE+0xc>)
 23fda10:	601a      	str	r2, [r3, #0]
#if Wiring_LogConfig

// spark::
void spark::logProcessControlRequest(ctrl_request* req) {
    JSONRequestHandler::process(req);
}
 23fda12:	4770      	bx	lr
 23fda14:	1007af3c 	.word	0x1007af3c
 23fda18:	023ffc60 	.word	0x023ffc60

023fda1c <_GLOBAL__sub_I_TIME_FORMAT_DEFAULT>:
            calendar_time_cache = Convert_UnixTime_To_CalendarTime(unix_time);
            unix_time_cache = unix_time;
    }
}

const char* TimeClass::format_spec = TIME_FORMAT_DEFAULT;
 23fda1c:	4b02      	ldr	r3, [pc, #8]	; (23fda28 <_GLOBAL__sub_I_TIME_FORMAT_DEFAULT+0xc>)
 23fda1e:	681a      	ldr	r2, [r3, #0]
 23fda20:	4b02      	ldr	r3, [pc, #8]	; (23fda2c <_GLOBAL__sub_I_TIME_FORMAT_DEFAULT+0x10>)
 23fda22:	601a      	str	r2, [r3, #0]
{
  return isValid();
}


TimeClass Time;
 23fda24:	4770      	bx	lr
 23fda26:	bf00      	nop
 23fda28:	1007adac 	.word	0x1007adac
 23fda2c:	1007af40 	.word	0x1007af40

023fda30 <delay>:
    return (value - fromStart) * (toEnd - toStart) / (fromEnd - fromStart) + toStart;
}

void delay(unsigned long ms)
{
    system_delay_ms(ms, false);
 23fda30:	2100      	movs	r1, #0
 23fda32:	f7ff bc75 	b.w	23fd320 <system_delay_ms>
	...

023fda38 <_GLOBAL__sub_I_RGB>:
	static void
	_M_init_functor(_Any_data& __functor, _Functor&& __f, false_type)
	{ __functor._M_access<_Functor*>() = new _Functor(std::move(__f)); }
      };

    _Function_base() : _M_manager(nullptr) { }
 23fda38:	2200      	movs	r2, #0
 23fda3a:	4b01      	ldr	r3, [pc, #4]	; (23fda40 <_GLOBAL__sub_I_RGB+0x8>)
 23fda3c:	609a      	str	r2, [r3, #8]
{
    RGBClass* const d = static_cast<RGBClass*>(data);
    if (d->changeHandler_) {
        d->changeHandler_(r, g, b);
    }
}
 23fda3e:	4770      	bx	lr
 23fda40:	1007af44 	.word	0x1007af44

023fda44 <_ZZ21module_user_init_hookENUlP6_reentjmPvE_4_FUNES0_jmS1_>:

void module_user_init_hook()
{
#if HAL_PLATFORM_NEWLIB
    newlib_impure_ptr_callback([](struct _reent* r, size_t size, uint32_t version, void* ctx) -> void {
        _impure_ptr = r;
 23fda44:	4b01      	ldr	r3, [pc, #4]	; (23fda4c <_ZZ21module_user_init_hookENUlP6_reentjmPvE_4_FUNES0_jmS1_+0x8>)
 23fda46:	6018      	str	r0, [r3, #0]
    }, nullptr);
 23fda48:	4770      	bx	lr
 23fda4a:	bf00      	nop
 23fda4c:	1007adb0 	.word	0x1007adb0

023fda50 <serialEventRun>:
{
 23fda50:	b508      	push	{r3, lr}
    if (serialEvent && Serial.available()>0)
 23fda52:	4b0f      	ldr	r3, [pc, #60]	; (23fda90 <serialEventRun+0x40>)
 23fda54:	b143      	cbz	r3, 23fda68 <serialEventRun+0x18>
 23fda56:	f000 f98d 	bl	23fdd74 <_Z16_fetch_usbserialv>
 23fda5a:	6803      	ldr	r3, [r0, #0]
 23fda5c:	691b      	ldr	r3, [r3, #16]
 23fda5e:	4798      	blx	r3
 23fda60:	2800      	cmp	r0, #0
 23fda62:	dd01      	ble.n	23fda68 <serialEventRun+0x18>
        serialEvent();
 23fda64:	e000      	b.n	23fda68 <serialEventRun+0x18>
 23fda66:	bf00      	nop
    if (serialEvent1 && Serial1.available()>0)
 23fda68:	4b0a      	ldr	r3, [pc, #40]	; (23fda94 <serialEventRun+0x44>)
 23fda6a:	b143      	cbz	r3, 23fda7e <serialEventRun+0x2e>
 23fda6c:	f000 ff26 	bl	23fe8bc <_Z22__fetch_global_Serial1v>
 23fda70:	6803      	ldr	r3, [r0, #0]
 23fda72:	691b      	ldr	r3, [r3, #16]
 23fda74:	4798      	blx	r3
 23fda76:	2800      	cmp	r0, #0
 23fda78:	dd01      	ble.n	23fda7e <serialEventRun+0x2e>
        serialEvent1();
 23fda7a:	e000      	b.n	23fda7e <serialEventRun+0x2e>
 23fda7c:	bf00      	nop
    if (serialEvent2) serialEventRun2();
 23fda7e:	4b06      	ldr	r3, [pc, #24]	; (23fda98 <serialEventRun+0x48>)
 23fda80:	b10b      	cbz	r3, 23fda86 <serialEventRun+0x36>
 23fda82:	f000 ff61 	bl	23fe948 <_Z15serialEventRun2v>
    if (serialEvent3) serialEventRun3();
 23fda86:	4b05      	ldr	r3, [pc, #20]	; (23fda9c <serialEventRun+0x4c>)
 23fda88:	b10b      	cbz	r3, 23fda8e <serialEventRun+0x3e>
 23fda8a:	f000 ff93 	bl	23fe9b4 <_Z15serialEventRun3v>
}
 23fda8e:	bd08      	pop	{r3, pc}
	...

023fdaa0 <_post_loop>:
{
 23fdaa0:	b508      	push	{r3, lr}
	serialEventRun();
 23fdaa2:	f7ff ffd5 	bl	23fda50 <serialEventRun>
		return !thread || !thread->isRunning();
	}

	static inline system_tick_t current_time()
	{
		return HAL_Timer_Get_Milli_Seconds();
 23fdaa6:	f7ff f971 	bl	23fcd8c <HAL_Timer_Get_Milli_Seconds>
	/**
	 * Lifesign that the application is still working normally.
	 */
	static void checkin()
	{
		last_checkin = current_time();
 23fdaaa:	4b01      	ldr	r3, [pc, #4]	; (23fdab0 <_post_loop+0x10>)
 23fdaac:	6018      	str	r0, [r3, #0]
}
 23fdaae:	bd08      	pop	{r3, pc}
 23fdab0:	1007afe0 	.word	0x1007afe0

023fdab4 <_Z33system_initialize_user_backup_ramv>:
    memcpy(&link_global_retained_start, &link_global_retained_initial_values, len);
 23fdab4:	4805      	ldr	r0, [pc, #20]	; (23fdacc <_Z33system_initialize_user_backup_ramv+0x18>)
 23fdab6:	4a06      	ldr	r2, [pc, #24]	; (23fdad0 <_Z33system_initialize_user_backup_ramv+0x1c>)
{
 23fdab8:	b508      	push	{r3, lr}
    memcpy(&link_global_retained_start, &link_global_retained_initial_values, len);
 23fdaba:	1a12      	subs	r2, r2, r0
 23fdabc:	4905      	ldr	r1, [pc, #20]	; (23fdad4 <_Z33system_initialize_user_backup_ramv+0x20>)
 23fdabe:	f001 f8e7 	bl	23fec90 <memcpy>
    __backup_sram_signature = signature;
 23fdac2:	4b05      	ldr	r3, [pc, #20]	; (23fdad8 <_Z33system_initialize_user_backup_ramv+0x24>)
 23fdac4:	4a05      	ldr	r2, [pc, #20]	; (23fdadc <_Z33system_initialize_user_backup_ramv+0x28>)
 23fdac6:	601a      	str	r2, [r3, #0]
}
 23fdac8:	bd08      	pop	{r3, pc}
 23fdaca:	bf00      	nop
 23fdacc:	1007b400 	.word	0x1007b400
 23fdad0:	1007b404 	.word	0x1007b404
 23fdad4:	085ffb6c 	.word	0x085ffb6c
 23fdad8:	1007b400 	.word	0x1007b400
 23fdadc:	9a271c1e 	.word	0x9a271c1e

023fdae0 <_Z27ctrl_request_custom_handlerP12ctrl_request>:
    system_ctrl_set_result(req, SYSTEM_ERROR_NOT_SUPPORTED, nullptr, nullptr, nullptr);
 23fdae0:	2300      	movs	r3, #0
void __attribute((weak)) ctrl_request_custom_handler(ctrl_request* req) {
 23fdae2:	b507      	push	{r0, r1, r2, lr}
    system_ctrl_set_result(req, SYSTEM_ERROR_NOT_SUPPORTED, nullptr, nullptr, nullptr);
 23fdae4:	461a      	mov	r2, r3
 23fdae6:	f06f 0177 	mvn.w	r1, #119	; 0x77
 23fdaea:	9300      	str	r3, [sp, #0]
 23fdaec:	f7ff fc42 	bl	23fd374 <system_ctrl_set_result>
}
 23fdaf0:	b003      	add	sp, #12
 23fdaf2:	f85d fb04 	ldr.w	pc, [sp], #4
	...

023fdaf8 <_ZL20ctrl_request_handlerP12ctrl_request>:
static void ctrl_request_handler(ctrl_request* req) {
 23fdaf8:	b507      	push	{r0, r1, r2, lr}
    switch (req->type) {
 23fdafa:	8843      	ldrh	r3, [r0, #2]
 23fdafc:	2b0a      	cmp	r3, #10
 23fdafe:	d008      	beq.n	23fdb12 <_ZL20ctrl_request_handlerP12ctrl_request+0x1a>
 23fdb00:	2b50      	cmp	r3, #80	; 0x50
 23fdb02:	d10b      	bne.n	23fdb1c <_ZL20ctrl_request_handlerP12ctrl_request+0x24>
        if (log_process_ctrl_request_callback) {
 23fdb04:	4b09      	ldr	r3, [pc, #36]	; (23fdb2c <_ZL20ctrl_request_handlerP12ctrl_request+0x34>)
 23fdb06:	681b      	ldr	r3, [r3, #0]
 23fdb08:	b14b      	cbz	r3, 23fdb1e <_ZL20ctrl_request_handlerP12ctrl_request+0x26>
}
 23fdb0a:	b003      	add	sp, #12
 23fdb0c:	f85d eb04 	ldr.w	lr, [sp], #4
            log_process_ctrl_request_callback(req);
 23fdb10:	4718      	bx	r3
        ctrl_request_custom_handler(req);
 23fdb12:	f7ff ffe5 	bl	23fdae0 <_Z27ctrl_request_custom_handlerP12ctrl_request>
}
 23fdb16:	b003      	add	sp, #12
 23fdb18:	f85d fb04 	ldr.w	pc, [sp], #4
        system_ctrl_set_result(req, SYSTEM_ERROR_NOT_SUPPORTED, nullptr, nullptr, nullptr);
 23fdb1c:	2300      	movs	r3, #0
 23fdb1e:	461a      	mov	r2, r3
 23fdb20:	f06f 0177 	mvn.w	r1, #119	; 0x77
 23fdb24:	9300      	str	r3, [sp, #0]
 23fdb26:	f7ff fc25 	bl	23fd374 <system_ctrl_set_result>
}
 23fdb2a:	e7f4      	b.n	23fdb16 <_ZL20ctrl_request_handlerP12ctrl_request+0x1e>
 23fdb2c:	1007af58 	.word	0x1007af58

023fdb30 <module_user_init_hook>:
    newlib_impure_ptr_callback([](struct _reent* r, size_t size, uint32_t version, void* ctx) -> void {
 23fdb30:	2100      	movs	r1, #0
{
 23fdb32:	b510      	push	{r4, lr}
    newlib_impure_ptr_callback([](struct _reent* r, size_t size, uint32_t version, void* ctx) -> void {
 23fdb34:	4811      	ldr	r0, [pc, #68]	; (23fdb7c <module_user_init_hook+0x4c>)
 23fdb36:	f7ff fd5f 	bl	23fd5f8 <newlib_impure_ptr_callback>
#endif // HAL_PLATFORM_NEWLIB

#if HAL_PLATFORM_BACKUP_RAM
    backup_ram_was_valid_ = __backup_sram_signature == signature;
 23fdb3a:	4b11      	ldr	r3, [pc, #68]	; (23fdb80 <module_user_init_hook+0x50>)
 23fdb3c:	681a      	ldr	r2, [r3, #0]
 23fdb3e:	4b11      	ldr	r3, [pc, #68]	; (23fdb84 <module_user_init_hook+0x54>)
 23fdb40:	429a      	cmp	r2, r3
 23fdb42:	bf0c      	ite	eq
 23fdb44:	2201      	moveq	r2, #1
 23fdb46:	2200      	movne	r2, #0
 23fdb48:	4b0f      	ldr	r3, [pc, #60]	; (23fdb88 <module_user_init_hook+0x58>)
 23fdb4a:	701a      	strb	r2, [r3, #0]
    if (!backup_ram_was_valid_) {
 23fdb4c:	d001      	beq.n	23fdb52 <module_user_init_hook+0x22>
        system_initialize_user_backup_ram();
 23fdb4e:	f7ff ffb1 	bl	23fdab4 <_Z33system_initialize_user_backup_ramv>
    }
#endif

#if HAL_PLATFORM_RNG
    // Initialize the default stdlib PRNG using hardware RNG as a seed
    const uint32_t seed = HAL_RNG_GetRandomNumber();
 23fdb52:	f7ff f8f1 	bl	23fcd38 <HAL_RNG_GetRandomNumber>
 23fdb56:	4604      	mov	r4, r0
    srand(seed);
 23fdb58:	f001 f8b0 	bl	23fecbc <srand>

    // If the user defines random_seed_from_cloud, call it with a seed value
    // generated by a hardware RNG as well.
    if (random_seed_from_cloud) {
 23fdb5c:	4b0b      	ldr	r3, [pc, #44]	; (23fdb8c <module_user_init_hook+0x5c>)
 23fdb5e:	b113      	cbz	r3, 23fdb66 <module_user_init_hook+0x36>
        random_seed_from_cloud(seed);
 23fdb60:	4620      	mov	r0, r4
 23fdb62:	e000      	b.n	23fdb66 <module_user_init_hook+0x36>
 23fdb64:	bf00      	nop
    }
#endif
    // Register the random_seed_from_cloud handler
    spark_set_random_seed_from_cloud_handler(&random_seed_from_cloud, nullptr);
 23fdb66:	2100      	movs	r1, #0
 23fdb68:	4808      	ldr	r0, [pc, #32]	; (23fdb8c <module_user_init_hook+0x5c>)
 23fdb6a:	f7ff fce3 	bl	23fd534 <spark_set_random_seed_from_cloud_handler>

    // Register application handler for the control requests
    system_ctrl_set_app_request_handler(ctrl_request_handler, nullptr);
}
 23fdb6e:	e8bd 4010 	ldmia.w	sp!, {r4, lr}
    system_ctrl_set_app_request_handler(ctrl_request_handler, nullptr);
 23fdb72:	2100      	movs	r1, #0
 23fdb74:	4806      	ldr	r0, [pc, #24]	; (23fdb90 <module_user_init_hook+0x60>)
 23fdb76:	f7ff bbef 	b.w	23fd358 <system_ctrl_set_app_request_handler>
 23fdb7a:	bf00      	nop
 23fdb7c:	023fda45 	.word	0x023fda45
 23fdb80:	1007b400 	.word	0x1007b400
 23fdb84:	9a271c1e 	.word	0x9a271c1e
 23fdb88:	1007af54 	.word	0x1007af54
 23fdb8c:	00000000 	.word	0x00000000
 23fdb90:	023fdaf9 	.word	0x023fdaf9

023fdb94 <_ZN9IPAddressD1Ev>:
    IPAddress(uint32_t address);
    // 4 bytes defining the IP address in network order
    IPAddress(const uint8_t* address);
    IPAddress(const HAL_IPAddress& address);

    virtual ~IPAddress() {}
 23fdb94:	4770      	bx	lr

023fdb96 <_ZN9IPAddressD0Ev>:
 23fdb96:	b510      	push	{r4, lr}
 23fdb98:	4604      	mov	r4, r0
 23fdb9a:	2118      	movs	r1, #24
 23fdb9c:	f7fd ff4b 	bl	23fba36 <_ZdlPvj>
 23fdba0:	4620      	mov	r0, r4
 23fdba2:	bd10      	pop	{r4, pc}

023fdba4 <_ZNK9IPAddress7printToER5Print>:
#endif // Wiring_IPv6
	return address.ipv4==that.address.ipv4;
}

size_t IPAddress::printTo(Print& p) const
{
 23fdba4:	b5f0      	push	{r4, r5, r6, r7, lr}
#if Wiring_IPv6
#if HAL_USE_INET_HAL_POSIX
	if (address.v==6) {
 23fdba6:	7d03      	ldrb	r3, [r0, #20]
{
 23fdba8:	460e      	mov	r6, r1
	if (address.v==6) {
 23fdbaa:	2b06      	cmp	r3, #6
 23fdbac:	f04f 0400 	mov.w	r4, #0
{
 23fdbb0:	b08d      	sub	sp, #52	; 0x34
		char buf[INET6_ADDRSTRLEN+1];
		buf[0] = 0;
		inet_inet_ntop(AF_INET6, address.ipv6, buf, sizeof(buf));
 23fdbb2:	f100 0704 	add.w	r7, r0, #4
	if (address.v==6) {
 23fdbb6:	d012      	beq.n	23fdbde <_ZNK9IPAddress7printToER5Print+0x3a>
 23fdbb8:	f100 0508 	add.w	r5, r0, #8
            val = n;
        }
#if __GNUC__ >= 9
#pragma GCC diagnostic pop
#endif // __GNUC__ >= 9
        return printNumber(val, base) + t;
 23fdbbc:	f815 1d01 	ldrb.w	r1, [r5, #-1]!
 23fdbc0:	220a      	movs	r2, #10
 23fdbc2:	4630      	mov	r0, r6
 23fdbc4:	f7ff fea9 	bl	23fd91a <_ZN5Print11printNumberEmh>
#else
#pragma message "HAL_USE_INET_HAL_POSIX is required for IPv6 support in IPAddress::printTo()"
#endif // HAL_USE_INET_HAL_POSIX
#endif // Wiring_IPv6
    size_t n = 0;
    for (int i = 0; i < 4; i++)
 23fdbc8:	42af      	cmp	r7, r5
    {
        if (n)
            n += p.print('.');
        n += p.print((*this)[i], DEC);
 23fdbca:	4404      	add	r4, r0
    for (int i = 0; i < 4; i++)
 23fdbcc:	d019      	beq.n	23fdc02 <_ZNK9IPAddress7printToER5Print+0x5e>
        if (n)
 23fdbce:	2c00      	cmp	r4, #0
 23fdbd0:	d0f4      	beq.n	23fdbbc <_ZNK9IPAddress7printToER5Print+0x18>
            n += p.print('.');
 23fdbd2:	212e      	movs	r1, #46	; 0x2e
 23fdbd4:	4630      	mov	r0, r6
 23fdbd6:	f7ff fe91 	bl	23fd8fc <_ZN5Print5printEc>
 23fdbda:	4404      	add	r4, r0
 23fdbdc:	e7ee      	b.n	23fdbbc <_ZNK9IPAddress7printToER5Print+0x18>
		inet_inet_ntop(AF_INET6, address.ipv6, buf, sizeof(buf));
 23fdbde:	232f      	movs	r3, #47	; 0x2f
 23fdbe0:	466a      	mov	r2, sp
 23fdbe2:	4639      	mov	r1, r7
 23fdbe4:	200a      	movs	r0, #10
		buf[0] = 0;
 23fdbe6:	f88d 4000 	strb.w	r4, [sp]
		inet_inet_ntop(AF_INET6, address.ipv6, buf, sizeof(buf));
 23fdbea:	f7ff f8f9 	bl	23fcde0 <inet_inet_ntop>
      return write((const uint8_t *)str, strlen(str));
 23fdbee:	4668      	mov	r0, sp
 23fdbf0:	f7fd fef8 	bl	23fb9e4 <strlen>
 23fdbf4:	6833      	ldr	r3, [r6, #0]
 23fdbf6:	4602      	mov	r2, r0
 23fdbf8:	4669      	mov	r1, sp
 23fdbfa:	4630      	mov	r0, r6
 23fdbfc:	68db      	ldr	r3, [r3, #12]
 23fdbfe:	4798      	blx	r3
 23fdc00:	4604      	mov	r4, r0
    }
    return n;
}
 23fdc02:	4620      	mov	r0, r4
 23fdc04:	b00d      	add	sp, #52	; 0x34
 23fdc06:	bdf0      	pop	{r4, r5, r6, r7, pc}

023fdc08 <_ZN9IPAddressC1Ev>:
IPAddress::IPAddress()
 23fdc08:	b510      	push	{r4, lr}
 23fdc0a:	4604      	mov	r4, r0
 23fdc0c:	4b04      	ldr	r3, [pc, #16]	; (23fdc20 <_ZN9IPAddressC1Ev+0x18>)
        return address;
    }

    virtual size_t printTo(Print& p) const;

    void clear() { memset(&address, 0, sizeof (address)); }
 23fdc0e:	2211      	movs	r2, #17
 23fdc10:	2100      	movs	r1, #0
 23fdc12:	f840 3b04 	str.w	r3, [r0], #4
 23fdc16:	f001 f848 	bl	23fecaa <memset>
}
 23fdc1a:	4620      	mov	r0, r4
 23fdc1c:	bd10      	pop	{r4, pc}
 23fdc1e:	bf00      	nop
 23fdc20:	023ffc88 	.word	0x023ffc88

023fdc24 <_ZN9IPAddressC1ERK16_HAL_IPAddress_t>:
IPAddress::IPAddress(const HAL_IPAddress& address)
 23fdc24:	4603      	mov	r3, r0
 23fdc26:	4a07      	ldr	r2, [pc, #28]	; (23fdc44 <_ZN9IPAddressC1ERK16_HAL_IPAddress_t+0x20>)
 23fdc28:	b510      	push	{r4, lr}
 23fdc2a:	f843 2b04 	str.w	r2, [r3], #4
    memcpy(&this->address, &address, sizeof(address));
 23fdc2e:	f101 0210 	add.w	r2, r1, #16
 23fdc32:	f851 4b04 	ldr.w	r4, [r1], #4
 23fdc36:	4291      	cmp	r1, r2
 23fdc38:	f843 4b04 	str.w	r4, [r3], #4
 23fdc3c:	d1f9      	bne.n	23fdc32 <_ZN9IPAddressC1ERK16_HAL_IPAddress_t+0xe>
 23fdc3e:	780a      	ldrb	r2, [r1, #0]
 23fdc40:	701a      	strb	r2, [r3, #0]
}
 23fdc42:	bd10      	pop	{r4, pc}
 23fdc44:	023ffc88 	.word	0x023ffc88

023fdc48 <_ZNK9IPAddresscvbEv>:

    String toString() const { return String(*this); }

    uint8_t version() const {
#if HAL_IPv6
    		return address.v;
 23fdc48:	7d03      	ldrb	r3, [r0, #20]
    if (version() == 4) {
 23fdc4a:	2b04      	cmp	r3, #4
 23fdc4c:	d104      	bne.n	23fdc58 <_ZNK9IPAddresscvbEv+0x10>
        return address.ipv4 != 0;
 23fdc4e:	6840      	ldr	r0, [r0, #4]
        return address.ipv6[0] != 0 || address.ipv6[1] != 0 || address.ipv6[2] != 0 || address.ipv6[3] != 0;
 23fdc50:	3800      	subs	r0, #0
 23fdc52:	bf18      	it	ne
 23fdc54:	2001      	movne	r0, #1
 23fdc56:	4770      	bx	lr
    } else if (version() == 6) {
 23fdc58:	2b06      	cmp	r3, #6
 23fdc5a:	d107      	bne.n	23fdc6c <_ZNK9IPAddresscvbEv+0x24>
        return address.ipv6[0] != 0 || address.ipv6[1] != 0 || address.ipv6[2] != 0 || address.ipv6[3] != 0;
 23fdc5c:	6843      	ldr	r3, [r0, #4]
 23fdc5e:	b93b      	cbnz	r3, 23fdc70 <_ZNK9IPAddresscvbEv+0x28>
 23fdc60:	6883      	ldr	r3, [r0, #8]
 23fdc62:	b92b      	cbnz	r3, 23fdc70 <_ZNK9IPAddresscvbEv+0x28>
 23fdc64:	68c3      	ldr	r3, [r0, #12]
 23fdc66:	b91b      	cbnz	r3, 23fdc70 <_ZNK9IPAddresscvbEv+0x28>
 23fdc68:	6900      	ldr	r0, [r0, #16]
 23fdc6a:	e7f1      	b.n	23fdc50 <_ZNK9IPAddresscvbEv+0x8>
        return false;
 23fdc6c:	2000      	movs	r0, #0
 23fdc6e:	4770      	bx	lr
        return address.ipv6[0] != 0 || address.ipv6[1] != 0 || address.ipv6[2] != 0 || address.ipv6[3] != 0;
 23fdc70:	2001      	movs	r0, #1
}
 23fdc72:	4770      	bx	lr

023fdc74 <_ZN9IPAddress8set_ipv4Ehhhh>:
{
 23fdc74:	b510      	push	{r4, lr}
    address.ipv4 = b0<<24 | b1 << 16 | b2 << 8 | b3;
 23fdc76:	f89d 4008 	ldrb.w	r4, [sp, #8]
 23fdc7a:	ea44 2303 	orr.w	r3, r4, r3, lsl #8
 23fdc7e:	ea43 4202 	orr.w	r2, r3, r2, lsl #16
        address.v = version;
 23fdc82:	2304      	movs	r3, #4
 23fdc84:	ea42 6101 	orr.w	r1, r2, r1, lsl #24
 23fdc88:	6041      	str	r1, [r0, #4]
 23fdc8a:	7503      	strb	r3, [r0, #20]
}
 23fdc8c:	bd10      	pop	{r4, pc}
	...

023fdc90 <_ZN9IPAddressC1EPKh>:
IPAddress::IPAddress(const uint8_t* addr)
 23fdc90:	b507      	push	{r0, r1, r2, lr}
 23fdc92:	4b06      	ldr	r3, [pc, #24]	; (23fdcac <_ZN9IPAddressC1EPKh+0x1c>)
 23fdc94:	6003      	str	r3, [r0, #0]
    set_ipv4(addr[0], addr[1], addr[2], addr[3]);
 23fdc96:	78cb      	ldrb	r3, [r1, #3]
 23fdc98:	9300      	str	r3, [sp, #0]
 23fdc9a:	788b      	ldrb	r3, [r1, #2]
 23fdc9c:	784a      	ldrb	r2, [r1, #1]
 23fdc9e:	7809      	ldrb	r1, [r1, #0]
 23fdca0:	f7ff ffe8 	bl	23fdc74 <_ZN9IPAddress8set_ipv4Ehhhh>
}
 23fdca4:	b003      	add	sp, #12
 23fdca6:	f85d fb04 	ldr.w	pc, [sp], #4
 23fdcaa:	bf00      	nop
 23fdcac:	023ffc88 	.word	0x023ffc88

023fdcb0 <_ZN9USBSerial14blockOnOverrunEb>:
  HAL_USB_USART_Flush_Data(_serial);
}

void USBSerial::blockOnOverrun(bool block)
{
  _blocking = block;
 23fdcb0:	7441      	strb	r1, [r0, #17]
}
 23fdcb2:	4770      	bx	lr

023fdcb4 <__tcf_0>:
}

USBSerial& _fetch_usbserial()
{
  HAL_USB_USART_Config conf = acquireSerialBuffer();
	static USBSerial _usbserial(HAL_USB_USART_SERIAL, conf);
 23fdcb4:	4770      	bx	lr

023fdcb6 <_ZN9USBSerialD1Ev>:
#include "usb_hal.h"
#include "system_task.h"
#include "spark_wiring_startup.h"
#include "concurrent_hal.h"

class USBSerial : public Stream
 23fdcb6:	4770      	bx	lr

023fdcb8 <_ZN9USBSerial4readEv>:
{
 23fdcb8:	b508      	push	{r3, lr}
	return std::max(-1, (int)HAL_USB_USART_Receive_Data(_serial, false));
 23fdcba:	2100      	movs	r1, #0
 23fdcbc:	7c00      	ldrb	r0, [r0, #16]
 23fdcbe:	f7ff fabf 	bl	23fd240 <HAL_USB_USART_Receive_Data>
}
 23fdcc2:	ea40 70e0 	orr.w	r0, r0, r0, asr #31
 23fdcc6:	bd08      	pop	{r3, pc}

023fdcc8 <_ZN9USBSerial4peekEv>:
{
 23fdcc8:	b508      	push	{r3, lr}
	return std::max(-1, (int)HAL_USB_USART_Receive_Data(_serial, true));
 23fdcca:	2101      	movs	r1, #1
 23fdccc:	7c00      	ldrb	r0, [r0, #16]
 23fdcce:	f7ff fab7 	bl	23fd240 <HAL_USB_USART_Receive_Data>
}
 23fdcd2:	ea40 70e0 	orr.w	r0, r0, r0, asr #31
 23fdcd6:	bd08      	pop	{r3, pc}

023fdcd8 <_ZN9USBSerial17availableForWriteEv>:
{
 23fdcd8:	b508      	push	{r3, lr}
  return std::max(0, (int)HAL_USB_USART_Available_Data_For_Write(_serial));
 23fdcda:	7c00      	ldrb	r0, [r0, #16]
 23fdcdc:	f7ff faa2 	bl	23fd224 <HAL_USB_USART_Available_Data_For_Write>
}
 23fdce0:	ea20 70e0 	bic.w	r0, r0, r0, asr #31
 23fdce4:	bd08      	pop	{r3, pc}

023fdce6 <_ZN9USBSerial9availableEv>:
{
 23fdce6:	b508      	push	{r3, lr}
	return std::max(0, (int)HAL_USB_USART_Available_Data(_serial));
 23fdce8:	7c00      	ldrb	r0, [r0, #16]
 23fdcea:	f7ff fa8d 	bl	23fd208 <HAL_USB_USART_Available_Data>
}
 23fdcee:	ea20 70e0 	bic.w	r0, r0, r0, asr #31
 23fdcf2:	bd08      	pop	{r3, pc}

023fdcf4 <_ZN9USBSerial5writeEh>:
{
 23fdcf4:	b513      	push	{r0, r1, r4, lr}
 23fdcf6:	4604      	mov	r4, r0
  if (HAL_USB_USART_Available_Data_For_Write(_serial) > 0 || _blocking) {
 23fdcf8:	7c00      	ldrb	r0, [r0, #16]
{
 23fdcfa:	9101      	str	r1, [sp, #4]
  if (HAL_USB_USART_Available_Data_For_Write(_serial) > 0 || _blocking) {
 23fdcfc:	f7ff fa92 	bl	23fd224 <HAL_USB_USART_Available_Data_For_Write>
 23fdd00:	2800      	cmp	r0, #0
 23fdd02:	9901      	ldr	r1, [sp, #4]
 23fdd04:	dc01      	bgt.n	23fdd0a <_ZN9USBSerial5writeEh+0x16>
 23fdd06:	7c60      	ldrb	r0, [r4, #17]
 23fdd08:	b120      	cbz	r0, 23fdd14 <_ZN9USBSerial5writeEh+0x20>
    return std::max(0, (int)HAL_USB_USART_Send_Data(_serial, byte));
 23fdd0a:	7c20      	ldrb	r0, [r4, #16]
 23fdd0c:	f7ff faa6 	bl	23fd25c <HAL_USB_USART_Send_Data>
 23fdd10:	ea20 70e0 	bic.w	r0, r0, r0, asr #31
}
 23fdd14:	b002      	add	sp, #8
 23fdd16:	bd10      	pop	{r4, pc}

023fdd18 <_ZN9USBSerial5flushEv>:
  HAL_USB_USART_Flush_Data(_serial);
 23fdd18:	7c00      	ldrb	r0, [r0, #16]
 23fdd1a:	f7ff baad 	b.w	23fd278 <HAL_USB_USART_Flush_Data>

023fdd1e <_ZN9USBSerialD0Ev>:
 23fdd1e:	b510      	push	{r4, lr}
 23fdd20:	4604      	mov	r4, r0
 23fdd22:	2114      	movs	r1, #20
 23fdd24:	f7fd fe87 	bl	23fba36 <_ZdlPvj>
 23fdd28:	4620      	mov	r0, r4
 23fdd2a:	bd10      	pop	{r4, pc}

023fdd2c <_ZN9USBSerialC1E20HAL_USB_USART_SerialRK20HAL_USB_USART_Config>:
USBSerial::USBSerial(HAL_USB_USART_Serial serial, const HAL_USB_USART_Config& conf)
 23fdd2c:	b510      	push	{r4, lr}
    virtual int available() = 0;
    virtual int read() = 0;
    virtual int peek() = 0;
    virtual void flush() = 0;

    Stream() {_timeout=1000;}
 23fdd2e:	f44f 737a 	mov.w	r3, #1000	; 0x3e8
 23fdd32:	4604      	mov	r4, r0
 23fdd34:	4608      	mov	r0, r1
 23fdd36:	2100      	movs	r1, #0
 23fdd38:	e9c4 1301 	strd	r1, r3, [r4, #4]
 23fdd3c:	4b04      	ldr	r3, [pc, #16]	; (23fdd50 <_ZN9USBSerialC1E20HAL_USB_USART_SerialRK20HAL_USB_USART_Config+0x24>)
  _serial = serial;
 23fdd3e:	7420      	strb	r0, [r4, #16]
USBSerial::USBSerial(HAL_USB_USART_Serial serial, const HAL_USB_USART_Config& conf)
 23fdd40:	6023      	str	r3, [r4, #0]
  _blocking = true;
 23fdd42:	2301      	movs	r3, #1
  HAL_USB_USART_Init(_serial, &conf);
 23fdd44:	4611      	mov	r1, r2
  _blocking = true;
 23fdd46:	7463      	strb	r3, [r4, #17]
  HAL_USB_USART_Init(_serial, &conf);
 23fdd48:	f7ff fa42 	bl	23fd1d0 <HAL_USB_USART_Init>
}
 23fdd4c:	4620      	mov	r0, r4
 23fdd4e:	bd10      	pop	{r4, pc}
 23fdd50:	023ffc9c 	.word	0x023ffc9c

023fdd54 <_ZN9USBSerial5beginEl>:
    HAL_USB_USART_Begin(_serial, speed, NULL);
 23fdd54:	2200      	movs	r2, #0
 23fdd56:	7c00      	ldrb	r0, [r0, #16]
 23fdd58:	f7ff ba48 	b.w	23fd1ec <HAL_USB_USART_Begin>

023fdd5c <_ZN9USBSerial11isConnectedEv>:
  return HAL_USB_USART_Is_Connected(_serial);
 23fdd5c:	7c00      	ldrb	r0, [r0, #16]
 23fdd5e:	f7ff ba99 	b.w	23fd294 <HAL_USB_USART_Is_Connected>

023fdd62 <_Z19acquireSerialBufferv>:
{
 23fdd62:	b510      	push	{r4, lr}
 23fdd64:	4604      	mov	r4, r0
  HAL_USB_USART_Config conf = {};
 23fdd66:	2214      	movs	r2, #20
 23fdd68:	2100      	movs	r1, #0
 23fdd6a:	f000 ff9e 	bl	23fecaa <memset>
}
 23fdd6e:	4620      	mov	r0, r4
 23fdd70:	bd10      	pop	{r4, pc}
	...

023fdd74 <_Z16_fetch_usbserialv>:
{
 23fdd74:	b510      	push	{r4, lr}
 23fdd76:	b088      	sub	sp, #32
  HAL_USB_USART_Config conf = acquireSerialBuffer();
 23fdd78:	a803      	add	r0, sp, #12
 23fdd7a:	f7ff fff2 	bl	23fdd62 <_Z19acquireSerialBufferv>
	static USBSerial _usbserial(HAL_USB_USART_SERIAL, conf);
 23fdd7e:	4c0c      	ldr	r4, [pc, #48]	; (23fddb0 <_Z16_fetch_usbserialv+0x3c>)
 23fdd80:	e8d4 1f8f 	ldab	r1, [r4]
 23fdd84:	f011 0101 	ands.w	r1, r1, #1
 23fdd88:	d10f      	bne.n	23fddaa <_Z16_fetch_usbserialv+0x36>
 23fdd8a:	4620      	mov	r0, r4
 23fdd8c:	9101      	str	r1, [sp, #4]
 23fdd8e:	f7ff fc41 	bl	23fd614 <__cxa_guard_acquire>
 23fdd92:	9901      	ldr	r1, [sp, #4]
 23fdd94:	b148      	cbz	r0, 23fddaa <_Z16_fetch_usbserialv+0x36>
 23fdd96:	aa03      	add	r2, sp, #12
 23fdd98:	4806      	ldr	r0, [pc, #24]	; (23fddb4 <_Z16_fetch_usbserialv+0x40>)
 23fdd9a:	f7ff ffc7 	bl	23fdd2c <_ZN9USBSerialC1E20HAL_USB_USART_SerialRK20HAL_USB_USART_Config>
 23fdd9e:	4620      	mov	r0, r4
 23fdda0:	f7ff fc46 	bl	23fd630 <__cxa_guard_release>
 23fdda4:	4804      	ldr	r0, [pc, #16]	; (23fddb8 <_Z16_fetch_usbserialv+0x44>)
 23fdda6:	f000 ff6d 	bl	23fec84 <atexit>
	return _usbserial;
}
 23fddaa:	4802      	ldr	r0, [pc, #8]	; (23fddb4 <_Z16_fetch_usbserialv+0x40>)
 23fddac:	b008      	add	sp, #32
 23fddae:	bd10      	pop	{r4, pc}
 23fddb0:	1007af5c 	.word	0x1007af5c
 23fddb4:	1007af60 	.word	0x1007af60
 23fddb8:	023fdcb5 	.word	0x023fdcb5

023fddbc <_ZN11USARTSerialD1Ev>:
private:
  hal_usart_interface_t _serial;
  bool _blocking;
public:
  USARTSerial(hal_usart_interface_t serial, const hal_usart_buffer_config_t& config);
  virtual ~USARTSerial() {};
 23fddbc:	4770      	bx	lr

023fddbe <_ZN11USARTSerial14blockOnOverrunEb>:
    hal_usart_half_duplex(_serial, Enable);
}

void USARTSerial::blockOnOverrun(bool block)
{
  _blocking = block;
 23fddbe:	7441      	strb	r1, [r0, #17]
}
 23fddc0:	4770      	bx	lr

023fddc2 <_ZN11USARTSerial17availableForWriteEv>:


int USARTSerial::availableForWrite(void)
{
 23fddc2:	b508      	push	{r3, lr}
  return std::max(0, (int)hal_usart_available_data_for_write(_serial));
 23fddc4:	7c00      	ldrb	r0, [r0, #16]
 23fddc6:	f7ff f889 	bl	23fcedc <hal_usart_available_data_for_write>
}
 23fddca:	ea20 70e0 	bic.w	r0, r0, r0, asr #31
 23fddce:	bd08      	pop	{r3, pc}

023fddd0 <_ZN11USARTSerial9availableEv>:

int USARTSerial::available(void)
{
 23fddd0:	b508      	push	{r3, lr}
  return std::max(0, (int)hal_usart_available(_serial));
 23fddd2:	7c00      	ldrb	r0, [r0, #16]
 23fddd4:	f7ff f83c 	bl	23fce50 <hal_usart_available>
}
 23fddd8:	ea20 70e0 	bic.w	r0, r0, r0, asr #31
 23fdddc:	bd08      	pop	{r3, pc}

023fddde <_ZN11USARTSerial4peekEv>:

int USARTSerial::peek(void)
{
 23fddde:	b508      	push	{r3, lr}
  return std::max(-1, (int)hal_usart_peek(_serial));
 23fdde0:	7c00      	ldrb	r0, [r0, #16]
 23fdde2:	f7ff f851 	bl	23fce88 <hal_usart_peek>
}
 23fdde6:	ea40 70e0 	orr.w	r0, r0, r0, asr #31
 23fddea:	bd08      	pop	{r3, pc}

023fddec <_ZN11USARTSerial4readEv>:

int USARTSerial::read(void)
{
 23fddec:	b508      	push	{r3, lr}
  return std::max(-1, (int)hal_usart_read(_serial));
 23fddee:	7c00      	ldrb	r0, [r0, #16]
 23fddf0:	f7ff f83c 	bl	23fce6c <hal_usart_read>
}
 23fddf4:	ea40 70e0 	orr.w	r0, r0, r0, asr #31
 23fddf8:	bd08      	pop	{r3, pc}

023fddfa <_ZN11USARTSerial5flushEv>:

void USARTSerial::flush()
{
  hal_usart_flush(_serial);
 23fddfa:	7c00      	ldrb	r0, [r0, #16]
 23fddfc:	f7ff b852 	b.w	23fcea4 <hal_usart_flush>

023fde00 <_ZN11USARTSerial5writeEh>:
}

size_t USARTSerial::write(uint8_t c)
{
 23fde00:	b537      	push	{r0, r1, r2, r4, r5, lr}
  // attempt a write if blocking, or for non-blocking if there is room.
  if (_blocking || hal_usart_available_data_for_write(_serial) > 0) {
 23fde02:	7c45      	ldrb	r5, [r0, #17]
{
 23fde04:	4604      	mov	r4, r0
  if (_blocking || hal_usart_available_data_for_write(_serial) > 0) {
 23fde06:	b12d      	cbz	r5, 23fde14 <_ZN11USARTSerial5writeEh+0x14>
    // the HAL always blocks.
	  return hal_usart_write(_serial, c);
 23fde08:	7c20      	ldrb	r0, [r4, #16]
  }
  return 0;
}
 23fde0a:	b003      	add	sp, #12
 23fde0c:	e8bd 4030 	ldmia.w	sp!, {r4, r5, lr}
	  return hal_usart_write(_serial, c);
 23fde10:	f7ff b810 	b.w	23fce34 <hal_usart_write>
  if (_blocking || hal_usart_available_data_for_write(_serial) > 0) {
 23fde14:	7c00      	ldrb	r0, [r0, #16]
 23fde16:	9101      	str	r1, [sp, #4]
 23fde18:	f7ff f860 	bl	23fcedc <hal_usart_available_data_for_write>
 23fde1c:	2800      	cmp	r0, #0
 23fde1e:	9901      	ldr	r1, [sp, #4]
 23fde20:	dcf2      	bgt.n	23fde08 <_ZN11USARTSerial5writeEh+0x8>
}
 23fde22:	4628      	mov	r0, r5
 23fde24:	b003      	add	sp, #12
 23fde26:	bd30      	pop	{r4, r5, pc}

023fde28 <_ZN11USARTSerialD0Ev>:
 23fde28:	b510      	push	{r4, lr}
 23fde2a:	4604      	mov	r4, r0
 23fde2c:	2114      	movs	r1, #20
 23fde2e:	f7fd fe02 	bl	23fba36 <_ZdlPvj>
 23fde32:	4620      	mov	r0, r4
 23fde34:	bd10      	pop	{r4, pc}
	...

023fde38 <_ZN11USARTSerialC1E21hal_usart_interface_tRK25hal_usart_buffer_config_t>:
USARTSerial::USARTSerial(hal_usart_interface_t serial, const hal_usart_buffer_config_t& config)
 23fde38:	b510      	push	{r4, lr}
 23fde3a:	f44f 737a 	mov.w	r3, #1000	; 0x3e8
 23fde3e:	4604      	mov	r4, r0
 23fde40:	4608      	mov	r0, r1
 23fde42:	4611      	mov	r1, r2
 23fde44:	2200      	movs	r2, #0
 23fde46:	e9c4 2301 	strd	r2, r3, [r4, #4]
 23fde4a:	4b04      	ldr	r3, [pc, #16]	; (23fde5c <_ZN11USARTSerialC1E21hal_usart_interface_tRK25hal_usart_buffer_config_t+0x24>)
  _serial = serial;
 23fde4c:	7420      	strb	r0, [r4, #16]
USARTSerial::USARTSerial(hal_usart_interface_t serial, const hal_usart_buffer_config_t& config)
 23fde4e:	6023      	str	r3, [r4, #0]
  _blocking = true;
 23fde50:	2301      	movs	r3, #1
 23fde52:	7463      	strb	r3, [r4, #17]
  hal_usart_init_ex(serial, &config, nullptr);
 23fde54:	f7ff f850 	bl	23fcef8 <hal_usart_init_ex>
}
 23fde58:	4620      	mov	r0, r4
 23fde5a:	bd10      	pop	{r4, pc}
 23fde5c:	023ffcd0 	.word	0x023ffcd0

023fde60 <_ZN11USARTSerial9isEnabledEv>:
USARTSerial::operator bool() {
  return true;
}

bool USARTSerial::isEnabled() {
  return hal_usart_is_enabled(_serial);
 23fde60:	7c00      	ldrb	r0, [r0, #16]
 23fde62:	f7ff b82d 	b.w	23fcec0 <hal_usart_is_enabled>

023fde66 <_ZN7TwoWireD1Ev>:
private:
  hal_i2c_interface_t _i2c;

public:
  TwoWire(hal_i2c_interface_t i2c, const hal_i2c_config_t& config);
  virtual ~TwoWire() {};
 23fde66:	4770      	bx	lr

023fde68 <_ZN7TwoWire5writeEPKhj>:

// must be called in:
// slave tx event callback
// or after beginTransmission(address)
size_t TwoWire::write(const uint8_t *data, size_t quantity)
{
 23fde68:	b5f8      	push	{r3, r4, r5, r6, r7, lr}
 23fde6a:	4606      	mov	r6, r0
 23fde6c:	4615      	mov	r5, r2
 23fde6e:	460c      	mov	r4, r1
 23fde70:	188f      	adds	r7, r1, r2
  // in master/slave transmitter mode
  for(size_t i = 0; i < quantity; ++i)
 23fde72:	42bc      	cmp	r4, r7
 23fde74:	d006      	beq.n	23fde84 <_ZN7TwoWire5writeEPKhj+0x1c>
  {
    write(data[i]);
 23fde76:	6833      	ldr	r3, [r6, #0]
 23fde78:	4630      	mov	r0, r6
 23fde7a:	689b      	ldr	r3, [r3, #8]
 23fde7c:	f814 1b01 	ldrb.w	r1, [r4], #1
 23fde80:	4798      	blx	r3
  for(size_t i = 0; i < quantity; ++i)
 23fde82:	e7f6      	b.n	23fde72 <_ZN7TwoWire5writeEPKhj+0xa>
  }

  return quantity;
}
 23fde84:	4628      	mov	r0, r5
 23fde86:	bdf8      	pop	{r3, r4, r5, r6, r7, pc}

023fde88 <_ZN7TwoWire5writeEh>:
  return hal_i2c_write(_i2c, data, NULL);
 23fde88:	2200      	movs	r2, #0
 23fde8a:	7c00      	ldrb	r0, [r0, #16]
 23fde8c:	f7ff b85e 	b.w	23fcf4c <hal_i2c_write>

023fde90 <_ZN7TwoWire9availableEv>:
// must be called in:
// slave rx event callback
// or after requestFrom(address, numBytes)
int TwoWire::available(void)
{
  return hal_i2c_available(_i2c, NULL);
 23fde90:	2100      	movs	r1, #0
 23fde92:	7c00      	ldrb	r0, [r0, #16]
 23fde94:	f7ff b868 	b.w	23fcf68 <hal_i2c_available>

023fde98 <_ZN7TwoWire4readEv>:
// must be called in:
// slave rx event callback
// or after requestFrom(address, numBytes)
int TwoWire::read(void)
{
  return hal_i2c_read(_i2c, NULL);
 23fde98:	2100      	movs	r1, #0
 23fde9a:	7c00      	ldrb	r0, [r0, #16]
 23fde9c:	f7ff b872 	b.w	23fcf84 <hal_i2c_read>

023fdea0 <_ZN7TwoWire4peekEv>:
// must be called in:
// slave rx event callback
// or after requestFrom(address, numBytes)
int TwoWire::peek(void)
{
  return hal_i2c_peek(_i2c, NULL);
 23fdea0:	2100      	movs	r1, #0
 23fdea2:	7c00      	ldrb	r0, [r0, #16]
 23fdea4:	f7ff b87c 	b.w	23fcfa0 <hal_i2c_peek>

023fdea8 <_ZN7TwoWire5flushEv>:
}

void TwoWire::flush(void)
{
  hal_i2c_flush(_i2c, NULL);
 23fdea8:	2100      	movs	r1, #0
 23fdeaa:	7c00      	ldrb	r0, [r0, #16]
 23fdeac:	f7ff b886 	b.w	23fcfbc <hal_i2c_flush>

023fdeb0 <_ZN7TwoWireD0Ev>:
 23fdeb0:	b510      	push	{r4, lr}
 23fdeb2:	4604      	mov	r4, r0
 23fdeb4:	2114      	movs	r1, #20
 23fdeb6:	f7fd fdbe 	bl	23fba36 <_ZdlPvj>
 23fdeba:	4620      	mov	r0, r4
 23fdebc:	bd10      	pop	{r4, pc}
	...

023fdec0 <_ZN7TwoWireC1E19hal_i2c_interface_tRK16hal_i2c_config_t>:
TwoWire::TwoWire(hal_i2c_interface_t i2c, const hal_i2c_config_t& conf)
 23fdec0:	b538      	push	{r3, r4, r5, lr}
 23fdec2:	4604      	mov	r4, r0
 23fdec4:	4615      	mov	r5, r2
 23fdec6:	f44f 737a 	mov.w	r3, #1000	; 0x3e8
 23fdeca:	2200      	movs	r2, #0
 23fdecc:	e9c4 2301 	strd	r2, r3, [r4, #4]
 23fded0:	4b09      	ldr	r3, [pc, #36]	; (23fdef8 <_ZN7TwoWireC1E19hal_i2c_interface_tRK16hal_i2c_config_t+0x38>)
 23fded2:	4608      	mov	r0, r1
  _i2c = i2c;
 23fded4:	7421      	strb	r1, [r4, #16]
TwoWire::TwoWire(hal_i2c_interface_t i2c, const hal_i2c_config_t& conf)
 23fded6:	6023      	str	r3, [r4, #0]
  int result = hal_i2c_init(_i2c, &conf);
 23fded8:	4629      	mov	r1, r5
 23fdeda:	f7ff f88b 	bl	23fcff4 <hal_i2c_init>
  if (result == SYSTEM_ERROR_NOT_ENOUGH_DATA && 
 23fdede:	30bf      	adds	r0, #191	; 0xbf
 23fdee0:	d108      	bne.n	23fdef4 <_ZN7TwoWireC1E19hal_i2c_interface_tRK16hal_i2c_config_t+0x34>
      (conf.flags & HAL_I2C_CONFIG_FLAG_FREEABLE)) {
 23fdee2:	696b      	ldr	r3, [r5, #20]
  if (result == SYSTEM_ERROR_NOT_ENOUGH_DATA && 
 23fdee4:	07db      	lsls	r3, r3, #31
 23fdee6:	d505      	bpl.n	23fdef4 <_ZN7TwoWireC1E19hal_i2c_interface_tRK16hal_i2c_config_t+0x34>
    free(conf.rx_buffer);
 23fdee8:	6868      	ldr	r0, [r5, #4]
 23fdeea:	f7ff fb3f 	bl	23fd56c <free>
    free(conf.tx_buffer);
 23fdeee:	68e8      	ldr	r0, [r5, #12]
 23fdef0:	f7ff fb3c 	bl	23fd56c <free>
}
 23fdef4:	4620      	mov	r0, r4
 23fdef6:	bd38      	pop	{r3, r4, r5, pc}
 23fdef8:	023ffd04 	.word	0x023ffd04

023fdefc <_ZN7TwoWire17beginTransmissionEh>:
	hal_i2c_begin_transmission(_i2c, address, NULL);
 23fdefc:	2200      	movs	r2, #0
 23fdefe:	7c00      	ldrb	r0, [r0, #16]
 23fdf00:	f7ff b808 	b.w	23fcf14 <hal_i2c_begin_transmission>

023fdf04 <_ZN7TwoWire17beginTransmissionEi>:
  beginTransmission((uint8_t)address);
 23fdf04:	b2c9      	uxtb	r1, r1
 23fdf06:	f7ff bff9 	b.w	23fdefc <_ZN7TwoWire17beginTransmissionEh>

023fdf0a <_ZN7TwoWire15endTransmissionEh>:
	return hal_i2c_end_transmission(_i2c, sendStop, NULL);
 23fdf0a:	2200      	movs	r2, #0
 23fdf0c:	7c00      	ldrb	r0, [r0, #16]
 23fdf0e:	f7ff b80f 	b.w	23fcf30 <hal_i2c_end_transmission>

023fdf12 <_ZN7TwoWire15endTransmissionEv>:
  return endTransmission(true);
 23fdf12:	2101      	movs	r1, #1
 23fdf14:	f7ff bff9 	b.w	23fdf0a <_ZN7TwoWire15endTransmissionEh>

023fdf18 <_GLOBAL__sub_I__ZN7TwoWireC2E19hal_i2c_interface_tRK16hal_i2c_config_t>:
        buffer_(nullptr) {
 23fdf18:	21ff      	movs	r1, #255	; 0xff
 23fdf1a:	2200      	movs	r2, #0
      : address_{address},
 23fdf1c:	4b04      	ldr	r3, [pc, #16]	; (23fdf30 <_GLOBAL__sub_I__ZN7TwoWireC2E19hal_i2c_interface_tRK16hal_i2c_config_t+0x18>)
        buffer_(nullptr) {
 23fdf1e:	2001      	movs	r0, #1
 23fdf20:	e9c3 1200 	strd	r1, r2, [r3]
 23fdf24:	2164      	movs	r1, #100	; 0x64
 23fdf26:	611a      	str	r2, [r3, #16]
 23fdf28:	e9c3 0102 	strd	r0, r1, [r3, #8]

namespace particle {
namespace detail {
const WireTransmission WIRE_INVALID_TRANSMISSION(0xff);
} // detail
} // particle
 23fdf2c:	4770      	bx	lr
 23fdf2e:	bf00      	nop
 23fdf30:	1007af74 	.word	0x1007af74

023fdf34 <_ZN9TCPClient5writeEh>:
    done.dismiss();

    return 1; // success
}

size_t TCPClient::write(uint8_t b) {
 23fdf34:	b513      	push	{r0, r1, r4, lr}
    return write(&b, 1, SOCKET_WAIT_FOREVER);
 23fdf36:	6803      	ldr	r3, [r0, #0]
size_t TCPClient::write(uint8_t b) {
 23fdf38:	f88d 1007 	strb.w	r1, [sp, #7]
    return write(&b, 1, SOCKET_WAIT_FOREVER);
 23fdf3c:	6c1c      	ldr	r4, [r3, #64]	; 0x40
 23fdf3e:	2201      	movs	r2, #1
 23fdf40:	f04f 33ff 	mov.w	r3, #4294967295
 23fdf44:	f10d 0107 	add.w	r1, sp, #7
 23fdf48:	47a0      	blx	r4
}
 23fdf4a:	b002      	add	sp, #8
 23fdf4c:	bd10      	pop	{r4, pc}

023fdf4e <_ZN9TCPClient5writeEPKhj>:

size_t TCPClient::write(const uint8_t *buffer, size_t size) {
 23fdf4e:	b410      	push	{r4}
    return write(buffer, size, SOCKET_WAIT_FOREVER);
 23fdf50:	6803      	ldr	r3, [r0, #0]
 23fdf52:	6c1c      	ldr	r4, [r3, #64]	; 0x40
 23fdf54:	f04f 33ff 	mov.w	r3, #4294967295
 23fdf58:	46a4      	mov	ip, r4
}
 23fdf5a:	f85d 4b04 	ldr.w	r4, [sp], #4
    return write(buffer, size, SOCKET_WAIT_FOREVER);
 23fdf5e:	4760      	bx	ip

023fdf60 <_ZN9TCPClient5writeEhm>:

size_t TCPClient::write(uint8_t b, system_tick_t timeout) {
 23fdf60:	b513      	push	{r0, r1, r4, lr}
 23fdf62:	4613      	mov	r3, r2
    return write(&b, 1, timeout);
 23fdf64:	6802      	ldr	r2, [r0, #0]
size_t TCPClient::write(uint8_t b, system_tick_t timeout) {
 23fdf66:	f88d 1007 	strb.w	r1, [sp, #7]
    return write(&b, 1, timeout);
 23fdf6a:	6c14      	ldr	r4, [r2, #64]	; 0x40
 23fdf6c:	f10d 0107 	add.w	r1, sp, #7
 23fdf70:	2201      	movs	r2, #1
 23fdf72:	47a0      	blx	r4
}
 23fdf74:	b002      	add	sp, #8
 23fdf76:	bd10      	pop	{r4, pc}

023fdf78 <_ZN9TCPClient4readEv>:
    } // isOpen(d_->sock)
    avail = bufferCount();
    return avail;
}

int TCPClient::read() {
 23fdf78:	b510      	push	{r4, lr}
        { __shared_ptr(__p, std::move(__d), std::move(__a)).swap(*this); }

      /// Return the stored pointer.
      element_type*
      get() const noexcept
      { return _M_ptr; }
 23fdf7a:	6943      	ldr	r3, [r0, #20]
 23fdf7c:	4604      	mov	r4, r0
    return (bufferCount() || available()) ? d_->buffer[d_->offset++] : -1;
 23fdf7e:	f8b3 2086 	ldrh.w	r2, [r3, #134]	; 0x86
 23fdf82:	f8b3 3084 	ldrh.w	r3, [r3, #132]	; 0x84
 23fdf86:	429a      	cmp	r2, r3
 23fdf88:	d008      	beq.n	23fdf9c <_ZN9TCPClient4readEv+0x24>
 23fdf8a:	6963      	ldr	r3, [r4, #20]
 23fdf8c:	f8b3 2084 	ldrh.w	r2, [r3, #132]	; 0x84
 23fdf90:	1c51      	adds	r1, r2, #1
 23fdf92:	f8a3 1084 	strh.w	r1, [r3, #132]	; 0x84
 23fdf96:	4413      	add	r3, r2
 23fdf98:	7918      	ldrb	r0, [r3, #4]
}
 23fdf9a:	bd10      	pop	{r4, pc}
    return (bufferCount() || available()) ? d_->buffer[d_->offset++] : -1;
 23fdf9c:	6803      	ldr	r3, [r0, #0]
 23fdf9e:	691b      	ldr	r3, [r3, #16]
 23fdfa0:	4798      	blx	r3
 23fdfa2:	2800      	cmp	r0, #0
 23fdfa4:	d1f1      	bne.n	23fdf8a <_ZN9TCPClient4readEv+0x12>
 23fdfa6:	f04f 30ff 	mov.w	r0, #4294967295
 23fdfaa:	e7f6      	b.n	23fdf9a <_ZN9TCPClient4readEv+0x22>

023fdfac <_ZN9TCPClient5flushEv>:
    d_->offset = 0;
    d_->total = 0;
}

void TCPClient::flush() {
}
 23fdfac:	4770      	bx	lr

023fdfae <_ZN9TCPClientcvbEv>:
    }
    return rv;
}

uint8_t TCPClient::status() {
    return (isOpen(d_->sock));
 23fdfae:	6943      	ldr	r3, [r0, #20]
    return socket_handle_valid(sd);
 23fdfb0:	6818      	ldr	r0, [r3, #0]
}

TCPClient::operator bool() {
   return (status() != 0);
}
 23fdfb2:	43c0      	mvns	r0, r0
 23fdfb4:	0fc0      	lsrs	r0, r0, #31
 23fdfb6:	4770      	bx	lr

023fdfb8 <_ZNSt23_Sp_counted_ptr_inplaceIN9TCPClient4DataESaIS1_ELN9__gnu_cxx12_Lock_policyE0EED1Ev>:
      ~_Sp_counted_ptr_inplace() noexcept { }
 23fdfb8:	4770      	bx	lr
	...

023fdfbc <_ZNSt23_Sp_counted_ptr_inplaceIN9TCPClient4DataESaIS1_ELN9__gnu_cxx12_Lock_policyE0EE14_M_get_deleterERKSt9type_info>:
	    ||
 23fdfbc:	4b06      	ldr	r3, [pc, #24]	; (23fdfd8 <_ZNSt23_Sp_counted_ptr_inplaceIN9TCPClient4DataESaIS1_ELN9__gnu_cxx12_Lock_policyE0EE14_M_get_deleterERKSt9type_info+0x1c>)
      _M_get_deleter(const std::type_info& __ti) noexcept override
 23fdfbe:	b510      	push	{r4, lr}
	    ||
 23fdfc0:	4299      	cmp	r1, r3
      __aligned_buffer(std::nullptr_t) { }

      void*
      _M_addr() noexcept
      {
        return static_cast<void*>(&_M_storage);
 23fdfc2:	f100 040c 	add.w	r4, r0, #12
 23fdfc6:	d005      	beq.n	23fdfd4 <_ZNSt23_Sp_counted_ptr_inplaceIN9TCPClient4DataESaIS1_ELN9__gnu_cxx12_Lock_policyE0EE14_M_get_deleterERKSt9type_info+0x18>
	    _Sp_make_shared_tag::_S_eq(__ti)
 23fdfc8:	4608      	mov	r0, r1
 23fdfca:	f000 fd49 	bl	23fea60 <_ZNSt19_Sp_make_shared_tag5_S_eqERKSt9type_info>
	return nullptr;
 23fdfce:	2800      	cmp	r0, #0
 23fdfd0:	bf08      	it	eq
 23fdfd2:	2400      	moveq	r4, #0
      }
 23fdfd4:	4620      	mov	r0, r4
 23fdfd6:	bd10      	pop	{r4, pc}
 23fdfd8:	023ffc58 	.word	0x023ffc58

023fdfdc <_ZNSt23_Sp_counted_ptr_inplaceIN9TCPClient4DataESaIS1_ELN9__gnu_cxx12_Lock_policyE0EED0Ev>:
      ~_Sp_counted_ptr_inplace() noexcept { }
 23fdfdc:	b510      	push	{r4, lr}
 23fdfde:	4604      	mov	r4, r0
 23fdfe0:	21ac      	movs	r1, #172	; 0xac
 23fdfe2:	f7fd fd28 	bl	23fba36 <_ZdlPvj>
 23fdfe6:	4620      	mov	r0, r4
 23fdfe8:	bd10      	pop	{r4, pc}

023fdfea <_ZNSt23_Sp_counted_ptr_inplaceIN9TCPClient4DataESaIS1_ELN9__gnu_cxx12_Lock_policyE0EE10_M_destroyEv>:
# endif
			      std::align_val_t(alignof(_Tp)));
	    return;
	  }
#endif
	::operator delete(__p
 23fdfea:	21ac      	movs	r1, #172	; 0xac
 23fdfec:	f7fd bd23 	b.w	23fba36 <_ZdlPvj>

023fdff0 <_ZN9TCPClient5writeEPKhjm>:
size_t TCPClient::write(const uint8_t *buffer, size_t size, system_tick_t timeout) {
 23fdff0:	e92d 41f0 	stmdb	sp!, {r4, r5, r6, r7, r8, lr}
    void setWriteError(int err = 1) { write_error = err; }
 23fdff4:	f04f 0800 	mov.w	r8, #0
 23fdff8:	461c      	mov	r4, r3
 23fdffa:	b086      	sub	sp, #24
 23fdffc:	f8c0 8004 	str.w	r8, [r0, #4]
 23fe000:	4605      	mov	r5, r0
 23fe002:	460e      	mov	r6, r1
 23fe004:	4617      	mov	r7, r2
    struct timeval tv = {};
 23fe006:	4641      	mov	r1, r8
 23fe008:	2210      	movs	r2, #16
 23fe00a:	a802      	add	r0, sp, #8
 23fe00c:	f000 fe4d 	bl	23fecaa <memset>
    if (timeout != SOCKET_WAIT_FOREVER) {
 23fe010:	1c63      	adds	r3, r4, #1
 23fe012:	d009      	beq.n	23fe028 <_ZN9TCPClient5writeEPKhjm+0x38>
        tv.tv_sec = timeout / 1000;
 23fe014:	f44f 737a 	mov.w	r3, #1000	; 0x3e8
 23fe018:	fbb4 f2f3 	udiv	r2, r4, r3
        tv.tv_usec = (timeout % 1000) * 1000;
 23fe01c:	fb03 4412 	mls	r4, r3, r2, r4
 23fe020:	435c      	muls	r4, r3
        tv.tv_sec = timeout / 1000;
 23fe022:	e9cd 2802 	strd	r2, r8, [sp, #8]
        tv.tv_usec = (timeout % 1000) * 1000;
 23fe026:	9404      	str	r4, [sp, #16]
    int ret = sock_setsockopt(d_->sock, SOL_SOCKET, SO_SNDTIMEO, &tv, sizeof(tv));
 23fe028:	2310      	movs	r3, #16
 23fe02a:	6968      	ldr	r0, [r5, #20]
 23fe02c:	9300      	str	r3, [sp, #0]
 23fe02e:	f241 0205 	movw	r2, #4101	; 0x1005
 23fe032:	f640 71ff 	movw	r1, #4095	; 0xfff
 23fe036:	6800      	ldr	r0, [r0, #0]
 23fe038:	ab02      	add	r3, sp, #8
 23fe03a:	f7fe ffe9 	bl	23fd010 <sock_setsockopt>
    if (ret < 0) {
 23fe03e:	2800      	cmp	r0, #0
 23fe040:	da07      	bge.n	23fe052 <_ZN9TCPClient5writeEPKhjm+0x62>
        setWriteError(errno);
 23fe042:	f7ff fabd 	bl	23fd5c0 <__errno>
 23fe046:	6803      	ldr	r3, [r0, #0]
        return 0;
 23fe048:	2000      	movs	r0, #0
 23fe04a:	606b      	str	r3, [r5, #4]
}
 23fe04c:	b006      	add	sp, #24
 23fe04e:	e8bd 81f0 	ldmia.w	sp!, {r4, r5, r6, r7, r8, pc}
    ret = sock_send(d_->sock, buffer, size, 0);
 23fe052:	6968      	ldr	r0, [r5, #20]
 23fe054:	2300      	movs	r3, #0
 23fe056:	463a      	mov	r2, r7
 23fe058:	4631      	mov	r1, r6
 23fe05a:	6800      	ldr	r0, [r0, #0]
 23fe05c:	f7ff f810 	bl	23fd080 <sock_send>
    if (ret < 0) {
 23fe060:	1e03      	subs	r3, r0, #0
 23fe062:	dbee      	blt.n	23fe042 <_ZN9TCPClient5writeEPKhjm+0x52>
    return ret;
 23fe064:	4618      	mov	r0, r3
 23fe066:	e7f1      	b.n	23fe04c <_ZN9TCPClient5writeEPKhjm+0x5c>

023fe068 <_ZN9IPAddressaSIPKhEERS_T_.isra.0>:
    IPAddress& operator=(T address) {
 23fe068:	b530      	push	{r4, r5, lr}
 23fe06a:	4604      	mov	r4, r0
 23fe06c:	b087      	sub	sp, #28
        return *this = IPAddress(address);
 23fe06e:	4668      	mov	r0, sp
 23fe070:	f7ff fe0e 	bl	23fdc90 <_ZN9IPAddressC1EPKh>
class IPAddress : public Printable {
 23fe074:	ad01      	add	r5, sp, #4
 23fe076:	3404      	adds	r4, #4
 23fe078:	cd0f      	ldmia	r5!, {r0, r1, r2, r3}
 23fe07a:	c40f      	stmia	r4!, {r0, r1, r2, r3}
 23fe07c:	682b      	ldr	r3, [r5, #0]
 23fe07e:	7023      	strb	r3, [r4, #0]
    }
 23fe080:	b007      	add	sp, #28
 23fe082:	bd30      	pop	{r4, r5, pc}

023fe084 <_ZN9TCPClient8remoteIPEv>:

IPAddress TCPClient::remoteIP() {
 23fe084:	b570      	push	{r4, r5, r6, lr}
class IPAddress : public Printable {
 23fe086:	4604      	mov	r4, r0
 23fe088:	4606      	mov	r6, r0
      { return _M_ptr; }
 23fe08a:	694d      	ldr	r5, [r1, #20]
 23fe08c:	4b04      	ldr	r3, [pc, #16]	; (23fe0a0 <_ZN9TCPClient8remoteIPEv+0x1c>)
 23fe08e:	358c      	adds	r5, #140	; 0x8c
 23fe090:	f844 3b04 	str.w	r3, [r4], #4
 23fe094:	cd0f      	ldmia	r5!, {r0, r1, r2, r3}
 23fe096:	c40f      	stmia	r4!, {r0, r1, r2, r3}
 23fe098:	682b      	ldr	r3, [r5, #0]
    return d_->remoteIP;
}
 23fe09a:	4630      	mov	r0, r6
 23fe09c:	7023      	strb	r3, [r4, #0]
 23fe09e:	bd70      	pop	{r4, r5, r6, pc}
 23fe0a0:	023ffc88 	.word	0x023ffc88

023fe0a4 <_ZN9TCPClient7connectEPKctm>:
int TCPClient::connect(const char* host, uint16_t port, network_interface_t nif) {
 23fe0a4:	e92d 43f0 	stmdb	sp!, {r4, r5, r6, r7, r8, r9, lr}
 23fe0a8:	460d      	mov	r5, r1
    struct addrinfo* ais = nullptr;
 23fe0aa:	2400      	movs	r4, #0
int TCPClient::connect(const char* host, uint16_t port, network_interface_t nif) {
 23fe0ac:	4698      	mov	r8, r3
    stop();
 23fe0ae:	6803      	ldr	r3, [r0, #0]
int TCPClient::connect(const char* host, uint16_t port, network_interface_t nif) {
 23fe0b0:	b093      	sub	sp, #76	; 0x4c
    stop();
 23fe0b2:	6b1b      	ldr	r3, [r3, #48]	; 0x30
int TCPClient::connect(const char* host, uint16_t port, network_interface_t nif) {
 23fe0b4:	4606      	mov	r6, r0
 23fe0b6:	4617      	mov	r7, r2
    stop();
 23fe0b8:	4798      	blx	r3
    CHECK_TRUE(netdb_getaddrinfo(host, nullptr, nullptr, &ais) == 0, 0); // return 0
 23fe0ba:	4628      	mov	r0, r5
 23fe0bc:	466b      	mov	r3, sp
 23fe0be:	4622      	mov	r2, r4
 23fe0c0:	4621      	mov	r1, r4
    struct addrinfo* ais = nullptr;
 23fe0c2:	9400      	str	r4, [sp, #0]
    CHECK_TRUE(netdb_getaddrinfo(host, nullptr, nullptr, &ais) == 0, 0); // return 0
 23fe0c4:	f7fe fdac 	bl	23fcc20 <netdb_getaddrinfo>
 23fe0c8:	4605      	mov	r5, r0
 23fe0ca:	2800      	cmp	r0, #0
 23fe0cc:	d163      	bne.n	23fe196 <_ZN9TCPClient7connectEPKctm+0xf2>
    if (ais && ais->ai_addr) {
 23fe0ce:	9b00      	ldr	r3, [sp, #0]
 23fe0d0:	2b00      	cmp	r3, #0
 23fe0d2:	d04b      	beq.n	23fe16c <_ZN9TCPClient7connectEPKctm+0xc8>
 23fe0d4:	695b      	ldr	r3, [r3, #20]
 23fe0d6:	2b00      	cmp	r3, #0
 23fe0d8:	d048      	beq.n	23fe16c <_ZN9TCPClient7connectEPKctm+0xc8>
        IPAddress addr;
 23fe0da:	a806      	add	r0, sp, #24
 23fe0dc:	f7ff fd94 	bl	23fdc08 <_ZN9IPAddressC1Ev>
        detail::sockaddrToIpAddressPort(ais->ai_addr, addr, nullptr);
 23fe0e0:	9b00      	ldr	r3, [sp, #0]
 23fe0e2:	695c      	ldr	r4, [r3, #20]
namespace spark {

namespace detail {

inline void sockaddrToIpAddressPort(const struct sockaddr* saddr, IPAddress& addr, uint16_t* port) {
    if (saddr->sa_family == AF_INET) {
 23fe0e4:	7863      	ldrb	r3, [r4, #1]
 23fe0e6:	2b02      	cmp	r3, #2
 23fe0e8:	d104      	bne.n	23fe0f4 <_ZN9TCPClient7connectEPKctm+0x50>
        const struct sockaddr_in* inaddr = (const struct sockaddr_in*)saddr;
        addr = (const uint8_t*)(&inaddr->sin_addr.s_addr);
 23fe0ea:	1d21      	adds	r1, r4, #4
            memcpy(a.ipv6, in6addr->sin6_addr.s6_addr, sizeof(a.ipv6));
            a.v = 6;
            addr = IPAddress(a);
        } else {
            auto ptr = (const uint32_t*)(in6addr->sin6_addr.s6_addr);
            addr = (const uint8_t*)(&ptr[3]);
 23fe0ec:	a806      	add	r0, sp, #24
 23fe0ee:	f7ff ffbb 	bl	23fe068 <_ZN9IPAddressaSIPKhEERS_T_.isra.0>
        }
        if (port) {
 23fe0f2:	e026      	b.n	23fe142 <_ZN9TCPClient7connectEPKctm+0x9e>
    else if (saddr->sa_family == AF_INET6) {
 23fe0f4:	2b0a      	cmp	r3, #10
 23fe0f6:	d124      	bne.n	23fe142 <_ZN9TCPClient7connectEPKctm+0x9e>
        HAL_IPAddress a = {};
 23fe0f8:	2211      	movs	r2, #17
 23fe0fa:	4629      	mov	r1, r5
 23fe0fc:	a801      	add	r0, sp, #4
 23fe0fe:	f000 fdd4 	bl	23fecaa <memset>
        if (!IN6_IS_ADDR_V4MAPPED(&in6addr->sin6_addr)) {
 23fe102:	68a3      	ldr	r3, [r4, #8]
 23fe104:	2b00      	cmp	r3, #0
 23fe106:	d038      	beq.n	23fe17a <_ZN9TCPClient7connectEPKctm+0xd6>
            memcpy(a.ipv6, in6addr->sin6_addr.s6_addr, sizeof(a.ipv6));
 23fe108:	f104 0308 	add.w	r3, r4, #8
 23fe10c:	f10d 0c04 	add.w	ip, sp, #4
 23fe110:	3418      	adds	r4, #24
 23fe112:	4662      	mov	r2, ip
 23fe114:	6818      	ldr	r0, [r3, #0]
 23fe116:	6859      	ldr	r1, [r3, #4]
 23fe118:	3308      	adds	r3, #8
 23fe11a:	c203      	stmia	r2!, {r0, r1}
 23fe11c:	42a3      	cmp	r3, r4
 23fe11e:	4694      	mov	ip, r2
 23fe120:	d1f7      	bne.n	23fe112 <_ZN9TCPClient7connectEPKctm+0x6e>
            a.v = 6;
 23fe122:	2306      	movs	r3, #6
            addr = IPAddress(a);
 23fe124:	a901      	add	r1, sp, #4
 23fe126:	a80c      	add	r0, sp, #48	; 0x30
            a.v = 6;
 23fe128:	f88d 3014 	strb.w	r3, [sp, #20]
 23fe12c:	ac07      	add	r4, sp, #28
            addr = IPAddress(a);
 23fe12e:	f7ff fd79 	bl	23fdc24 <_ZN9IPAddressC1ERK16_HAL_IPAddress_t>
 23fe132:	f10d 0c34 	add.w	ip, sp, #52	; 0x34
 23fe136:	e8bc 000f 	ldmia.w	ip!, {r0, r1, r2, r3}
 23fe13a:	c40f      	stmia	r4!, {r0, r1, r2, r3}
 23fe13c:	f8dc 3000 	ldr.w	r3, [ip]
 23fe140:	7023      	strb	r3, [r4, #0]
        return static_cast<const IPAddress*>(this)->operator bool();
 23fe142:	a806      	add	r0, sp, #24
 23fe144:	f7ff fd80 	bl	23fdc48 <_ZNK9IPAddresscvbEv>
        if (addr) {
 23fe148:	b180      	cbz	r0, 23fe16c <_ZN9TCPClient7connectEPKctm+0xc8>
            return connect(addr, port, nif);
 23fe14a:	6833      	ldr	r3, [r6, #0]
class IPAddress : public Printable {
 23fe14c:	ac0d      	add	r4, sp, #52	; 0x34
 23fe14e:	f8d3 9024 	ldr.w	r9, [r3, #36]	; 0x24
 23fe152:	4b12      	ldr	r3, [pc, #72]	; (23fe19c <_ZN9TCPClient7connectEPKctm+0xf8>)
 23fe154:	ad07      	add	r5, sp, #28
 23fe156:	930c      	str	r3, [sp, #48]	; 0x30
 23fe158:	cd0f      	ldmia	r5!, {r0, r1, r2, r3}
 23fe15a:	c40f      	stmia	r4!, {r0, r1, r2, r3}
 23fe15c:	682b      	ldr	r3, [r5, #0]
 23fe15e:	463a      	mov	r2, r7
 23fe160:	7023      	strb	r3, [r4, #0]
 23fe162:	4630      	mov	r0, r6
 23fe164:	4643      	mov	r3, r8
 23fe166:	a90c      	add	r1, sp, #48	; 0x30
 23fe168:	47c8      	blx	r9
 23fe16a:	4605      	mov	r5, r0
    SCOPE_GUARD({
 23fe16c:	9800      	ldr	r0, [sp, #0]
 23fe16e:	f7fe fd49 	bl	23fcc04 <netdb_freeaddrinfo>
}
 23fe172:	4628      	mov	r0, r5
 23fe174:	b013      	add	sp, #76	; 0x4c
 23fe176:	e8bd 83f0 	ldmia.w	sp!, {r4, r5, r6, r7, r8, r9, pc}
        if (!IN6_IS_ADDR_V4MAPPED(&in6addr->sin6_addr)) {
 23fe17a:	68e3      	ldr	r3, [r4, #12]
 23fe17c:	2b00      	cmp	r3, #0
 23fe17e:	d1c3      	bne.n	23fe108 <_ZN9TCPClient7connectEPKctm+0x64>
 23fe180:	f64f 70ff 	movw	r0, #65535	; 0xffff
 23fe184:	f8d4 9010 	ldr.w	r9, [r4, #16]
 23fe188:	f7fe fe38 	bl	23fcdfc <inet_htonl>
 23fe18c:	4581      	cmp	r9, r0
 23fe18e:	d1bb      	bne.n	23fe108 <_ZN9TCPClient7connectEPKctm+0x64>
            addr = (const uint8_t*)(&ptr[3]);
 23fe190:	f104 0114 	add.w	r1, r4, #20
 23fe194:	e7aa      	b.n	23fe0ec <_ZN9TCPClient7connectEPKctm+0x48>
    CHECK_TRUE(netdb_getaddrinfo(host, nullptr, nullptr, &ais) == 0, 0); // return 0
 23fe196:	4625      	mov	r5, r4
 23fe198:	e7e8      	b.n	23fe16c <_ZN9TCPClient7connectEPKctm+0xc8>
 23fe19a:	bf00      	nop
 23fe19c:	023ffc88 	.word	0x023ffc88

023fe1a0 <_ZN9TCPClient9connectedEv>:
uint8_t TCPClient::connected() {
 23fe1a0:	b538      	push	{r3, r4, r5, lr}
 23fe1a2:	6943      	ldr	r3, [r0, #20]
 23fe1a4:	4605      	mov	r5, r0
    bool rv = (status() || bufferCount());
 23fe1a6:	681a      	ldr	r2, [r3, #0]
 23fe1a8:	2a00      	cmp	r2, #0
 23fe1aa:	da10      	bge.n	23fe1ce <_ZN9TCPClient9connectedEv+0x2e>
 23fe1ac:	f8b3 2086 	ldrh.w	r2, [r3, #134]	; 0x86
 23fe1b0:	f8b3 3084 	ldrh.w	r3, [r3, #132]	; 0x84
 23fe1b4:	429a      	cmp	r2, r3
 23fe1b6:	d10a      	bne.n	23fe1ce <_ZN9TCPClient9connectedEv+0x2e>
        rv = available();
 23fe1b8:	6803      	ldr	r3, [r0, #0]
 23fe1ba:	691b      	ldr	r3, [r3, #16]
 23fe1bc:	4798      	blx	r3
        if (!rv) {
 23fe1be:	4604      	mov	r4, r0
 23fe1c0:	b928      	cbnz	r0, 23fe1ce <_ZN9TCPClient9connectedEv+0x2e>
            stop();
 23fe1c2:	682b      	ldr	r3, [r5, #0]
 23fe1c4:	4628      	mov	r0, r5
 23fe1c6:	6b1b      	ldr	r3, [r3, #48]	; 0x30
 23fe1c8:	4798      	blx	r3
        rv = available();
 23fe1ca:	4620      	mov	r0, r4
}
 23fe1cc:	bd38      	pop	{r3, r4, r5, pc}
        rv = available();
 23fe1ce:	2001      	movs	r0, #1
 23fe1d0:	e7fc      	b.n	23fe1cc <_ZN9TCPClient9connectedEv+0x2c>

023fe1d2 <_ZN9TCPClient4peekEv>:
int TCPClient::peek() {
 23fe1d2:	b510      	push	{r4, lr}
 23fe1d4:	6943      	ldr	r3, [r0, #20]
 23fe1d6:	4604      	mov	r4, r0
    return (bufferCount() || available()) ? d_->buffer[d_->offset] : -1;
 23fe1d8:	f8b3 2086 	ldrh.w	r2, [r3, #134]	; 0x86
 23fe1dc:	f8b3 3084 	ldrh.w	r3, [r3, #132]	; 0x84
 23fe1e0:	429a      	cmp	r2, r3
 23fe1e2:	d005      	beq.n	23fe1f0 <_ZN9TCPClient4peekEv+0x1e>
 23fe1e4:	6963      	ldr	r3, [r4, #20]
 23fe1e6:	f8b3 2084 	ldrh.w	r2, [r3, #132]	; 0x84
 23fe1ea:	4413      	add	r3, r2
 23fe1ec:	7918      	ldrb	r0, [r3, #4]
}
 23fe1ee:	bd10      	pop	{r4, pc}
    return (bufferCount() || available()) ? d_->buffer[d_->offset] : -1;
 23fe1f0:	6803      	ldr	r3, [r0, #0]
 23fe1f2:	691b      	ldr	r3, [r3, #16]
 23fe1f4:	4798      	blx	r3
 23fe1f6:	2800      	cmp	r0, #0
 23fe1f8:	d1f4      	bne.n	23fe1e4 <_ZN9TCPClient4peekEv+0x12>
 23fe1fa:	f04f 30ff 	mov.w	r0, #4294967295
 23fe1fe:	e7f6      	b.n	23fe1ee <_ZN9TCPClient4peekEv+0x1c>

023fe200 <_ZN9TCPClient4readEPhj>:
int TCPClient::read(uint8_t *buffer, size_t size) {
 23fe200:	b5f8      	push	{r3, r4, r5, r6, r7, lr}
 23fe202:	6943      	ldr	r3, [r0, #20]
 23fe204:	4617      	mov	r7, r2
    if (bufferCount() || available()) {
 23fe206:	f8b3 2086 	ldrh.w	r2, [r3, #134]	; 0x86
 23fe20a:	f8b3 3084 	ldrh.w	r3, [r3, #132]	; 0x84
int TCPClient::read(uint8_t *buffer, size_t size) {
 23fe20e:	4605      	mov	r5, r0
    if (bufferCount() || available()) {
 23fe210:	429a      	cmp	r2, r3
int TCPClient::read(uint8_t *buffer, size_t size) {
 23fe212:	460e      	mov	r6, r1
    if (bufferCount() || available()) {
 23fe214:	d016      	beq.n	23fe244 <_ZN9TCPClient4readEPhj+0x44>
 23fe216:	6969      	ldr	r1, [r5, #20]
        memcpy(buffer, &d_->buffer[d_->offset], read);
 23fe218:	4630      	mov	r0, r6
    return d_->total - d_->offset;
 23fe21a:	f8b1 3084 	ldrh.w	r3, [r1, #132]	; 0x84
 23fe21e:	f8b1 4086 	ldrh.w	r4, [r1, #134]	; 0x86
 23fe222:	1ae4      	subs	r4, r4, r3
        read = (size > (size_t) bufferCount()) ? bufferCount() : size;
 23fe224:	42bc      	cmp	r4, r7
 23fe226:	bf28      	it	cs
 23fe228:	463c      	movcs	r4, r7
        memcpy(buffer, &d_->buffer[d_->offset], read);
 23fe22a:	3304      	adds	r3, #4
 23fe22c:	4622      	mov	r2, r4
 23fe22e:	4419      	add	r1, r3
 23fe230:	f000 fd2e 	bl	23fec90 <memcpy>
 23fe234:	696a      	ldr	r2, [r5, #20]
        d_->offset += read;
 23fe236:	f8b2 3084 	ldrh.w	r3, [r2, #132]	; 0x84
 23fe23a:	4423      	add	r3, r4
 23fe23c:	f8a2 3084 	strh.w	r3, [r2, #132]	; 0x84
}
 23fe240:	4620      	mov	r0, r4
 23fe242:	bdf8      	pop	{r3, r4, r5, r6, r7, pc}
    if (bufferCount() || available()) {
 23fe244:	6803      	ldr	r3, [r0, #0]
 23fe246:	691b      	ldr	r3, [r3, #16]
 23fe248:	4798      	blx	r3
 23fe24a:	2800      	cmp	r0, #0
 23fe24c:	d1e3      	bne.n	23fe216 <_ZN9TCPClient4readEPhj+0x16>
    int read = -1;
 23fe24e:	f04f 34ff 	mov.w	r4, #4294967295
 23fe252:	e7f5      	b.n	23fe240 <_ZN9TCPClient4readEPhj+0x40>

023fe254 <_ZN9TCPClient12flush_bufferEv>:
    d_->offset = 0;
 23fe254:	2300      	movs	r3, #0
 23fe256:	6942      	ldr	r2, [r0, #20]
 23fe258:	f8a2 3084 	strh.w	r3, [r2, #132]	; 0x84
 23fe25c:	6942      	ldr	r2, [r0, #20]
    d_->total = 0;
 23fe25e:	f8a2 3086 	strh.w	r3, [r2, #134]	; 0x86
}
 23fe262:	4770      	bx	lr

023fe264 <_ZN9TCPClient7connectE9IPAddresstm>:
int TCPClient::connect(IPAddress ip, uint16_t port, network_interface_t nif) {
 23fe264:	b5f0      	push	{r4, r5, r6, r7, lr}
 23fe266:	460c      	mov	r4, r1
 23fe268:	461f      	mov	r7, r3
    stop();
 23fe26a:	6803      	ldr	r3, [r0, #0]
int TCPClient::connect(IPAddress ip, uint16_t port, network_interface_t nif) {
 23fe26c:	b08b      	sub	sp, #44	; 0x2c
    stop();
 23fe26e:	6b1b      	ldr	r3, [r3, #48]	; 0x30
int TCPClient::connect(IPAddress ip, uint16_t port, network_interface_t nif) {
 23fe270:	4605      	mov	r5, r0
 23fe272:	4616      	mov	r6, r2
    stop();
 23fe274:	4798      	blx	r3
    d_->sock = sock_socket(ip.version() == 4 ? AF_INET : AF_INET6, SOCK_STREAM, IPPROTO_TCP);
 23fe276:	7d23      	ldrb	r3, [r4, #20]
 23fe278:	2206      	movs	r2, #6
 23fe27a:	2b04      	cmp	r3, #4
 23fe27c:	bf0c      	ite	eq
 23fe27e:	2002      	moveq	r0, #2
 23fe280:	200a      	movne	r0, #10
 23fe282:	2101      	movs	r1, #1
 23fe284:	f7fe ff0a 	bl	23fd09c <sock_socket>
 23fe288:	696b      	ldr	r3, [r5, #20]
 23fe28a:	6018      	str	r0, [r3, #0]
    CHECK_TRUE(d_->sock >= 0, 0); // return 0
 23fe28c:	696b      	ldr	r3, [r5, #20]
 23fe28e:	681b      	ldr	r3, [r3, #0]
 23fe290:	2b00      	cmp	r3, #0
 23fe292:	da07      	bge.n	23fe2a4 <_ZN9TCPClient7connectE9IPAddresstm+0x40>
    NAMED_SCOPE_GUARD(done, {
 23fe294:	682b      	ldr	r3, [r5, #0]
 23fe296:	4628      	mov	r0, r5
 23fe298:	6b1b      	ldr	r3, [r3, #48]	; 0x30
        CHECK_TRUE(if_index_to_name(nif, ifr.ifr_name) == 0, 0); // return 0
 23fe29a:	2400      	movs	r4, #0
    NAMED_SCOPE_GUARD(done, {
 23fe29c:	4798      	blx	r3
}
 23fe29e:	4620      	mov	r0, r4
 23fe2a0:	b00b      	add	sp, #44	; 0x2c
 23fe2a2:	bdf0      	pop	{r4, r5, r6, r7, pc}
    flush_buffer();
 23fe2a4:	4628      	mov	r0, r5
 23fe2a6:	f7ff ffd5 	bl	23fe254 <_ZN9TCPClient12flush_bufferEv>
    if (nif != 0) {
 23fe2aa:	b1b7      	cbz	r7, 23fe2da <_ZN9TCPClient7connectE9IPAddresstm+0x76>
        struct ifreq ifr = {};
 23fe2ac:	2300      	movs	r3, #0
        CHECK_TRUE(if_index_to_name(nif, ifr.ifr_name) == 0, 0); // return 0
 23fe2ae:	a903      	add	r1, sp, #12
 23fe2b0:	b2f8      	uxtb	r0, r7
        struct ifreq ifr = {};
 23fe2b2:	9303      	str	r3, [sp, #12]
 23fe2b4:	f8ad 3010 	strh.w	r3, [sp, #16]
        CHECK_TRUE(if_index_to_name(nif, ifr.ifr_name) == 0, 0); // return 0
 23fe2b8:	f7fe fd22 	bl	23fcd00 <if_index_to_name>
 23fe2bc:	2800      	cmp	r0, #0
 23fe2be:	d1e9      	bne.n	23fe294 <_ZN9TCPClient7connectE9IPAddresstm+0x30>
        CHECK_TRUE(sock_setsockopt(d_->sock, SOL_SOCKET, SO_BINDTODEVICE, &ifr, sizeof(ifr)) == 0, 0); // return 0
 23fe2c0:	2306      	movs	r3, #6
 23fe2c2:	6968      	ldr	r0, [r5, #20]
 23fe2c4:	9300      	str	r3, [sp, #0]
 23fe2c6:	f241 020b 	movw	r2, #4107	; 0x100b
 23fe2ca:	f640 71ff 	movw	r1, #4095	; 0xfff
 23fe2ce:	6800      	ldr	r0, [r0, #0]
 23fe2d0:	ab03      	add	r3, sp, #12
 23fe2d2:	f7fe fe9d 	bl	23fd010 <sock_setsockopt>
 23fe2d6:	2800      	cmp	r0, #0
 23fe2d8:	d1dc      	bne.n	23fe294 <_ZN9TCPClient7connectE9IPAddresstm+0x30>
    sockaddr_storage saddr = {};
 23fe2da:	221c      	movs	r2, #28
 23fe2dc:	2100      	movs	r1, #0
 23fe2de:	a803      	add	r0, sp, #12
 23fe2e0:	f000 fce3 	bl	23fecaa <memset>
    if (ip.version() == 4) {
 23fe2e4:	7d23      	ldrb	r3, [r4, #20]
 23fe2e6:	2b04      	cmp	r3, #4
 23fe2e8:	d11d      	bne.n	23fe326 <_ZN9TCPClient7connectE9IPAddresstm+0xc2>
        s->sin_len = sizeof(saddr);
 23fe2ea:	f44f 7307 	mov.w	r3, #540	; 0x21c
        s->sin_port = htons(port);
 23fe2ee:	4630      	mov	r0, r6
        s->sin_len = sizeof(saddr);
 23fe2f0:	f8ad 300c 	strh.w	r3, [sp, #12]
        s->sin_port = htons(port);
 23fe2f4:	f7fe fd90 	bl	23fce18 <inet_htons>
 23fe2f8:	f8ad 000e 	strh.w	r0, [sp, #14]
        s->sin_addr.s_addr = htonl(ip.raw().ipv4);
 23fe2fc:	6860      	ldr	r0, [r4, #4]
 23fe2fe:	f7fe fd7d 	bl	23fcdfc <inet_htonl>
 23fe302:	9004      	str	r0, [sp, #16]
    CHECK_TRUE(sock_connect(d_->sock, (const sockaddr*)&saddr, sizeof(saddr)) == 0, 0); // return 0
 23fe304:	696b      	ldr	r3, [r5, #20]
 23fe306:	221c      	movs	r2, #28
 23fe308:	6818      	ldr	r0, [r3, #0]
 23fe30a:	a903      	add	r1, sp, #12
 23fe30c:	f7fe fe9c 	bl	23fd048 <sock_connect>
 23fe310:	2800      	cmp	r0, #0
 23fe312:	d1bf      	bne.n	23fe294 <_ZN9TCPClient7connectE9IPAddresstm+0x30>
 23fe314:	696d      	ldr	r5, [r5, #20]
 23fe316:	3404      	adds	r4, #4
 23fe318:	358c      	adds	r5, #140	; 0x8c
 23fe31a:	cc0f      	ldmia	r4!, {r0, r1, r2, r3}
 23fe31c:	c50f      	stmia	r5!, {r0, r1, r2, r3}
 23fe31e:	6823      	ldr	r3, [r4, #0]
    return 1; // success
 23fe320:	2401      	movs	r4, #1
 23fe322:	702b      	strb	r3, [r5, #0]
 23fe324:	e7bb      	b.n	23fe29e <_ZN9TCPClient7connectE9IPAddresstm+0x3a>
        s->sin6_len = sizeof(saddr);
 23fe326:	f640 231c 	movw	r3, #2588	; 0xa1c
        s->sin6_port = htons(port);
 23fe32a:	4630      	mov	r0, r6
        s->sin6_len = sizeof(saddr);
 23fe32c:	f8ad 300c 	strh.w	r3, [sp, #12]
        s->sin6_port = htons(port);
 23fe330:	f7fe fd72 	bl	23fce18 <inet_htons>
        memcpy(s->sin6_addr.s6_addr, ip.raw().ipv6, sizeof(s->sin6_addr.s6_addr));
 23fe334:	ae05      	add	r6, sp, #20
        s->sin6_port = htons(port);
 23fe336:	f8ad 000e 	strh.w	r0, [sp, #14]
        memcpy(s->sin6_addr.s6_addr, ip.raw().ipv6, sizeof(s->sin6_addr.s6_addr));
 23fe33a:	1d23      	adds	r3, r4, #4
 23fe33c:	f104 0714 	add.w	r7, r4, #20
 23fe340:	4632      	mov	r2, r6
 23fe342:	6818      	ldr	r0, [r3, #0]
 23fe344:	6859      	ldr	r1, [r3, #4]
 23fe346:	3308      	adds	r3, #8
 23fe348:	c203      	stmia	r2!, {r0, r1}
 23fe34a:	42bb      	cmp	r3, r7
 23fe34c:	4616      	mov	r6, r2
 23fe34e:	d1f7      	bne.n	23fe340 <_ZN9TCPClient7connectE9IPAddresstm+0xdc>
 23fe350:	e7d8      	b.n	23fe304 <_ZN9TCPClient7connectE9IPAddresstm+0xa0>
	...

023fe354 <_ZN9TCPClient9availableEv>:
{
 23fe354:	b530      	push	{r4, r5, lr}
 23fe356:	6942      	ldr	r2, [r0, #20]
 23fe358:	4604      	mov	r4, r0
    if (d_->total && (d_->offset == d_->total)) {
 23fe35a:	f8b2 3086 	ldrh.w	r3, [r2, #134]	; 0x86
{
 23fe35e:	b08b      	sub	sp, #44	; 0x2c
    if (d_->total && (d_->offset == d_->total)) {
 23fe360:	b12b      	cbz	r3, 23fe36e <_ZN9TCPClient9availableEv+0x1a>
 23fe362:	f8b2 2084 	ldrh.w	r2, [r2, #132]	; 0x84
 23fe366:	429a      	cmp	r2, r3
 23fe368:	d101      	bne.n	23fe36e <_ZN9TCPClient9availableEv+0x1a>
        flush_buffer();
 23fe36a:	f7ff ff73 	bl	23fe254 <_ZN9TCPClient12flush_bufferEv>
 23fe36e:	6961      	ldr	r1, [r4, #20]
    if (isOpen(d_->sock)) {
 23fe370:	6808      	ldr	r0, [r1, #0]
 23fe372:	2800      	cmp	r0, #0
 23fe374:	db18      	blt.n	23fe3a8 <_ZN9TCPClient9availableEv+0x54>
        if (d_->total < arraySize(d_->buffer)) {
 23fe376:	f8b1 5086 	ldrh.w	r5, [r1, #134]	; 0x86
 23fe37a:	2d7f      	cmp	r5, #127	; 0x7f
 23fe37c:	d814      	bhi.n	23fe3a8 <_ZN9TCPClient9availableEv+0x54>
            int ret = sock_recv(d_->sock, d_->buffer + d_->total, arraySize(d_->buffer) - d_->total, MSG_DONTWAIT);
 23fe37e:	3104      	adds	r1, #4
 23fe380:	2308      	movs	r3, #8
 23fe382:	f1c5 0280 	rsb	r2, r5, #128	; 0x80
 23fe386:	4429      	add	r1, r5
 23fe388:	f7fe fe6c 	bl	23fd064 <sock_recv>
            if (ret > 0) {
 23fe38c:	2800      	cmp	r0, #0
 23fe38e:	dd13      	ble.n	23fe3b8 <_ZN9TCPClient9availableEv+0x64>
 23fe390:	6963      	ldr	r3, [r4, #20]
                if (d_->total == 0) {
 23fe392:	f8b3 2086 	ldrh.w	r2, [r3, #134]	; 0x86
 23fe396:	b90a      	cbnz	r2, 23fe39c <_ZN9TCPClient9availableEv+0x48>
                    d_->offset = 0;
 23fe398:	f8a3 2084 	strh.w	r2, [r3, #132]	; 0x84
 23fe39c:	6963      	ldr	r3, [r4, #20]
                d_->total += ret;
 23fe39e:	f8b3 2086 	ldrh.w	r2, [r3, #134]	; 0x86
 23fe3a2:	4410      	add	r0, r2
 23fe3a4:	f8a3 0086 	strh.w	r0, [r3, #134]	; 0x86
 23fe3a8:	6963      	ldr	r3, [r4, #20]
    return d_->total - d_->offset;
 23fe3aa:	f8b3 0086 	ldrh.w	r0, [r3, #134]	; 0x86
 23fe3ae:	f8b3 3084 	ldrh.w	r3, [r3, #132]	; 0x84
}
 23fe3b2:	1ac0      	subs	r0, r0, r3
 23fe3b4:	b00b      	add	sp, #44	; 0x2c
 23fe3b6:	bd30      	pop	{r4, r5, pc}
                if (errno != EAGAIN && errno != EWOULDBLOCK) {
 23fe3b8:	f7ff f902 	bl	23fd5c0 <__errno>
 23fe3bc:	6803      	ldr	r3, [r0, #0]
 23fe3be:	2b0b      	cmp	r3, #11
 23fe3c0:	d0f2      	beq.n	23fe3a8 <_ZN9TCPClient9availableEv+0x54>
 23fe3c2:	f7ff f8fd 	bl	23fd5c0 <__errno>
 23fe3c6:	6803      	ldr	r3, [r0, #0]
 23fe3c8:	2b0b      	cmp	r3, #11
 23fe3ca:	d0ed      	beq.n	23fe3a8 <_ZN9TCPClient9availableEv+0x54>
                    LOG(ERROR, "recv error = %d", errno);
 23fe3cc:	2320      	movs	r3, #32
 23fe3ce:	2500      	movs	r5, #0
 23fe3d0:	e9cd 3502 	strd	r3, r5, [sp, #8]
 23fe3d4:	f7ff f8f4 	bl	23fd5c0 <__errno>
 23fe3d8:	6803      	ldr	r3, [r0, #0]
 23fe3da:	aa02      	add	r2, sp, #8
 23fe3dc:	9301      	str	r3, [sp, #4]
 23fe3de:	4b08      	ldr	r3, [pc, #32]	; (23fe400 <_ZN9TCPClient9availableEv+0xac>)
 23fe3e0:	2032      	movs	r0, #50	; 0x32
 23fe3e2:	4908      	ldr	r1, [pc, #32]	; (23fe404 <_ZN9TCPClient9availableEv+0xb0>)
 23fe3e4:	9300      	str	r3, [sp, #0]
 23fe3e6:	462b      	mov	r3, r5
 23fe3e8:	f7fe ff62 	bl	23fd2b0 <log_message>
                    sock_close(d_->sock);
 23fe3ec:	6963      	ldr	r3, [r4, #20]
 23fe3ee:	6818      	ldr	r0, [r3, #0]
 23fe3f0:	f7fe fe1c 	bl	23fd02c <sock_close>
                    d_->sock = -1;
 23fe3f4:	f04f 32ff 	mov.w	r2, #4294967295
 23fe3f8:	6963      	ldr	r3, [r4, #20]
 23fe3fa:	601a      	str	r2, [r3, #0]
 23fe3fc:	e7d4      	b.n	23fe3a8 <_ZN9TCPClient9availableEv+0x54>
 23fe3fe:	bf00      	nop
 23fe400:	023ffd2f 	.word	0x023ffd2f
 23fe404:	023ffd28 	.word	0x023ffd28

023fe408 <_ZN9TCPClient4stopEv>:
void TCPClient::stop() {
 23fe408:	b510      	push	{r4, lr}
    if (isOpen(d_->sock)) {
 23fe40a:	6943      	ldr	r3, [r0, #20]
void TCPClient::stop() {
 23fe40c:	4604      	mov	r4, r0
    if (isOpen(d_->sock)) {
 23fe40e:	6818      	ldr	r0, [r3, #0]
 23fe410:	2800      	cmp	r0, #0
 23fe412:	db01      	blt.n	23fe418 <_ZN9TCPClient4stopEv+0x10>
        sock_close(d_->sock);
 23fe414:	f7fe fe0a 	bl	23fd02c <sock_close>
    d_->sock = -1;
 23fe418:	f04f 32ff 	mov.w	r2, #4294967295
 23fe41c:	6963      	ldr	r3, [r4, #20]
    void clear() { memset(&address, 0, sizeof (address)); }
 23fe41e:	2100      	movs	r1, #0
 23fe420:	601a      	str	r2, [r3, #0]
 23fe422:	6960      	ldr	r0, [r4, #20]
 23fe424:	2211      	movs	r2, #17
 23fe426:	308c      	adds	r0, #140	; 0x8c
 23fe428:	f000 fc3f 	bl	23fecaa <memset>
    flush_buffer();
 23fe42c:	4620      	mov	r0, r4
}
 23fe42e:	e8bd 4010 	ldmia.w	sp!, {r4, lr}
    flush_buffer();
 23fe432:	f7ff bf0f 	b.w	23fe254 <_ZN9TCPClient12flush_bufferEv>

023fe436 <_ZN9TCPClient4DataC1Ei>:

TCPClient::Data::Data(sock_handle_t sock)
        : sock(sock),
          offset(0),
          total(0) {
 23fe436:	2300      	movs	r3, #0
TCPClient::Data::Data(sock_handle_t sock)
 23fe438:	b510      	push	{r4, lr}
 23fe43a:	4604      	mov	r4, r0
          total(0) {
 23fe43c:	6001      	str	r1, [r0, #0]
 23fe43e:	f8c0 3084 	str.w	r3, [r0, #132]	; 0x84
 23fe442:	3088      	adds	r0, #136	; 0x88
 23fe444:	f7ff fbe0 	bl	23fdc08 <_ZN9IPAddressC1Ev>
}
 23fe448:	4620      	mov	r0, r4
 23fe44a:	bd10      	pop	{r4, pc}

023fe44c <_ZN9TCPClientC1Ei>:
 23fe44c:	2300      	movs	r3, #0
 23fe44e:	f44f 727a 	mov.w	r2, #1000	; 0x3e8
TCPClient::TCPClient(sock_handle_t sock)
 23fe452:	b573      	push	{r0, r1, r4, r5, r6, lr}
 23fe454:	e9c0 3201 	strd	r3, r2, [r0, #4]
        : d_(std::make_shared<Data>(sock)) {
 23fe458:	4a0e      	ldr	r2, [pc, #56]	; (23fe494 <_ZN9TCPClientC1Ei+0x48>)
#include "system_network.h"
#include "spark_wiring_print.h"
#include "spark_wiring_stream.h"
#include "spark_wiring_ipaddress.h"

class Client : public Stream {
 23fe45a:	6103      	str	r3, [r0, #16]
 23fe45c:	6002      	str	r2, [r0, #0]

    protected:
      // This constructor is non-standard, it is used by allocate_shared.
      template<typename _Alloc, typename... _Args>
	__shared_ptr(_Sp_alloc_shared_tag<_Alloc> __tag, _Args&&... __args)
	: _M_ptr(), _M_refcount(_M_ptr, __tag, std::forward<_Args>(__args)...)
 23fe45e:	6143      	str	r3, [r0, #20]
TCPClient::TCPClient(sock_handle_t sock)
 23fe460:	4604      	mov	r4, r0
	return static_cast<_Tp*>(::operator new(__n * sizeof(_Tp)));
 23fe462:	20ac      	movs	r0, #172	; 0xac
 23fe464:	9101      	str	r1, [sp, #4]
 23fe466:	f7fd fae2 	bl	23fba2e <_Znwj>
	  auto __pi = ::new (__mem)
 23fe46a:	1e05      	subs	r5, r0, #0
 23fe46c:	f105 060c 	add.w	r6, r5, #12
 23fe470:	d008      	beq.n	23fe484 <_ZN9TCPClientC1Ei+0x38>
      : _M_use_count(1), _M_weak_count(1) { }
 23fe472:	2301      	movs	r3, #1
 23fe474:	e9c5 3301 	strd	r3, r3, [r5, #4]
	: _M_impl(__a)
 23fe478:	4b07      	ldr	r3, [pc, #28]	; (23fe498 <_ZN9TCPClientC1Ei+0x4c>)
#if __cplusplus >= 201103L
      template<typename _Up, typename... _Args>
	void
	construct(_Up* __p, _Args&&... __args)
	noexcept(std::is_nothrow_constructible<_Up, _Args...>::value)
	{ ::new((void *)__p) _Up(std::forward<_Args>(__args)...); }
 23fe47a:	4630      	mov	r0, r6
 23fe47c:	9901      	ldr	r1, [sp, #4]
 23fe47e:	602b      	str	r3, [r5, #0]
 23fe480:	f7ff ffd9 	bl	23fe436 <_ZN9TCPClient4DataC1Ei>
    flush_buffer();
 23fe484:	4620      	mov	r0, r4
	  __p = __pi->_M_ptr();
 23fe486:	e9c4 6505 	strd	r6, r5, [r4, #20]
 23fe48a:	f7ff fee3 	bl	23fe254 <_ZN9TCPClient12flush_bufferEv>
}
 23fe48e:	b002      	add	sp, #8
 23fe490:	bd70      	pop	{r4, r5, r6, pc}
 23fe492:	bf00      	nop
 23fe494:	023ffd64 	.word	0x023ffd64
 23fe498:	023ffd48 	.word	0x023ffd48

023fe49c <_ZN9TCPClientC1Ev>:
TCPClient::TCPClient()
 23fe49c:	b510      	push	{r4, lr}
 23fe49e:	4604      	mov	r4, r0
        : TCPClient(-1) {
 23fe4a0:	f04f 31ff 	mov.w	r1, #4294967295
 23fe4a4:	f7ff ffd2 	bl	23fe44c <_ZN9TCPClientC1Ei>
}
 23fe4a8:	4620      	mov	r0, r4
 23fe4aa:	bd10      	pop	{r4, pc}

023fe4ac <_ZN9TCPClient4DataD1Ev>:

TCPClient::Data::~Data() {
 23fe4ac:	b510      	push	{r4, lr}
 23fe4ae:	4604      	mov	r4, r0
    if (socket_handle_valid(sock)) {
 23fe4b0:	6800      	ldr	r0, [r0, #0]
 23fe4b2:	2800      	cmp	r0, #0
 23fe4b4:	db01      	blt.n	23fe4ba <_ZN9TCPClient4DataD1Ev+0xe>
        sock_close(sock);
 23fe4b6:	f7fe fdb9 	bl	23fd02c <sock_close>
    }
}
 23fe4ba:	4620      	mov	r0, r4
 23fe4bc:	bd10      	pop	{r4, pc}

023fe4be <_ZNSt23_Sp_counted_ptr_inplaceIN9TCPClient4DataESaIS1_ELN9__gnu_cxx12_Lock_policyE0EE10_M_disposeEv>:

      template<typename _Up>
	void
	destroy(_Up* __p)
	noexcept(std::is_nothrow_destructible<_Up>::value)
	{ __p->~_Up(); }
 23fe4be:	300c      	adds	r0, #12
 23fe4c0:	f7ff bff4 	b.w	23fe4ac <_ZN9TCPClient4DataD1Ev>

023fe4c4 <_ZN5spark9WiFiClass5readyEv>:
    bool connecting(void) {
        return network_connecting(*this, 0, NULL);
    }

    bool ready(void) {
        return network_ready(*this, 0, NULL);
 23fe4c4:	2200      	movs	r2, #0
 23fe4c6:	6840      	ldr	r0, [r0, #4]
 23fe4c8:	4611      	mov	r1, r2
 23fe4ca:	f7fe bf8b 	b.w	23fd3e4 <network_ready>

023fe4ce <_ZN5spark9WiFiClass9listeningEv>:
    uint16_t getListenTimeout(void) {
        return network_get_listen_timeout(*this, 0, NULL);
    }

    bool listening(void) {
        return network_listening(*this, 0, NULL);
 23fe4ce:	2200      	movs	r2, #0
 23fe4d0:	6840      	ldr	r0, [r0, #4]
 23fe4d2:	4611      	mov	r1, r2
 23fe4d4:	f7fe bfbe 	b.w	23fd454 <network_listening>

023fe4d8 <_ZN5spark9WiFiClass16getListenTimeoutEv>:
        return network_get_listen_timeout(*this, 0, NULL);
 23fe4d8:	2200      	movs	r2, #0
 23fe4da:	6840      	ldr	r0, [r0, #4]
 23fe4dc:	4611      	mov	r1, r2
 23fe4de:	f7fe bfd5 	b.w	23fd48c <network_get_listen_timeout>

023fe4e2 <_ZN5spark9WiFiClass16setListenTimeoutEt>:
        network_set_listen_timeout(*this, timeout, NULL);
 23fe4e2:	2200      	movs	r2, #0
 23fe4e4:	6840      	ldr	r0, [r0, #4]
 23fe4e6:	f7fe bfc3 	b.w	23fd470 <network_set_listen_timeout>

023fe4ea <_ZN5spark9WiFiClass6listenEb>:
        network_listen(*this, begin ? 0 : 1, NULL);
 23fe4ea:	2200      	movs	r2, #0
 23fe4ec:	6840      	ldr	r0, [r0, #4]
 23fe4ee:	f081 0101 	eor.w	r1, r1, #1
 23fe4f2:	f7fe bfa1 	b.w	23fd438 <network_listen>

023fe4f6 <_ZN5spark9WiFiClass3offEv>:
        network_off(*this, 0, 0, NULL);
 23fe4f6:	2300      	movs	r3, #0
 23fe4f8:	6840      	ldr	r0, [r0, #4]
 23fe4fa:	461a      	mov	r2, r3
 23fe4fc:	4619      	mov	r1, r3
 23fe4fe:	f7fe bf8d 	b.w	23fd41c <network_off>

023fe502 <_ZN5spark9WiFiClass2onEv>:
        network_on(*this, 0, 0, NULL);
 23fe502:	2300      	movs	r3, #0
 23fe504:	6840      	ldr	r0, [r0, #4]
 23fe506:	461a      	mov	r2, r3
 23fe508:	4619      	mov	r1, r3
 23fe50a:	f7fe bf79 	b.w	23fd400 <network_on>

023fe50e <_ZN5spark9WiFiClass10connectingEv>:
        return network_connecting(*this, 0, NULL);
 23fe50e:	2200      	movs	r2, #0
 23fe510:	6840      	ldr	r0, [r0, #4]
 23fe512:	4611      	mov	r1, r2
 23fe514:	f7fe bf4a 	b.w	23fd3ac <network_connecting>

023fe518 <_ZN5spark9WiFiClass10disconnectEv>:
        network_disconnect(*this, NETWORK_DISCONNECT_REASON_USER, NULL);
 23fe518:	2200      	movs	r2, #0
 23fe51a:	2102      	movs	r1, #2
 23fe51c:	6840      	ldr	r0, [r0, #4]
 23fe51e:	f7fe bf53 	b.w	23fd3c8 <network_disconnect>

023fe522 <_ZN5spark9WiFiClass7connectEj>:
        network_connect(*this, flags, 0, NULL);
 23fe522:	2300      	movs	r3, #0
 23fe524:	6840      	ldr	r0, [r0, #4]
 23fe526:	461a      	mov	r2, r3
 23fe528:	f7fe bf32 	b.w	23fd390 <network_connect>

023fe52c <_GLOBAL__sub_I__ZN10WiFiSignalC2ERK21wlan_connected_info_t>:
 23fe52c:	2204      	movs	r2, #4
 23fe52e:	4b02      	ldr	r3, [pc, #8]	; (23fe538 <_GLOBAL__sub_I__ZN10WiFiSignalC2ERK21wlan_connected_info_t+0xc>)
 23fe530:	605a      	str	r2, [r3, #4]
            NetworkClass(NETWORK_INTERFACE_WIFI_STA) {
 23fe532:	4a02      	ldr	r2, [pc, #8]	; (23fe53c <_GLOBAL__sub_I__ZN10WiFiSignalC2ERK21wlan_connected_info_t+0x10>)
 23fe534:	601a      	str	r2, [r3, #0]
the same way.
*****************************************************************************/

    WiFiClass WiFi;
    // NetworkClass& Network = WiFi;
}
 23fe536:	4770      	bx	lr
 23fe538:	1007af88 	.word	0x1007af88
 23fe53c:	023ffdb4 	.word	0x023ffdb4

023fe540 <_ZN5spark12NetworkClass7connectEj>:
        return Network;
    }
}

void NetworkClass::connect(unsigned flags) {
    network_connect(*this, flags, 0, nullptr);
 23fe540:	2300      	movs	r3, #0
 23fe542:	6840      	ldr	r0, [r0, #4]
 23fe544:	461a      	mov	r2, r3
 23fe546:	f7fe bf23 	b.w	23fd390 <network_connect>

023fe54a <_ZN5spark12NetworkClass10disconnectEv>:
}

void NetworkClass::disconnect() {
    network_disconnect(*this, NETWORK_DISCONNECT_REASON_USER, nullptr);
 23fe54a:	2200      	movs	r2, #0
 23fe54c:	2102      	movs	r1, #2
 23fe54e:	6840      	ldr	r0, [r0, #4]
 23fe550:	f7fe bf3a 	b.w	23fd3c8 <network_disconnect>

023fe554 <_ZN5spark12NetworkClass10connectingEv>:
}

bool NetworkClass::connecting() {
    return network_connecting(*this, 0, nullptr);
 23fe554:	2200      	movs	r2, #0
 23fe556:	6840      	ldr	r0, [r0, #4]
 23fe558:	4611      	mov	r1, r2
 23fe55a:	f7fe bf27 	b.w	23fd3ac <network_connecting>

023fe55e <_ZN5spark12NetworkClass5readyEv>:
}

bool NetworkClass::ready() {
    return network_ready(*this, 0, nullptr);
 23fe55e:	2200      	movs	r2, #0
 23fe560:	6840      	ldr	r0, [r0, #4]
 23fe562:	4611      	mov	r1, r2
 23fe564:	f7fe bf3e 	b.w	23fd3e4 <network_ready>

023fe568 <_ZN5spark12NetworkClass2onEv>:
}

void NetworkClass::on() {
    network_on(*this, 0, 0, nullptr);
 23fe568:	2300      	movs	r3, #0
 23fe56a:	6840      	ldr	r0, [r0, #4]
 23fe56c:	461a      	mov	r2, r3
 23fe56e:	4619      	mov	r1, r3
 23fe570:	f7fe bf46 	b.w	23fd400 <network_on>

023fe574 <_ZN5spark12NetworkClass3offEv>:
}

void NetworkClass::off() {
    network_off(*this, 0, 0, nullptr);
 23fe574:	2300      	movs	r3, #0
 23fe576:	6840      	ldr	r0, [r0, #4]
 23fe578:	461a      	mov	r2, r3
 23fe57a:	4619      	mov	r1, r3
 23fe57c:	f7fe bf4e 	b.w	23fd41c <network_off>

023fe580 <_ZN5spark12NetworkClass4isOnEv>:
}

bool NetworkClass::isOn() {
    return network_is_on(*this, nullptr);
 23fe580:	2100      	movs	r1, #0
 23fe582:	6840      	ldr	r0, [r0, #4]
 23fe584:	f7fe bf90 	b.w	23fd4a8 <network_is_on>

023fe588 <_ZN5spark12NetworkClass5isOffEv>:
}

bool NetworkClass::isOff() {
    return network_is_off(*this, nullptr);
 23fe588:	2100      	movs	r1, #0
 23fe58a:	6840      	ldr	r0, [r0, #4]
 23fe58c:	f7fe bf9a 	b.w	23fd4c4 <network_is_off>

023fe590 <_ZN5spark12NetworkClass6listenEb>:
}

void NetworkClass::listen(bool begin) {
    network_listen(*this, begin ? 0 : 1, nullptr);
 23fe590:	2200      	movs	r2, #0
 23fe592:	6840      	ldr	r0, [r0, #4]
 23fe594:	f081 0101 	eor.w	r1, r1, #1
 23fe598:	f7fe bf4e 	b.w	23fd438 <network_listen>

023fe59c <_ZN5spark12NetworkClass16setListenTimeoutEt>:
}

void NetworkClass::setListenTimeout(uint16_t timeout) {
    network_set_listen_timeout(*this, timeout, nullptr);
 23fe59c:	2200      	movs	r2, #0
 23fe59e:	6840      	ldr	r0, [r0, #4]
 23fe5a0:	f7fe bf66 	b.w	23fd470 <network_set_listen_timeout>

023fe5a4 <_ZN5spark12NetworkClass16getListenTimeoutEv>:
}

uint16_t NetworkClass::getListenTimeout() {
    return network_get_listen_timeout(*this, 0, nullptr);
 23fe5a4:	2200      	movs	r2, #0
 23fe5a6:	6840      	ldr	r0, [r0, #4]
 23fe5a8:	4611      	mov	r1, r2
 23fe5aa:	f7fe bf6f 	b.w	23fd48c <network_get_listen_timeout>

023fe5ae <_ZN5spark12NetworkClass9listeningEv>:
}

bool NetworkClass::listening() {
    return network_listening(*this, 0, nullptr);
 23fe5ae:	2200      	movs	r2, #0
 23fe5b0:	6840      	ldr	r0, [r0, #4]
 23fe5b2:	4611      	mov	r1, r2
 23fe5b4:	f7fe bf4e 	b.w	23fd454 <network_listening>

023fe5b8 <_ZN5spark12NetworkClass11isPreferredEv>:
    network_handle_t network = network_prefer(*this, prefer, nullptr);
    return Network.from(network);
}

bool NetworkClass::isPreferred() {
    return network_is_preferred(*this, nullptr);
 23fe5b8:	2100      	movs	r1, #0
 23fe5ba:	6840      	ldr	r0, [r0, #4]
 23fe5bc:	f7fe bf9e 	b.w	23fd4fc <network_is_preferred>

023fe5c0 <_ZN5spark12NetworkClass7resolveEPKcb>:
}

IPAddress NetworkClass::resolve(const char* name, bool flushCache) {
 23fe5c0:	e92d 43f0 	stmdb	sp!, {r4, r5, r6, r7, r8, r9, lr}
    IPAddress addr;
#if HAL_USE_INET_HAL_POSIX
    struct addrinfo *ai = nullptr;
 23fe5c4:	2600      	movs	r6, #0
IPAddress NetworkClass::resolve(const char* name, bool flushCache) {
 23fe5c6:	4698      	mov	r8, r3
 23fe5c8:	b099      	sub	sp, #100	; 0x64
 23fe5ca:	460d      	mov	r5, r1
 23fe5cc:	4614      	mov	r4, r2
 23fe5ce:	4607      	mov	r7, r0
    IPAddress addr;
 23fe5d0:	f7ff fb1a 	bl	23fdc08 <_ZN9IPAddressC1Ev>
    struct addrinfo hints = {};
 23fe5d4:	221c      	movs	r2, #28
 23fe5d6:	4631      	mov	r1, r6
 23fe5d8:	a811      	add	r0, sp, #68	; 0x44
    struct addrinfo *ai = nullptr;
 23fe5da:	9603      	str	r6, [sp, #12]
    struct addrinfo hints = {};
 23fe5dc:	f000 fb65 	bl	23fecaa <memset>
    hints.ai_flags = AI_ADDRCONFIG;
    if (flushCache) {
 23fe5e0:	f1b8 0f00 	cmp.w	r8, #0
 23fe5e4:	d12c      	bne.n	23fe640 <_ZN5spark12NetworkClass7resolveEPKcb+0x80>
    hints.ai_flags = AI_ADDRCONFIG;
 23fe5e6:	2340      	movs	r3, #64	; 0x40
        return iface_;
 23fe5e8:	6868      	ldr	r0, [r5, #4]
        hints.ai_flags |= AI_FLUSHCACHE;
 23fe5ea:	9310      	str	r3, [sp, #64]	; 0x40
    }
    hints.ai_family = AF_UNSPEC;
    if_t iface = nullptr;
 23fe5ec:	9604      	str	r6, [sp, #16]
    if ((network_interface_t)*this != NETWORK_INTERFACE_ALL) {
 23fe5ee:	b118      	cbz	r0, 23fe5f8 <_ZN5spark12NetworkClass7resolveEPKcb+0x38>
        if_get_by_index((network_interface_t)*this, &iface);
 23fe5f0:	a904      	add	r1, sp, #16
 23fe5f2:	b2c0      	uxtb	r0, r0
 23fe5f4:	f7fe fb92 	bl	23fcd1c <if_get_by_index>
    }
    const int r = netdb_getaddrinfo_ex(name, nullptr, &hints, &ai, iface);
 23fe5f8:	9b04      	ldr	r3, [sp, #16]
 23fe5fa:	4620      	mov	r0, r4
 23fe5fc:	9300      	str	r3, [sp, #0]
 23fe5fe:	2100      	movs	r1, #0
 23fe600:	ab03      	add	r3, sp, #12
 23fe602:	aa10      	add	r2, sp, #64	; 0x40
 23fe604:	f7fe fb1a 	bl	23fcc3c <netdb_getaddrinfo_ex>
    if (!r) {
 23fe608:	4604      	mov	r4, r0
 23fe60a:	2800      	cmp	r0, #0
 23fe60c:	d14d      	bne.n	23fe6aa <_ZN5spark12NetworkClass7resolveEPKcb+0xea>
        bool ok = false;
        // This is not really needed if AI_ADDRCONFIG is properly supported
        bool ipv4 = network_ready(*this, NETWORK_READY_TYPE_IPV4, nullptr);
 23fe60e:	4602      	mov	r2, r0
 23fe610:	2101      	movs	r1, #1
 23fe612:	6868      	ldr	r0, [r5, #4]
 23fe614:	f7fe fee6 	bl	23fd3e4 <network_ready>
        bool ipv6 = network_ready(*this, NETWORK_READY_TYPE_IPV6, nullptr);
 23fe618:	2102      	movs	r1, #2
        bool ipv4 = network_ready(*this, NETWORK_READY_TYPE_IPV4, nullptr);
 23fe61a:	4680      	mov	r8, r0
        bool ipv6 = network_ready(*this, NETWORK_READY_TYPE_IPV6, nullptr);
 23fe61c:	4622      	mov	r2, r4
 23fe61e:	6868      	ldr	r0, [r5, #4]
 23fe620:	f7fe fee0 	bl	23fd3e4 <network_ready>
        bool ok = false;
 23fe624:	4621      	mov	r1, r4
        bool ipv6 = network_ready(*this, NETWORK_READY_TYPE_IPV6, nullptr);
 23fe626:	4681      	mov	r9, r0
        for (auto cur = ai; cur != nullptr && !ok; cur = cur->ai_next) {
 23fe628:	9e03      	ldr	r6, [sp, #12]
 23fe62a:	2e00      	cmp	r6, #0
 23fe62c:	d03d      	beq.n	23fe6aa <_ZN5spark12NetworkClass7resolveEPKcb+0xea>
 23fe62e:	2900      	cmp	r1, #0
 23fe630:	d13b      	bne.n	23fe6aa <_ZN5spark12NetworkClass7resolveEPKcb+0xea>
            // NOTE: using only the first entry that matches the current state of IPv4/IPv6 connectivity
            switch (cur->ai_family) {
 23fe632:	6873      	ldr	r3, [r6, #4]
 23fe634:	2b02      	cmp	r3, #2
 23fe636:	d005      	beq.n	23fe644 <_ZN5spark12NetworkClass7resolveEPKcb+0x84>
 23fe638:	2b0a      	cmp	r3, #10
 23fe63a:	d013      	beq.n	23fe664 <_ZN5spark12NetworkClass7resolveEPKcb+0xa4>
        for (auto cur = ai; cur != nullptr && !ok; cur = cur->ai_next) {
 23fe63c:	69f6      	ldr	r6, [r6, #28]
 23fe63e:	e7f4      	b.n	23fe62a <_ZN5spark12NetworkClass7resolveEPKcb+0x6a>
        hints.ai_flags |= AI_FLUSHCACHE;
 23fe640:	4b1d      	ldr	r3, [pc, #116]	; (23fe6b8 <_ZN5spark12NetworkClass7resolveEPKcb+0xf8>)
 23fe642:	e7d1      	b.n	23fe5e8 <_ZN5spark12NetworkClass7resolveEPKcb+0x28>
                case AF_INET: {
                    if (!ipv4) {
 23fe644:	f1b8 0f00 	cmp.w	r8, #0
 23fe648:	d0f8      	beq.n	23fe63c <_ZN5spark12NetworkClass7resolveEPKcb+0x7c>
                        continue;
                    }
                    // NOTE: HAL_IPAddress is little-endian
                    auto in = (struct sockaddr_in*)cur->ai_addr;
                    addr = (const uint8_t*)(&in->sin_addr.s_addr);
 23fe64a:	6971      	ldr	r1, [r6, #20]
        return *this = IPAddress(address);
 23fe64c:	a80a      	add	r0, sp, #40	; 0x28
 23fe64e:	3104      	adds	r1, #4
class IPAddress : public Printable {
 23fe650:	1d3c      	adds	r4, r7, #4
 23fe652:	ad0b      	add	r5, sp, #44	; 0x2c
        return *this = IPAddress(address);
 23fe654:	f7ff fb1c 	bl	23fdc90 <_ZN9IPAddressC1EPKh>
class IPAddress : public Printable {
 23fe658:	cd0f      	ldmia	r5!, {r0, r1, r2, r3}
 23fe65a:	c40f      	stmia	r4!, {r0, r1, r2, r3}
 23fe65c:	682b      	ldr	r3, [r5, #0]
                    ok = true;
 23fe65e:	4641      	mov	r1, r8
 23fe660:	7023      	strb	r3, [r4, #0]
        return *this = IPAddress(address);
 23fe662:	e7eb      	b.n	23fe63c <_ZN5spark12NetworkClass7resolveEPKcb+0x7c>
                    break;
                }
                case AF_INET6: {
                    if (!ipv6) {
 23fe664:	f1b9 0f00 	cmp.w	r9, #0
 23fe668:	d0e8      	beq.n	23fe63c <_ZN5spark12NetworkClass7resolveEPKcb+0x7c>
                        continue;
                    }
                    auto in6 = (struct sockaddr_in6*)cur->ai_addr;
                    HAL_IPAddress a = {};
 23fe66a:	2210      	movs	r2, #16
 23fe66c:	a805      	add	r0, sp, #20
                    auto in6 = (struct sockaddr_in6*)cur->ai_addr;
 23fe66e:	6974      	ldr	r4, [r6, #20]
                    HAL_IPAddress a = {};
 23fe670:	f000 fb1b 	bl	23fecaa <memset>
                    a.v = 6;
 23fe674:	2306      	movs	r3, #6
                    memcpy(a.ipv6, in6->sin6_addr.s6_addr, sizeof(a.ipv6));
 23fe676:	ad05      	add	r5, sp, #20
                    a.v = 6;
 23fe678:	f88d 3024 	strb.w	r3, [sp, #36]	; 0x24
                    memcpy(a.ipv6, in6->sin6_addr.s6_addr, sizeof(a.ipv6));
 23fe67c:	f104 0308 	add.w	r3, r4, #8
 23fe680:	3418      	adds	r4, #24
 23fe682:	462a      	mov	r2, r5
 23fe684:	6818      	ldr	r0, [r3, #0]
 23fe686:	6859      	ldr	r1, [r3, #4]
 23fe688:	3308      	adds	r3, #8
 23fe68a:	c203      	stmia	r2!, {r0, r1}
 23fe68c:	42a3      	cmp	r3, r4
 23fe68e:	4615      	mov	r5, r2
 23fe690:	d1f7      	bne.n	23fe682 <_ZN5spark12NetworkClass7resolveEPKcb+0xc2>
                    addr = IPAddress(a);
 23fe692:	a905      	add	r1, sp, #20
 23fe694:	a80a      	add	r0, sp, #40	; 0x28
class IPAddress : public Printable {
 23fe696:	1d3c      	adds	r4, r7, #4
 23fe698:	ad0b      	add	r5, sp, #44	; 0x2c
 23fe69a:	f7ff fac3 	bl	23fdc24 <_ZN9IPAddressC1ERK16_HAL_IPAddress_t>
 23fe69e:	cd0f      	ldmia	r5!, {r0, r1, r2, r3}
 23fe6a0:	c40f      	stmia	r4!, {r0, r1, r2, r3}
 23fe6a2:	682b      	ldr	r3, [r5, #0]
                    ok = true;
 23fe6a4:	4649      	mov	r1, r9
 23fe6a6:	7023      	strb	r3, [r4, #0]
                    break;
 23fe6a8:	e7c8      	b.n	23fe63c <_ZN5spark12NetworkClass7resolveEPKcb+0x7c>
                }
            }
        }
    }
    freeaddrinfo(ai);
 23fe6aa:	9803      	ldr	r0, [sp, #12]
 23fe6ac:	f7fe faaa 	bl	23fcc04 <netdb_freeaddrinfo>
    return Cellular.resolve(name);
#endif // Wiring_Cellular

#endif // HAL_USE_INET_HAL_POSIX
    return addr;
}
 23fe6b0:	4638      	mov	r0, r7
 23fe6b2:	b019      	add	sp, #100	; 0x64
 23fe6b4:	e8bd 83f0 	ldmia.w	sp!, {r4, r5, r6, r7, r8, r9, pc}
 23fe6b8:	40000040 	.word	0x40000040

023fe6bc <_ZN5spark12NetworkClass4fromEm>:
    switch (nif) {
 23fe6bc:	3803      	subs	r0, #3
 23fe6be:	2802      	cmp	r0, #2
 23fe6c0:	bf9a      	itte	ls
 23fe6c2:	4b02      	ldrls	r3, [pc, #8]	; (23fe6cc <_ZN5spark12NetworkClass4fromEm+0x10>)
 23fe6c4:	f853 0020 	ldrls.w	r0, [r3, r0, lsl #2]
NetworkClass& NetworkClass::from(network_interface_t nif) {
 23fe6c8:	4801      	ldrhi	r0, [pc, #4]	; (23fe6d0 <_ZN5spark12NetworkClass4fromEm+0x14>)
}
 23fe6ca:	4770      	bx	lr
 23fe6cc:	023ffdf0 	.word	0x023ffdf0
 23fe6d0:	1007af90 	.word	0x1007af90

023fe6d4 <_ZN5spark12NetworkClass6preferEb>:
NetworkClass& NetworkClass::prefer(bool prefer) {
 23fe6d4:	b508      	push	{r3, lr}
    network_handle_t network = network_prefer(*this, prefer, nullptr);
 23fe6d6:	2200      	movs	r2, #0
 23fe6d8:	6840      	ldr	r0, [r0, #4]
 23fe6da:	f7fe ff01 	bl	23fd4e0 <network_prefer>
}
 23fe6de:	e8bd 4008 	ldmia.w	sp!, {r3, lr}
    return Network.from(network);
 23fe6e2:	f7ff bfeb 	b.w	23fe6bc <_ZN5spark12NetworkClass4fromEm>
	...

023fe6e8 <_GLOBAL__sub_I__ZN5spark7NetworkE>:
            : iface_(iface) {
 23fe6e8:	4b02      	ldr	r3, [pc, #8]	; (23fe6f4 <_GLOBAL__sub_I__ZN5spark7NetworkE+0xc>)
 23fe6ea:	4a03      	ldr	r2, [pc, #12]	; (23fe6f8 <_GLOBAL__sub_I__ZN5spark7NetworkE+0x10>)
 23fe6ec:	601a      	str	r2, [r3, #0]
 23fe6ee:	2200      	movs	r2, #0
 23fe6f0:	605a      	str	r2, [r3, #4]
    network_free_configuration(c, count, nullptr);
    return res;
}
#endif // HAL_USE_SOCKET_HAL_POSIX

} // spark
 23fe6f2:	4770      	bx	lr
 23fe6f4:	1007af90 	.word	0x1007af90
 23fe6f8:	023ffe04 	.word	0x023ffe04

023fe6fc <getPinMode>:
 * AN_OUTPUT = 7
 * PIN_MODE_NONE = 255
 */
PinMode getPinMode(uint16_t pin)
{
  return hal_gpio_get_mode(pin);
 23fe6fc:	f7fe bac8 	b.w	23fcc90 <hal_gpio_get_mode>

023fe700 <pinAvailable>:
/*
 * @brief Perform safety check on desired pin to see if it's already
 * being used.  Return 0 if used, otherwise return 1 if available.
 */
bool pinAvailable(uint16_t pin) {
  if (pin >= TOTAL_PINS) {
 23fe700:	281b      	cmp	r0, #27
bool pinAvailable(uint16_t pin) {
 23fe702:	b537      	push	{r0, r1, r2, r4, r5, lr}
 23fe704:	4604      	mov	r4, r0
  if (pin >= TOTAL_PINS) {
 23fe706:	d902      	bls.n	23fe70e <pinAvailable+0xe>
    return false;
 23fe708:	2000      	movs	r0, #0
    return false; // 'pin' is used
  }
#endif

  return true; // 'pin' is available
}
 23fe70a:	b003      	add	sp, #12
 23fe70c:	bd30      	pop	{r4, r5, pc}
  if((pin == SCK || pin == MOSI || pin == MISO) && hal_spi_is_enabled(SPI.interface()) == true)
 23fe70e:	f1a0 030f 	sub.w	r3, r0, #15
 23fe712:	2b02      	cmp	r3, #2
 23fe714:	d90b      	bls.n	23fe72e <pinAvailable+0x2e>
  if((pin == SCL || pin == SDA) && hal_i2c_is_enabled(Wire.interface(), nullptr) == true)
 23fe716:	2801      	cmp	r0, #1
 23fe718:	d821      	bhi.n	23fe75e <pinAvailable+0x5e>
 23fe71a:	f000 f97b 	bl	23fea14 <_Z19__fetch_global_Wirev>
 23fe71e:	2100      	movs	r1, #0
 23fe720:	7c00      	ldrb	r0, [r0, #16]
 23fe722:	f7fe fc59 	bl	23fcfd8 <hal_i2c_is_enabled>
  if((pin == RX || pin == TX) && hal_usart_is_enabled(Serial1.interface()) == true)
 23fe726:	f080 0001 	eor.w	r0, r0, #1
 23fe72a:	b2c0      	uxtb	r0, r0
 23fe72c:	e7ed      	b.n	23fe70a <pinAvailable+0xa>

template <hal_spi_interface_t Interface>
class SpiProxy {
public:
    static SPIClass& instance() {
        static SPIClass instance(Interface);
 23fe72e:	4d11      	ldr	r5, [pc, #68]	; (23fe774 <pinAvailable+0x74>)
 23fe730:	e8d5 1f8f 	ldab	r1, [r5]
 23fe734:	f011 0101 	ands.w	r1, r1, #1
 23fe738:	d10b      	bne.n	23fe752 <pinAvailable+0x52>
 23fe73a:	4628      	mov	r0, r5
 23fe73c:	9101      	str	r1, [sp, #4]
 23fe73e:	f7fe ff69 	bl	23fd614 <__cxa_guard_acquire>
 23fe742:	9901      	ldr	r1, [sp, #4]
 23fe744:	b128      	cbz	r0, 23fe752 <pinAvailable+0x52>
 23fe746:	480c      	ldr	r0, [pc, #48]	; (23fe778 <pinAvailable+0x78>)
 23fe748:	f7fe ffcc 	bl	23fd6e4 <_ZN8SPIClassC1E19hal_spi_interface_t>
 23fe74c:	4628      	mov	r0, r5
 23fe74e:	f7fe ff6f 	bl	23fd630 <__cxa_guard_release>
  if((pin == SCK || pin == MOSI || pin == MISO) && hal_spi_is_enabled(SPI.interface()) == true)
 23fe752:	4b09      	ldr	r3, [pc, #36]	; (23fe778 <pinAvailable+0x78>)
 23fe754:	7818      	ldrb	r0, [r3, #0]
 23fe756:	f7fe fcd9 	bl	23fd10c <hal_spi_is_enabled>
 23fe75a:	2800      	cmp	r0, #0
 23fe75c:	d1d4      	bne.n	23fe708 <pinAvailable+0x8>
  if((pin == RX || pin == TX) && hal_usart_is_enabled(Serial1.interface()) == true)
 23fe75e:	3c08      	subs	r4, #8
 23fe760:	2c01      	cmp	r4, #1
 23fe762:	d805      	bhi.n	23fe770 <pinAvailable+0x70>
 23fe764:	f000 f8aa 	bl	23fe8bc <_Z22__fetch_global_Serial1v>
 23fe768:	7c00      	ldrb	r0, [r0, #16]
 23fe76a:	f7fe fba9 	bl	23fcec0 <hal_usart_is_enabled>
 23fe76e:	e7da      	b.n	23fe726 <pinAvailable+0x26>
  return true; // 'pin' is available
 23fe770:	2001      	movs	r0, #1
 23fe772:	e7ca      	b.n	23fe70a <pinAvailable+0xa>
 23fe774:	1007af08 	.word	0x1007af08
 23fe778:	1007af0c 	.word	0x1007af0c

023fe77c <pinMode>:
  if(pin >= TOTAL_PINS || setMode == PIN_MODE_NONE )
 23fe77c:	281b      	cmp	r0, #27
{
 23fe77e:	b538      	push	{r3, r4, r5, lr}
 23fe780:	4604      	mov	r4, r0
 23fe782:	460d      	mov	r5, r1
  if(pin >= TOTAL_PINS || setMode == PIN_MODE_NONE )
 23fe784:	d80a      	bhi.n	23fe79c <pinMode+0x20>
 23fe786:	29ff      	cmp	r1, #255	; 0xff
 23fe788:	d008      	beq.n	23fe79c <pinMode+0x20>
  if( !pinAvailable(pin) ) {
 23fe78a:	f7ff ffb9 	bl	23fe700 <pinAvailable>
 23fe78e:	b128      	cbz	r0, 23fe79c <pinMode+0x20>
  hal_gpio_mode(pin, setMode);
 23fe790:	4629      	mov	r1, r5
 23fe792:	4620      	mov	r0, r4
}
 23fe794:	e8bd 4038 	ldmia.w	sp!, {r3, r4, r5, lr}
  hal_gpio_mode(pin, setMode);
 23fe798:	f7fe ba6c 	b.w	23fcc74 <hal_gpio_mode>
}
 23fe79c:	bd38      	pop	{r3, r4, r5, pc}

023fe79e <digitalWrite>:

/*
 * @brief Sets a GPIO pin to HIGH or LOW.
 */
void digitalWrite(hal_pin_t pin, uint8_t value)
{
 23fe79e:	b538      	push	{r3, r4, r5, lr}
 23fe7a0:	4604      	mov	r4, r0
 23fe7a2:	460d      	mov	r5, r1
    PinMode mode = hal_gpio_get_mode(pin);
 23fe7a4:	f7fe fa74 	bl	23fcc90 <hal_gpio_get_mode>
    if (mode==PIN_MODE_NONE || is_input_mode(mode))
 23fe7a8:	28ff      	cmp	r0, #255	; 0xff
 23fe7aa:	d010      	beq.n	23fe7ce <digitalWrite+0x30>
            mode == INPUT_PULLDOWN ||
 23fe7ac:	2806      	cmp	r0, #6
 23fe7ae:	d804      	bhi.n	23fe7ba <digitalWrite+0x1c>
 23fe7b0:	234d      	movs	r3, #77	; 0x4d
 23fe7b2:	fa23 f000 	lsr.w	r0, r3, r0
 23fe7b6:	07c3      	lsls	r3, r0, #31
 23fe7b8:	d409      	bmi.n	23fe7ce <digitalWrite+0x30>
        return;
  // Safety check
  if( !pinAvailable(pin) ) {
 23fe7ba:	4620      	mov	r0, r4
 23fe7bc:	f7ff ffa0 	bl	23fe700 <pinAvailable>
 23fe7c0:	b128      	cbz	r0, 23fe7ce <digitalWrite+0x30>
    return;
  }

  hal_gpio_write(pin, value);
 23fe7c2:	4629      	mov	r1, r5
 23fe7c4:	4620      	mov	r0, r4
}
 23fe7c6:	e8bd 4038 	ldmia.w	sp!, {r3, r4, r5, lr}
  hal_gpio_write(pin, value);
 23fe7ca:	f7fe ba6f 	b.w	23fccac <hal_gpio_write>
}
 23fe7ce:	bd38      	pop	{r3, r4, r5, pc}

023fe7d0 <digitalRead>:

/*
 * @brief Reads the value of a GPIO pin. Should return either 1 (HIGH) or 0 (LOW).
 */
int32_t digitalRead(hal_pin_t pin)
{
 23fe7d0:	b510      	push	{r4, lr}
 23fe7d2:	4604      	mov	r4, r0
    PinMode mode = hal_gpio_get_mode(pin);
 23fe7d4:	f7fe fa5c 	bl	23fcc90 <hal_gpio_get_mode>
    return mode == AF_OUTPUT_PUSHPULL ||
 23fe7d8:	1f03      	subs	r3, r0, #4
    if (is_af_output_mode(mode))
 23fe7da:	b2db      	uxtb	r3, r3
 23fe7dc:	2b01      	cmp	r3, #1
 23fe7de:	d908      	bls.n	23fe7f2 <digitalRead+0x22>
        return LOW;

    // Safety check
    if( !pinAvailable(pin) ) {
 23fe7e0:	4620      	mov	r0, r4
 23fe7e2:	f7ff ff8d 	bl	23fe700 <pinAvailable>
 23fe7e6:	b120      	cbz	r0, 23fe7f2 <digitalRead+0x22>
      return LOW;
    }

    return hal_gpio_read(pin);
 23fe7e8:	4620      	mov	r0, r4
}
 23fe7ea:	e8bd 4010 	ldmia.w	sp!, {r4, lr}
    return hal_gpio_read(pin);
 23fe7ee:	f7fe ba6b 	b.w	23fccc8 <hal_gpio_read>
}
 23fe7f2:	2000      	movs	r0, #0
 23fe7f4:	bd10      	pop	{r4, pc}

023fe7f6 <analogRead>:
 * @brief Read the analog value of a pin.
 * Should return a 16-bit value, 0-65536 (0 = LOW, 65536 = HIGH)
 * Note: ADC is 12-bit. Currently it returns 0-4095
 */
int32_t analogRead(hal_pin_t pin)
{
 23fe7f6:	b510      	push	{r4, lr}
 23fe7f8:	4604      	mov	r4, r0
  }
#endif // defined(FIRST_ANALOG_PIN) && FIRST_ANALOG_PIN > 0
#endif

  // Safety check
  if( !pinAvailable(pin) ) {
 23fe7fa:	f7ff ff81 	bl	23fe700 <pinAvailable>
 23fe7fe:	b150      	cbz	r0, 23fe816 <analogRead+0x20>
    return LOW;
  }

  if(hal_pin_validate_function(pin, PF_ADC)!=PF_ADC)
 23fe800:	2103      	movs	r1, #3
 23fe802:	4620      	mov	r0, r4
 23fe804:	f7fe fa28 	bl	23fcc58 <hal_pin_validate_function>
 23fe808:	2803      	cmp	r0, #3
 23fe80a:	d104      	bne.n	23fe816 <analogRead+0x20>
  {
    return LOW;
  }

  return hal_adc_read(pin);
 23fe80c:	4620      	mov	r0, r4
}
 23fe80e:	e8bd 4010 	ldmia.w	sp!, {r4, lr}
  return hal_adc_read(pin);
 23fe812:	f7fe ba67 	b.w	23fcce4 <hal_adc_read>
}
 23fe816:	2000      	movs	r0, #0
 23fe818:	bd10      	pop	{r4, pc}

023fe81a <shiftOut>:
  }
  return value;
}

void shiftOut(uint8_t dataPin, uint8_t clockPin, uint8_t bitOrder, uint8_t val)
{
 23fe81a:	e92d 41f0 	stmdb	sp!, {r4, r5, r6, r7, r8, lr}
 23fe81e:	4690      	mov	r8, r2
 23fe820:	461f      	mov	r7, r3
 23fe822:	2407      	movs	r4, #7
  uint8_t i;

  for (i = 0; i < 8; i++)  {
    if (bitOrder == LSBFIRST)
      digitalWrite(dataPin, !!(val & (1 << i)));
 23fe824:	4606      	mov	r6, r0
    else
      digitalWrite(dataPin, !!(val & (1 << (7 - i))));

    digitalWrite(clockPin, HIGH);
 23fe826:	460d      	mov	r5, r1
    if (bitOrder == LSBFIRST)
 23fe828:	f1c4 0107 	rsb	r1, r4, #7
 23fe82c:	f1b8 0f00 	cmp.w	r8, #0
 23fe830:	d112      	bne.n	23fe858 <shiftOut+0x3e>
      digitalWrite(dataPin, !!(val & (1 << i)));
 23fe832:	fa47 f101 	asr.w	r1, r7, r1
      digitalWrite(dataPin, !!(val & (1 << (7 - i))));
 23fe836:	4630      	mov	r0, r6
 23fe838:	f001 0101 	and.w	r1, r1, #1
 23fe83c:	f7ff ffaf 	bl	23fe79e <digitalWrite>
    digitalWrite(clockPin, HIGH);
 23fe840:	2101      	movs	r1, #1
 23fe842:	4628      	mov	r0, r5
 23fe844:	f7ff ffab 	bl	23fe79e <digitalWrite>
    digitalWrite(clockPin, LOW);
 23fe848:	2100      	movs	r1, #0
 23fe84a:	4628      	mov	r0, r5
 23fe84c:	f7ff ffa7 	bl	23fe79e <digitalWrite>
  for (i = 0; i < 8; i++)  {
 23fe850:	3c01      	subs	r4, #1
 23fe852:	d2e9      	bcs.n	23fe828 <shiftOut+0xe>
  }
}
 23fe854:	e8bd 81f0 	ldmia.w	sp!, {r4, r5, r6, r7, r8, pc}
      digitalWrite(dataPin, !!(val & (1 << (7 - i))));
 23fe858:	fa47 f104 	asr.w	r1, r7, r4
 23fe85c:	e7eb      	b.n	23fe836 <shiftOut+0x1c>

023fe85e <__tcf_0>:
}
#endif

USARTSerial& __fetch_global_Serial1()
{
    static USARTSerial serial1(HAL_USART_SERIAL1, acquireSerial1Buffer());
 23fe85e:	4770      	bx	lr

023fe860 <_ZN12_GLOBAL__N_118defaultUsartConfigEv>:
hal_usart_buffer_config_t defaultUsartConfig() {
 23fe860:	b538      	push	{r3, r4, r5, lr}
    hal_usart_buffer_config_t config = {
 23fe862:	2514      	movs	r5, #20
hal_usart_buffer_config_t defaultUsartConfig() {
 23fe864:	4604      	mov	r4, r0
    hal_usart_buffer_config_t config = {
 23fe866:	462a      	mov	r2, r5
 23fe868:	2100      	movs	r1, #0
 23fe86a:	f000 fa1e 	bl	23fecaa <memset>
 23fe86e:	8025      	strh	r5, [r4, #0]
 23fe870:	2540      	movs	r5, #64	; 0x40
        .rx_buffer = new (std::nothrow) uint8_t[bufferSize],
 23fe872:	4907      	ldr	r1, [pc, #28]	; (23fe890 <_ZN12_GLOBAL__N_118defaultUsartConfigEv+0x30>)
 23fe874:	4628      	mov	r0, r5
    hal_usart_buffer_config_t config = {
 23fe876:	8125      	strh	r5, [r4, #8]
 23fe878:	8225      	strh	r5, [r4, #16]
        .rx_buffer = new (std::nothrow) uint8_t[bufferSize],
 23fe87a:	f000 f8ef 	bl	23fea5c <_ZnajRKSt9nothrow_t>
        .tx_buffer = new (std::nothrow) uint8_t[bufferSize],
 23fe87e:	4904      	ldr	r1, [pc, #16]	; (23fe890 <_ZN12_GLOBAL__N_118defaultUsartConfigEv+0x30>)
    };
 23fe880:	6060      	str	r0, [r4, #4]
        .tx_buffer = new (std::nothrow) uint8_t[bufferSize],
 23fe882:	4628      	mov	r0, r5
 23fe884:	f000 f8ea 	bl	23fea5c <_ZnajRKSt9nothrow_t>
    };
 23fe888:	60e0      	str	r0, [r4, #12]
}
 23fe88a:	4620      	mov	r0, r4
 23fe88c:	bd38      	pop	{r3, r4, r5, pc}
 23fe88e:	bf00      	nop
 23fe890:	023ffe40 	.word	0x023ffe40

023fe894 <__tcf_2>:
 23fe894:	4770      	bx	lr

023fe896 <__tcf_1>:
 23fe896:	4770      	bx	lr

023fe898 <_Z20acquireSerial1Bufferv>:
{
 23fe898:	b510      	push	{r4, lr}
 23fe89a:	4604      	mov	r4, r0
    return defaultUsartConfig();
 23fe89c:	f7ff ffe0 	bl	23fe860 <_ZN12_GLOBAL__N_118defaultUsartConfigEv>
}
 23fe8a0:	4620      	mov	r0, r4
 23fe8a2:	bd10      	pop	{r4, pc}

023fe8a4 <_Z20acquireSerial2Bufferv>:
 23fe8a4:	b510      	push	{r4, lr}
 23fe8a6:	4604      	mov	r4, r0
 23fe8a8:	f7ff ffda 	bl	23fe860 <_ZN12_GLOBAL__N_118defaultUsartConfigEv>
 23fe8ac:	4620      	mov	r0, r4
 23fe8ae:	bd10      	pop	{r4, pc}

023fe8b0 <_Z20acquireSerial3Bufferv>:
 23fe8b0:	b510      	push	{r4, lr}
 23fe8b2:	4604      	mov	r4, r0
 23fe8b4:	f7ff ffd4 	bl	23fe860 <_ZN12_GLOBAL__N_118defaultUsartConfigEv>
 23fe8b8:	4620      	mov	r0, r4
 23fe8ba:	bd10      	pop	{r4, pc}

023fe8bc <_Z22__fetch_global_Serial1v>:
{
 23fe8bc:	b530      	push	{r4, r5, lr}
    static USARTSerial serial1(HAL_USART_SERIAL1, acquireSerial1Buffer());
 23fe8be:	4d0e      	ldr	r5, [pc, #56]	; (23fe8f8 <_Z22__fetch_global_Serial1v+0x3c>)
{
 23fe8c0:	b087      	sub	sp, #28
    static USARTSerial serial1(HAL_USART_SERIAL1, acquireSerial1Buffer());
 23fe8c2:	e8d5 1f8f 	ldab	r1, [r5]
 23fe8c6:	f011 0401 	ands.w	r4, r1, #1
 23fe8ca:	d111      	bne.n	23fe8f0 <_Z22__fetch_global_Serial1v+0x34>
 23fe8cc:	4628      	mov	r0, r5
 23fe8ce:	f7fe fea1 	bl	23fd614 <__cxa_guard_acquire>
 23fe8d2:	b168      	cbz	r0, 23fe8f0 <_Z22__fetch_global_Serial1v+0x34>
 23fe8d4:	a801      	add	r0, sp, #4
 23fe8d6:	f7ff ffdf 	bl	23fe898 <_Z20acquireSerial1Bufferv>
 23fe8da:	4621      	mov	r1, r4
 23fe8dc:	aa01      	add	r2, sp, #4
 23fe8de:	4807      	ldr	r0, [pc, #28]	; (23fe8fc <_Z22__fetch_global_Serial1v+0x40>)
 23fe8e0:	f7ff faaa 	bl	23fde38 <_ZN11USARTSerialC1E21hal_usart_interface_tRK25hal_usart_buffer_config_t>
 23fe8e4:	4628      	mov	r0, r5
 23fe8e6:	f7fe fea3 	bl	23fd630 <__cxa_guard_release>
 23fe8ea:	4805      	ldr	r0, [pc, #20]	; (23fe900 <_Z22__fetch_global_Serial1v+0x44>)
 23fe8ec:	f000 f9ca 	bl	23fec84 <atexit>
    return serial1;
}
 23fe8f0:	4802      	ldr	r0, [pc, #8]	; (23fe8fc <_Z22__fetch_global_Serial1v+0x40>)
 23fe8f2:	b007      	add	sp, #28
 23fe8f4:	bd30      	pop	{r4, r5, pc}
 23fe8f6:	bf00      	nop
 23fe8f8:	1007af98 	.word	0x1007af98
 23fe8fc:	1007afa4 	.word	0x1007afa4
 23fe900:	023fe85f 	.word	0x023fe85f

023fe904 <_Z22__fetch_global_Serial2v>:

#if Wiring_Serial2
USARTSerial& __fetch_global_Serial2()
{
 23fe904:	b510      	push	{r4, lr}
	static USARTSerial serial2(HAL_USART_SERIAL2, acquireSerial2Buffer());
 23fe906:	4c0d      	ldr	r4, [pc, #52]	; (23fe93c <_Z22__fetch_global_Serial2v+0x38>)
{
 23fe908:	b086      	sub	sp, #24
	static USARTSerial serial2(HAL_USART_SERIAL2, acquireSerial2Buffer());
 23fe90a:	e8d4 3f8f 	ldab	r3, [r4]
 23fe90e:	07db      	lsls	r3, r3, #31
 23fe910:	d411      	bmi.n	23fe936 <_Z22__fetch_global_Serial2v+0x32>
 23fe912:	4620      	mov	r0, r4
 23fe914:	f7fe fe7e 	bl	23fd614 <__cxa_guard_acquire>
 23fe918:	b168      	cbz	r0, 23fe936 <_Z22__fetch_global_Serial2v+0x32>
 23fe91a:	a801      	add	r0, sp, #4
 23fe91c:	f7ff ffc2 	bl	23fe8a4 <_Z20acquireSerial2Bufferv>
 23fe920:	2101      	movs	r1, #1
 23fe922:	aa01      	add	r2, sp, #4
 23fe924:	4806      	ldr	r0, [pc, #24]	; (23fe940 <_Z22__fetch_global_Serial2v+0x3c>)
 23fe926:	f7ff fa87 	bl	23fde38 <_ZN11USARTSerialC1E21hal_usart_interface_tRK25hal_usart_buffer_config_t>
 23fe92a:	4620      	mov	r0, r4
 23fe92c:	f7fe fe80 	bl	23fd630 <__cxa_guard_release>
 23fe930:	4804      	ldr	r0, [pc, #16]	; (23fe944 <_Z22__fetch_global_Serial2v+0x40>)
 23fe932:	f000 f9a7 	bl	23fec84 <atexit>
	return serial2;
}
 23fe936:	4802      	ldr	r0, [pc, #8]	; (23fe940 <_Z22__fetch_global_Serial2v+0x3c>)
 23fe938:	b006      	add	sp, #24
 23fe93a:	bd10      	pop	{r4, pc}
 23fe93c:	1007af9c 	.word	0x1007af9c
 23fe940:	1007afb8 	.word	0x1007afb8
 23fe944:	023fe897 	.word	0x023fe897

023fe948 <_Z15serialEventRun2v>:

void serialEventRun2()
{
 23fe948:	b510      	push	{r4, lr}
    __handleSerialEvent(Serial2, serialEvent2);
 23fe94a:	f7ff ffdb 	bl	23fe904 <_Z22__fetch_global_Serial2v>

inline void __handleSerialEvent(USARTSerial& serial, void (*handler)(void)) __attribute__((always_inline));

inline void __handleSerialEvent(USARTSerial& serial, void (*handler)(void))
{
    if (handler && serial.isEnabled() && serial.available()>0)
 23fe94e:	4b07      	ldr	r3, [pc, #28]	; (23fe96c <_Z15serialEventRun2v+0x24>)
 23fe950:	4604      	mov	r4, r0
 23fe952:	b153      	cbz	r3, 23fe96a <_Z15serialEventRun2v+0x22>
 23fe954:	f7ff fa84 	bl	23fde60 <_ZN11USARTSerial9isEnabledEv>
 23fe958:	b138      	cbz	r0, 23fe96a <_Z15serialEventRun2v+0x22>
 23fe95a:	6823      	ldr	r3, [r4, #0]
 23fe95c:	4620      	mov	r0, r4
 23fe95e:	691b      	ldr	r3, [r3, #16]
 23fe960:	4798      	blx	r3
 23fe962:	2800      	cmp	r0, #0
 23fe964:	dd01      	ble.n	23fe96a <_Z15serialEventRun2v+0x22>
        handler();
 23fe966:	e000      	b.n	23fe96a <_Z15serialEventRun2v+0x22>
 23fe968:	bf00      	nop
}
 23fe96a:	bd10      	pop	{r4, pc}
 23fe96c:	00000000 	.word	0x00000000

023fe970 <_Z22__fetch_global_Serial3v>:
#endif

#if Wiring_Serial3
USARTSerial& __fetch_global_Serial3()
{
 23fe970:	b510      	push	{r4, lr}
	static USARTSerial serial3(HAL_USART_SERIAL3, acquireSerial3Buffer());
 23fe972:	4c0d      	ldr	r4, [pc, #52]	; (23fe9a8 <_Z22__fetch_global_Serial3v+0x38>)
{
 23fe974:	b086      	sub	sp, #24
	static USARTSerial serial3(HAL_USART_SERIAL3, acquireSerial3Buffer());
 23fe976:	e8d4 3f8f 	ldab	r3, [r4]
 23fe97a:	07db      	lsls	r3, r3, #31
 23fe97c:	d411      	bmi.n	23fe9a2 <_Z22__fetch_global_Serial3v+0x32>
 23fe97e:	4620      	mov	r0, r4
 23fe980:	f7fe fe48 	bl	23fd614 <__cxa_guard_acquire>
 23fe984:	b168      	cbz	r0, 23fe9a2 <_Z22__fetch_global_Serial3v+0x32>
 23fe986:	a801      	add	r0, sp, #4
 23fe988:	f7ff ff92 	bl	23fe8b0 <_Z20acquireSerial3Bufferv>
 23fe98c:	2102      	movs	r1, #2
 23fe98e:	aa01      	add	r2, sp, #4
 23fe990:	4806      	ldr	r0, [pc, #24]	; (23fe9ac <_Z22__fetch_global_Serial3v+0x3c>)
 23fe992:	f7ff fa51 	bl	23fde38 <_ZN11USARTSerialC1E21hal_usart_interface_tRK25hal_usart_buffer_config_t>
 23fe996:	4620      	mov	r0, r4
 23fe998:	f7fe fe4a 	bl	23fd630 <__cxa_guard_release>
 23fe99c:	4804      	ldr	r0, [pc, #16]	; (23fe9b0 <_Z22__fetch_global_Serial3v+0x40>)
 23fe99e:	f000 f971 	bl	23fec84 <atexit>
	return serial3;
}
 23fe9a2:	4802      	ldr	r0, [pc, #8]	; (23fe9ac <_Z22__fetch_global_Serial3v+0x3c>)
 23fe9a4:	b006      	add	sp, #24
 23fe9a6:	bd10      	pop	{r4, pc}
 23fe9a8:	1007afa0 	.word	0x1007afa0
 23fe9ac:	1007afcc 	.word	0x1007afcc
 23fe9b0:	023fe895 	.word	0x023fe895

023fe9b4 <_Z15serialEventRun3v>:

void serialEventRun3()
{
 23fe9b4:	b510      	push	{r4, lr}
    __handleSerialEvent(Serial3, serialEvent3);
 23fe9b6:	f7ff ffdb 	bl	23fe970 <_Z22__fetch_global_Serial3v>
    if (handler && serial.isEnabled() && serial.available()>0)
 23fe9ba:	4b07      	ldr	r3, [pc, #28]	; (23fe9d8 <_Z15serialEventRun3v+0x24>)
 23fe9bc:	4604      	mov	r4, r0
 23fe9be:	b153      	cbz	r3, 23fe9d6 <_Z15serialEventRun3v+0x22>
 23fe9c0:	f7ff fa4e 	bl	23fde60 <_ZN11USARTSerial9isEnabledEv>
 23fe9c4:	b138      	cbz	r0, 23fe9d6 <_Z15serialEventRun3v+0x22>
 23fe9c6:	6823      	ldr	r3, [r4, #0]
 23fe9c8:	4620      	mov	r0, r4
 23fe9ca:	691b      	ldr	r3, [r3, #16]
 23fe9cc:	4798      	blx	r3
 23fe9ce:	2800      	cmp	r0, #0
 23fe9d0:	dd01      	ble.n	23fe9d6 <_Z15serialEventRun3v+0x22>
        handler();
 23fe9d2:	e000      	b.n	23fe9d6 <_Z15serialEventRun3v+0x22>
 23fe9d4:	bf00      	nop
}
 23fe9d6:	bd10      	pop	{r4, pc}
 23fe9d8:	00000000 	.word	0x00000000

023fe9dc <__tcf_0>:
}
#endif

TwoWire& __fetch_global_Wire()
{
	static TwoWire wire(HAL_I2C_INTERFACE1, acquireWireBuffer());
 23fe9dc:	4770      	bx	lr
	...

023fe9e0 <_Z17acquireWireBufferv>:
{
 23fe9e0:	b538      	push	{r3, r4, r5, lr}
	hal_i2c_config_t config = {
 23fe9e2:	4b0a      	ldr	r3, [pc, #40]	; (23fea0c <_Z17acquireWireBufferv+0x2c>)
{
 23fe9e4:	4604      	mov	r4, r0
	hal_i2c_config_t config = {
 23fe9e6:	6003      	str	r3, [r0, #0]
 23fe9e8:	2301      	movs	r3, #1
		.rx_buffer = new (std::nothrow) uint8_t[i2c_buffer_size],
 23fe9ea:	4909      	ldr	r1, [pc, #36]	; (23fea10 <_Z17acquireWireBufferv+0x30>)
	hal_i2c_config_t config = {
 23fe9ec:	6143      	str	r3, [r0, #20]
		.rx_buffer = new (std::nothrow) uint8_t[i2c_buffer_size],
 23fe9ee:	2020      	movs	r0, #32
 23fe9f0:	f000 f834 	bl	23fea5c <_ZnajRKSt9nothrow_t>
	};
 23fe9f4:	2520      	movs	r5, #32
 23fe9f6:	6060      	str	r0, [r4, #4]
		.tx_buffer = new (std::nothrow) uint8_t[i2c_buffer_size],
 23fe9f8:	4905      	ldr	r1, [pc, #20]	; (23fea10 <_Z17acquireWireBufferv+0x30>)
 23fe9fa:	4628      	mov	r0, r5
	};
 23fe9fc:	60a5      	str	r5, [r4, #8]
		.tx_buffer = new (std::nothrow) uint8_t[i2c_buffer_size],
 23fe9fe:	f000 f82d 	bl	23fea5c <_ZnajRKSt9nothrow_t>
	};
 23fea02:	e9c4 0503 	strd	r0, r5, [r4, #12]
}
 23fea06:	4620      	mov	r0, r4
 23fea08:	bd38      	pop	{r3, r4, r5, pc}
 23fea0a:	bf00      	nop
 23fea0c:	00010018 	.word	0x00010018
 23fea10:	023ffe40 	.word	0x023ffe40

023fea14 <_Z19__fetch_global_Wirev>:
{
 23fea14:	b530      	push	{r4, r5, lr}
	static TwoWire wire(HAL_I2C_INTERFACE1, acquireWireBuffer());
 23fea16:	4d0e      	ldr	r5, [pc, #56]	; (23fea50 <_Z19__fetch_global_Wirev+0x3c>)
{
 23fea18:	b087      	sub	sp, #28
	static TwoWire wire(HAL_I2C_INTERFACE1, acquireWireBuffer());
 23fea1a:	e8d5 1f8f 	ldab	r1, [r5]
 23fea1e:	f011 0401 	ands.w	r4, r1, #1
 23fea22:	d111      	bne.n	23fea48 <_Z19__fetch_global_Wirev+0x34>
 23fea24:	4628      	mov	r0, r5
 23fea26:	f7fe fdf5 	bl	23fd614 <__cxa_guard_acquire>
 23fea2a:	b168      	cbz	r0, 23fea48 <_Z19__fetch_global_Wirev+0x34>
 23fea2c:	4668      	mov	r0, sp
 23fea2e:	f7ff ffd7 	bl	23fe9e0 <_Z17acquireWireBufferv>
 23fea32:	466a      	mov	r2, sp
 23fea34:	4621      	mov	r1, r4
 23fea36:	4807      	ldr	r0, [pc, #28]	; (23fea54 <_Z19__fetch_global_Wirev+0x40>)
 23fea38:	f7ff fa42 	bl	23fdec0 <_ZN7TwoWireC1E19hal_i2c_interface_tRK16hal_i2c_config_t>
 23fea3c:	4628      	mov	r0, r5
 23fea3e:	f7fe fdf7 	bl	23fd630 <__cxa_guard_release>
 23fea42:	4805      	ldr	r0, [pc, #20]	; (23fea58 <_Z19__fetch_global_Wirev+0x44>)
 23fea44:	f000 f91e 	bl	23fec84 <atexit>
	return wire;
}
 23fea48:	4802      	ldr	r0, [pc, #8]	; (23fea54 <_Z19__fetch_global_Wirev+0x40>)
 23fea4a:	b007      	add	sp, #28
 23fea4c:	bd30      	pop	{r4, r5, pc}
 23fea4e:	bf00      	nop
 23fea50:	1007afe4 	.word	0x1007afe4
 23fea54:	1007afe8 	.word	0x1007afe8
 23fea58:	023fe9dd 	.word	0x023fe9dd

023fea5c <_ZnajRKSt9nothrow_t>:
 23fea5c:	f7fc bfe9 	b.w	23fba32 <_Znaj>

023fea60 <_ZNSt19_Sp_make_shared_tag5_S_eqERKSt9type_info>:
 23fea60:	4901      	ldr	r1, [pc, #4]	; (23fea68 <_ZNSt19_Sp_make_shared_tag5_S_eqERKSt9type_info+0x8>)
 23fea62:	f000 b8f9 	b.w	23fec58 <_ZNKSt9type_infoeqERKS_>
 23fea66:	bf00      	nop
 23fea68:	023ffe5c 	.word	0x023ffe5c

023fea6c <_ZNK10__cxxabiv117__class_type_info11__do_upcastEPKS0_PPv>:
 23fea6c:	b57f      	push	{r0, r1, r2, r3, r4, r5, r6, lr}
 23fea6e:	2400      	movs	r4, #0
 23fea70:	2310      	movs	r3, #16
 23fea72:	4615      	mov	r5, r2
 23fea74:	6812      	ldr	r2, [r2, #0]
 23fea76:	e9cd 3402 	strd	r3, r4, [sp, #8]
 23fea7a:	6803      	ldr	r3, [r0, #0]
 23fea7c:	e9cd 4400 	strd	r4, r4, [sp]
 23fea80:	699e      	ldr	r6, [r3, #24]
 23fea82:	466b      	mov	r3, sp
 23fea84:	47b0      	blx	r6
 23fea86:	f89d 3004 	ldrb.w	r3, [sp, #4]
 23fea8a:	f003 0306 	and.w	r3, r3, #6
 23fea8e:	2b06      	cmp	r3, #6
 23fea90:	bf05      	ittet	eq
 23fea92:	9b00      	ldreq	r3, [sp, #0]
 23fea94:	2001      	moveq	r0, #1
 23fea96:	4620      	movne	r0, r4
 23fea98:	602b      	streq	r3, [r5, #0]
 23fea9a:	b004      	add	sp, #16
 23fea9c:	bd70      	pop	{r4, r5, r6, pc}

023fea9e <_ZNK10__cxxabiv117__class_type_info20__do_find_public_srcEiPKvPKS0_S2_>:
 23fea9e:	9800      	ldr	r0, [sp, #0]
 23feaa0:	4290      	cmp	r0, r2
 23feaa2:	bf14      	ite	ne
 23feaa4:	2001      	movne	r0, #1
 23feaa6:	2006      	moveq	r0, #6
 23feaa8:	4770      	bx	lr
	...

023feaac <_ZN10__cxxabiv117__class_type_infoD1Ev>:
 23feaac:	4b03      	ldr	r3, [pc, #12]	; (23feabc <_ZN10__cxxabiv117__class_type_infoD1Ev+0x10>)
 23feaae:	b510      	push	{r4, lr}
 23feab0:	4604      	mov	r4, r0
 23feab2:	6003      	str	r3, [r0, #0]
 23feab4:	f000 f8cd 	bl	23fec52 <_ZNSt9type_infoD1Ev>
 23feab8:	4620      	mov	r0, r4
 23feaba:	bd10      	pop	{r4, pc}
 23feabc:	023ffe9c 	.word	0x023ffe9c

023feac0 <_ZN10__cxxabiv117__class_type_infoD0Ev>:
 23feac0:	b510      	push	{r4, lr}
 23feac2:	4604      	mov	r4, r0
 23feac4:	f7ff fff2 	bl	23feaac <_ZN10__cxxabiv117__class_type_infoD1Ev>
 23feac8:	2108      	movs	r1, #8
 23feaca:	4620      	mov	r0, r4
 23feacc:	f7fc ffb3 	bl	23fba36 <_ZdlPvj>
 23fead0:	4620      	mov	r0, r4
 23fead2:	bd10      	pop	{r4, pc}

023fead4 <_ZNK10__cxxabiv117__class_type_info12__do_dyncastEiNS0_10__sub_kindEPKS0_PKvS3_S5_RNS0_16__dyncast_resultE>:
 23fead4:	e92d 41f0 	stmdb	sp!, {r4, r5, r6, r7, r8, lr}
 23fead8:	f8dd 8018 	ldr.w	r8, [sp, #24]
 23feadc:	461f      	mov	r7, r3
 23feade:	4606      	mov	r6, r0
 23feae0:	4615      	mov	r5, r2
 23feae2:	e9dd 3408 	ldrd	r3, r4, [sp, #32]
 23feae6:	4598      	cmp	r8, r3
 23feae8:	d107      	bne.n	23feafa <_ZNK10__cxxabiv117__class_type_info12__do_dyncastEiNS0_10__sub_kindEPKS0_PKvS3_S5_RNS0_16__dyncast_resultE+0x26>
 23feaea:	9907      	ldr	r1, [sp, #28]
 23feaec:	f000 f8b4 	bl	23fec58 <_ZNKSt9type_infoeqERKS_>
 23feaf0:	b118      	cbz	r0, 23feafa <_ZNK10__cxxabiv117__class_type_info12__do_dyncastEiNS0_10__sub_kindEPKS0_PKvS3_S5_RNS0_16__dyncast_resultE+0x26>
 23feaf2:	7165      	strb	r5, [r4, #5]
 23feaf4:	2000      	movs	r0, #0
 23feaf6:	e8bd 81f0 	ldmia.w	sp!, {r4, r5, r6, r7, r8, pc}
 23feafa:	4639      	mov	r1, r7
 23feafc:	4630      	mov	r0, r6
 23feafe:	f000 f8ab 	bl	23fec58 <_ZNKSt9type_infoeqERKS_>
 23feb02:	2800      	cmp	r0, #0
 23feb04:	d0f6      	beq.n	23feaf4 <_ZNK10__cxxabiv117__class_type_info12__do_dyncastEiNS0_10__sub_kindEPKS0_PKvS3_S5_RNS0_16__dyncast_resultE+0x20>
 23feb06:	2301      	movs	r3, #1
 23feb08:	f8c4 8000 	str.w	r8, [r4]
 23feb0c:	7125      	strb	r5, [r4, #4]
 23feb0e:	71a3      	strb	r3, [r4, #6]
 23feb10:	e7f0      	b.n	23feaf4 <_ZNK10__cxxabiv117__class_type_info12__do_dyncastEiNS0_10__sub_kindEPKS0_PKvS3_S5_RNS0_16__dyncast_resultE+0x20>

023feb12 <_ZNK10__cxxabiv117__class_type_info11__do_upcastEPKS0_PKvRNS0_15__upcast_resultE>:
 23feb12:	b538      	push	{r3, r4, r5, lr}
 23feb14:	4615      	mov	r5, r2
 23feb16:	461c      	mov	r4, r3
 23feb18:	f000 f89e 	bl	23fec58 <_ZNKSt9type_infoeqERKS_>
 23feb1c:	b120      	cbz	r0, 23feb28 <_ZNK10__cxxabiv117__class_type_info11__do_upcastEPKS0_PKvRNS0_15__upcast_resultE+0x16>
 23feb1e:	2308      	movs	r3, #8
 23feb20:	6025      	str	r5, [r4, #0]
 23feb22:	60e3      	str	r3, [r4, #12]
 23feb24:	2306      	movs	r3, #6
 23feb26:	7123      	strb	r3, [r4, #4]
 23feb28:	bd38      	pop	{r3, r4, r5, pc}

023feb2a <_ZNK10__cxxabiv117__class_type_info10__do_catchEPKSt9type_infoPPvj>:
 23feb2a:	b573      	push	{r0, r1, r4, r5, r6, lr}
 23feb2c:	4605      	mov	r5, r0
 23feb2e:	460c      	mov	r4, r1
 23feb30:	461e      	mov	r6, r3
 23feb32:	9201      	str	r2, [sp, #4]
 23feb34:	f000 f890 	bl	23fec58 <_ZNKSt9type_infoeqERKS_>
 23feb38:	b950      	cbnz	r0, 23feb50 <_ZNK10__cxxabiv117__class_type_info10__do_catchEPKSt9type_infoPPvj+0x26>
 23feb3a:	2e03      	cmp	r6, #3
 23feb3c:	d808      	bhi.n	23feb50 <_ZNK10__cxxabiv117__class_type_info10__do_catchEPKSt9type_infoPPvj+0x26>
 23feb3e:	6823      	ldr	r3, [r4, #0]
 23feb40:	4629      	mov	r1, r5
 23feb42:	9a01      	ldr	r2, [sp, #4]
 23feb44:	4620      	mov	r0, r4
 23feb46:	695b      	ldr	r3, [r3, #20]
 23feb48:	b002      	add	sp, #8
 23feb4a:	e8bd 4070 	ldmia.w	sp!, {r4, r5, r6, lr}
 23feb4e:	4718      	bx	r3
 23feb50:	b002      	add	sp, #8
 23feb52:	bd70      	pop	{r4, r5, r6, pc}

023feb54 <_ZN10__cxxabiv120__si_class_type_infoD1Ev>:
 23feb54:	4b03      	ldr	r3, [pc, #12]	; (23feb64 <_ZN10__cxxabiv120__si_class_type_infoD1Ev+0x10>)
 23feb56:	b510      	push	{r4, lr}
 23feb58:	4604      	mov	r4, r0
 23feb5a:	6003      	str	r3, [r0, #0]
 23feb5c:	f7ff ffa6 	bl	23feaac <_ZN10__cxxabiv117__class_type_infoD1Ev>
 23feb60:	4620      	mov	r0, r4
 23feb62:	bd10      	pop	{r4, pc}
 23feb64:	023ffefc 	.word	0x023ffefc

023feb68 <_ZN10__cxxabiv120__si_class_type_infoD0Ev>:
 23feb68:	b510      	push	{r4, lr}
 23feb6a:	4604      	mov	r4, r0
 23feb6c:	f7ff fff2 	bl	23feb54 <_ZN10__cxxabiv120__si_class_type_infoD1Ev>
 23feb70:	210c      	movs	r1, #12
 23feb72:	4620      	mov	r0, r4
 23feb74:	f7fc ff5f 	bl	23fba36 <_ZdlPvj>
 23feb78:	4620      	mov	r0, r4
 23feb7a:	bd10      	pop	{r4, pc}

023feb7c <_ZNK10__cxxabiv120__si_class_type_info20__do_find_public_srcEiPKvPKNS_17__class_type_infoES2_>:
 23feb7c:	b5f7      	push	{r0, r1, r2, r4, r5, r6, r7, lr}
 23feb7e:	9f08      	ldr	r7, [sp, #32]
 23feb80:	4605      	mov	r5, r0
 23feb82:	460e      	mov	r6, r1
 23feb84:	4614      	mov	r4, r2
 23feb86:	4297      	cmp	r7, r2
 23feb88:	d00a      	beq.n	23feba0 <_ZNK10__cxxabiv120__si_class_type_info20__do_find_public_srcEiPKvPKNS_17__class_type_infoES2_+0x24>
 23feb8a:	68a8      	ldr	r0, [r5, #8]
 23feb8c:	4631      	mov	r1, r6
 23feb8e:	6802      	ldr	r2, [r0, #0]
 23feb90:	9708      	str	r7, [sp, #32]
 23feb92:	6a15      	ldr	r5, [r2, #32]
 23feb94:	4622      	mov	r2, r4
 23feb96:	46ac      	mov	ip, r5
 23feb98:	b003      	add	sp, #12
 23feb9a:	e8bd 40f0 	ldmia.w	sp!, {r4, r5, r6, r7, lr}
 23feb9e:	4760      	bx	ip
 23feba0:	4619      	mov	r1, r3
 23feba2:	9301      	str	r3, [sp, #4]
 23feba4:	f000 f858 	bl	23fec58 <_ZNKSt9type_infoeqERKS_>
 23feba8:	9b01      	ldr	r3, [sp, #4]
 23febaa:	2800      	cmp	r0, #0
 23febac:	d0ed      	beq.n	23feb8a <_ZNK10__cxxabiv120__si_class_type_info20__do_find_public_srcEiPKvPKNS_17__class_type_infoES2_+0xe>
 23febae:	2006      	movs	r0, #6
 23febb0:	b003      	add	sp, #12
 23febb2:	bdf0      	pop	{r4, r5, r6, r7, pc}

023febb4 <_ZNK10__cxxabiv120__si_class_type_info12__do_dyncastEiNS_17__class_type_info10__sub_kindEPKS1_PKvS4_S6_RNS1_16__dyncast_resultE>:
 23febb4:	e92d 4ff1 	stmdb	sp!, {r0, r4, r5, r6, r7, r8, r9, sl, fp, lr}
 23febb8:	460d      	mov	r5, r1
 23febba:	4619      	mov	r1, r3
 23febbc:	4681      	mov	r9, r0
 23febbe:	4617      	mov	r7, r2
 23febc0:	4698      	mov	r8, r3
 23febc2:	e9dd 4b0a 	ldrd	r4, fp, [sp, #40]	; 0x28
 23febc6:	e9dd a60c 	ldrd	sl, r6, [sp, #48]	; 0x30
 23febca:	f000 f845 	bl	23fec58 <_ZNKSt9type_infoeqERKS_>
 23febce:	b190      	cbz	r0, 23febf6 <_ZNK10__cxxabiv120__si_class_type_info12__do_dyncastEiNS_17__class_type_info10__sub_kindEPKS1_PKvS4_S6_RNS1_16__dyncast_resultE+0x42>
 23febd0:	2d00      	cmp	r5, #0
 23febd2:	6034      	str	r4, [r6, #0]
 23febd4:	7137      	strb	r7, [r6, #4]
 23febd6:	db09      	blt.n	23febec <_ZNK10__cxxabiv120__si_class_type_info12__do_dyncastEiNS_17__class_type_info10__sub_kindEPKS1_PKvS4_S6_RNS1_16__dyncast_resultE+0x38>
 23febd8:	1961      	adds	r1, r4, r5
 23febda:	458a      	cmp	sl, r1
 23febdc:	bf0c      	ite	eq
 23febde:	2106      	moveq	r1, #6
 23febe0:	2101      	movne	r1, #1
 23febe2:	71b1      	strb	r1, [r6, #6]
 23febe4:	2000      	movs	r0, #0
 23febe6:	b001      	add	sp, #4
 23febe8:	e8bd 8ff0 	ldmia.w	sp!, {r4, r5, r6, r7, r8, r9, sl, fp, pc}
 23febec:	3502      	adds	r5, #2
 23febee:	d1f9      	bne.n	23febe4 <_ZNK10__cxxabiv120__si_class_type_info12__do_dyncastEiNS_17__class_type_info10__sub_kindEPKS1_PKvS4_S6_RNS1_16__dyncast_resultE+0x30>
 23febf0:	2301      	movs	r3, #1
 23febf2:	71b3      	strb	r3, [r6, #6]
 23febf4:	e7f6      	b.n	23febe4 <_ZNK10__cxxabiv120__si_class_type_info12__do_dyncastEiNS_17__class_type_info10__sub_kindEPKS1_PKvS4_S6_RNS1_16__dyncast_resultE+0x30>
 23febf6:	4554      	cmp	r4, sl
 23febf8:	d106      	bne.n	23fec08 <_ZNK10__cxxabiv120__si_class_type_info12__do_dyncastEiNS_17__class_type_info10__sub_kindEPKS1_PKvS4_S6_RNS1_16__dyncast_resultE+0x54>
 23febfa:	4659      	mov	r1, fp
 23febfc:	4648      	mov	r0, r9
 23febfe:	f000 f82b 	bl	23fec58 <_ZNKSt9type_infoeqERKS_>
 23fec02:	b108      	cbz	r0, 23fec08 <_ZNK10__cxxabiv120__si_class_type_info12__do_dyncastEiNS_17__class_type_info10__sub_kindEPKS1_PKvS4_S6_RNS1_16__dyncast_resultE+0x54>
 23fec04:	7177      	strb	r7, [r6, #5]
 23fec06:	e7ed      	b.n	23febe4 <_ZNK10__cxxabiv120__si_class_type_info12__do_dyncastEiNS_17__class_type_info10__sub_kindEPKS1_PKvS4_S6_RNS1_16__dyncast_resultE+0x30>
 23fec08:	f8d9 0008 	ldr.w	r0, [r9, #8]
 23fec0c:	463a      	mov	r2, r7
 23fec0e:	4629      	mov	r1, r5
 23fec10:	6803      	ldr	r3, [r0, #0]
 23fec12:	e9cd a60c 	strd	sl, r6, [sp, #48]	; 0x30
 23fec16:	e9cd 4b0a 	strd	r4, fp, [sp, #40]	; 0x28
 23fec1a:	69dc      	ldr	r4, [r3, #28]
 23fec1c:	4643      	mov	r3, r8
 23fec1e:	46a4      	mov	ip, r4
 23fec20:	b001      	add	sp, #4
 23fec22:	e8bd 4ff0 	ldmia.w	sp!, {r4, r5, r6, r7, r8, r9, sl, fp, lr}
 23fec26:	4760      	bx	ip

023fec28 <_ZNK10__cxxabiv120__si_class_type_info11__do_upcastEPKNS_17__class_type_infoEPKvRNS1_15__upcast_resultE>:
 23fec28:	e92d 41f0 	stmdb	sp!, {r4, r5, r6, r7, r8, lr}
 23fec2c:	4607      	mov	r7, r0
 23fec2e:	460c      	mov	r4, r1
 23fec30:	4615      	mov	r5, r2
 23fec32:	461e      	mov	r6, r3
 23fec34:	f7ff ff6d 	bl	23feb12 <_ZNK10__cxxabiv117__class_type_info11__do_upcastEPKS0_PKvRNS0_15__upcast_resultE>
 23fec38:	b948      	cbnz	r0, 23fec4e <_ZNK10__cxxabiv120__si_class_type_info11__do_upcastEPKNS_17__class_type_infoEPKvRNS1_15__upcast_resultE+0x26>
 23fec3a:	68b8      	ldr	r0, [r7, #8]
 23fec3c:	462a      	mov	r2, r5
 23fec3e:	4621      	mov	r1, r4
 23fec40:	6803      	ldr	r3, [r0, #0]
 23fec42:	699f      	ldr	r7, [r3, #24]
 23fec44:	4633      	mov	r3, r6
 23fec46:	46bc      	mov	ip, r7
 23fec48:	e8bd 41f0 	ldmia.w	sp!, {r4, r5, r6, r7, r8, lr}
 23fec4c:	4760      	bx	ip
 23fec4e:	e8bd 81f0 	ldmia.w	sp!, {r4, r5, r6, r7, r8, pc}

023fec52 <_ZNSt9type_infoD1Ev>:
 23fec52:	4770      	bx	lr

023fec54 <_ZNKSt9type_info14__is_pointer_pEv>:
 23fec54:	2000      	movs	r0, #0
 23fec56:	4770      	bx	lr

023fec58 <_ZNKSt9type_infoeqERKS_>:
 23fec58:	4281      	cmp	r1, r0
 23fec5a:	b508      	push	{r3, lr}
 23fec5c:	d00e      	beq.n	23fec7c <_ZNKSt9type_infoeqERKS_+0x24>
 23fec5e:	6840      	ldr	r0, [r0, #4]
 23fec60:	7803      	ldrb	r3, [r0, #0]
 23fec62:	2b2a      	cmp	r3, #42	; 0x2a
 23fec64:	d00c      	beq.n	23fec80 <_ZNKSt9type_infoeqERKS_+0x28>
 23fec66:	6849      	ldr	r1, [r1, #4]
 23fec68:	780b      	ldrb	r3, [r1, #0]
 23fec6a:	2b2a      	cmp	r3, #42	; 0x2a
 23fec6c:	bf08      	it	eq
 23fec6e:	3101      	addeq	r1, #1
 23fec70:	f7fc feae 	bl	23fb9d0 <strcmp>
 23fec74:	fab0 f080 	clz	r0, r0
 23fec78:	0940      	lsrs	r0, r0, #5
 23fec7a:	bd08      	pop	{r3, pc}
 23fec7c:	2001      	movs	r0, #1
 23fec7e:	e7fc      	b.n	23fec7a <_ZNKSt9type_infoeqERKS_+0x22>
 23fec80:	2000      	movs	r0, #0
 23fec82:	e7fa      	b.n	23fec7a <_ZNKSt9type_infoeqERKS_+0x22>

023fec84 <atexit>:
 23fec84:	2300      	movs	r3, #0
 23fec86:	4601      	mov	r1, r0
 23fec88:	461a      	mov	r2, r3
 23fec8a:	4618      	mov	r0, r3
 23fec8c:	f7fc beee 	b.w	23fba6c <__register_exitproc>

023fec90 <memcpy>:
 23fec90:	440a      	add	r2, r1
 23fec92:	1e43      	subs	r3, r0, #1
 23fec94:	4291      	cmp	r1, r2
 23fec96:	d100      	bne.n	23fec9a <memcpy+0xa>
 23fec98:	4770      	bx	lr
 23fec9a:	b510      	push	{r4, lr}
 23fec9c:	f811 4b01 	ldrb.w	r4, [r1], #1
 23feca0:	4291      	cmp	r1, r2
 23feca2:	f803 4f01 	strb.w	r4, [r3, #1]!
 23feca6:	d1f9      	bne.n	23fec9c <memcpy+0xc>
 23feca8:	bd10      	pop	{r4, pc}

023fecaa <memset>:
 23fecaa:	4402      	add	r2, r0
 23fecac:	4603      	mov	r3, r0
 23fecae:	4293      	cmp	r3, r2
 23fecb0:	d100      	bne.n	23fecb4 <memset+0xa>
 23fecb2:	4770      	bx	lr
 23fecb4:	f803 1b01 	strb.w	r1, [r3], #1
 23fecb8:	e7f9      	b.n	23fecae <memset+0x4>
	...

023fecbc <srand>:
 23fecbc:	b538      	push	{r3, r4, r5, lr}
 23fecbe:	4b10      	ldr	r3, [pc, #64]	; (23fed00 <srand+0x44>)
 23fecc0:	4604      	mov	r4, r0
 23fecc2:	681d      	ldr	r5, [r3, #0]
 23fecc4:	6bab      	ldr	r3, [r5, #56]	; 0x38
 23fecc6:	b9b3      	cbnz	r3, 23fecf6 <srand+0x3a>
 23fecc8:	2018      	movs	r0, #24
 23fecca:	f7fe fc41 	bl	23fd550 <malloc>
 23fecce:	4602      	mov	r2, r0
 23fecd0:	63a8      	str	r0, [r5, #56]	; 0x38
 23fecd2:	b920      	cbnz	r0, 23fecde <srand+0x22>
 23fecd4:	4b0b      	ldr	r3, [pc, #44]	; (23fed04 <srand+0x48>)
 23fecd6:	2142      	movs	r1, #66	; 0x42
 23fecd8:	480b      	ldr	r0, [pc, #44]	; (23fed08 <srand+0x4c>)
 23fecda:	f7fe fc7f 	bl	23fd5dc <__assert_func>
 23fecde:	490b      	ldr	r1, [pc, #44]	; (23fed0c <srand+0x50>)
 23fece0:	4b0b      	ldr	r3, [pc, #44]	; (23fed10 <srand+0x54>)
 23fece2:	e9c0 1300 	strd	r1, r3, [r0]
 23fece6:	4b0b      	ldr	r3, [pc, #44]	; (23fed14 <srand+0x58>)
 23fece8:	2100      	movs	r1, #0
 23fecea:	6083      	str	r3, [r0, #8]
 23fecec:	230b      	movs	r3, #11
 23fecee:	8183      	strh	r3, [r0, #12]
 23fecf0:	2001      	movs	r0, #1
 23fecf2:	e9c2 0104 	strd	r0, r1, [r2, #16]
 23fecf6:	6bab      	ldr	r3, [r5, #56]	; 0x38
 23fecf8:	2200      	movs	r2, #0
 23fecfa:	611c      	str	r4, [r3, #16]
 23fecfc:	615a      	str	r2, [r3, #20]
 23fecfe:	bd38      	pop	{r3, r4, r5, pc}
 23fed00:	1007adb0 	.word	0x1007adb0
 23fed04:	023fff35 	.word	0x023fff35
 23fed08:	023fff4c 	.word	0x023fff4c
 23fed0c:	abcd330e 	.word	0xabcd330e
 23fed10:	e66d1234 	.word	0xe66d1234
 23fed14:	0005deec 	.word	0x0005deec

023fed18 <dynalib_user>:
 23fed18:	023fb9f5 023fba1d 023fba21 00000000     ..?...?.!.?.....
 23fed28:	6c6c6143 206e6f20 65727570 72697620     Call on pure vir
 23fed38:	6c617574 206f4e00 6e616843 2d206567     tual.No Change -
 23fed48:	6e614320 6c6c6563 20676e69 0a444d43      Cancelling CMD.
 23fed58:	6f227b00 743a226e 2c657572 74617322     .{"on":true,"sat
 23fed68:	2c003a22 69726222 2c003a22 65756822     ":.,"bri":.,"hue
 23fed78:	7b003a22 226e6f22 6c61663a 007d6573     ":.{"on":false}.
 23fed88:	646e6553 20676e69 6d6d6f43 20646e61     Sending Command 
 23fed98:	48206f74 203a6575 000a7325 20545550     to Hue: %s..PUT 
 23feda8:	6970612f 6c2f002f 74686769 2f002f73     /api/./lights/./
 23fedb8:	74617473 54482065 312f5054 6b00312e     state HTTP/1.1.k
 23fedc8:	2d706565 76696c61 6f480065 203a7473     eep-alive.Host: 
 23fedd8:	6e6f4300 746e6574 6e654c2d 3a687467     .Content-Length:
 23fede8:	6f430020 6e65746e 79542d74 203a6570      .Content-Type: 
 23fedf8:	74786574 616c702f 633b6e69 73726168     text/plain;chars
 23fee08:	553d7465 382d4654 61657200 676e6964     et=UTF-8.reading
 23fee18:	0a692520 4d495400 4f542045 204f4700      %i..TIME TO.GO 
 23fee28:	54544f50 00212159 444f4f47 424f4a20     POTTY!!.GOOD JOB
 23fee38:	41595700 21215454 00692500              .WYATT!!.%i.

023fee44 <_ZL4open>:
	...
 23feeb8:	0f000000 000000f0 00000000 00000000     ................
 23feec8:	7f000000 000000fe 00000000 00000000     ................
 23feed8:	ff010000 000080ff 00000000 00000000     ................
 23feee8:	f8030000 0000c01f 00000000 00000000     ................
 23feef8:	c0070000 0000e003 00000000 00000000     ................
 23fef08:	800f0000 0000f001 00000000 00000000     ................
 23fef18:	001e0000 00007800 00000000 00000000     .....x..........
 23fef28:	003c0000 00003c00 00000000 00000000     ..<..<..........
 23fef38:	00780000 00001e00 00000000 00000000     ..x.............
 23fef48:	00700000 00001e00 00000000 00000000     ..p.............
 23fef58:	00f00000 00000f00 00000000 00000000     ................
 23fef68:	00e00000 00000700 00000000 00000000     ................
 23fef78:	00e00100 00800700 00000000 00000000     ................
 23fef88:	00c00100 00800300 00000000 00000000     ................
 23fef98:	00c00300 00c00300 00000000 00000000     ................
 23fefa8:	00800300 00c00100 00000000 00000000     ................
 23fefb8:	00800300 00c00100 00000000 00000000     ................
 23fefc8:	00800700 00e00100 00000000 00000000     ................
 23fefd8:	00000700 00e00000 00000000 00000000     ................
 23fefe8:	00000700 00e00000 00000000 00000000     ................
 23feff8:	00000700 00e00000 00000000 00000000     ................
 23ff008:	00000f00 00f00000 00000000 00000000     ................
 23ff018:	00000e00 00f00000 00000000 00000000     ................
 23ff028:	00000e00 00700000 00000000 00000000     ......p.........
 23ff038:	00000e00 00700000 00000000 00000000     ......p.........
 23ff048:	00000e00 00700000 00000000 00000000     ......p.........
 23ff058:	00000e00 00700000 00000000 00000000     ......p.........
 23ff068:	00000e00 00700000 00000000 00000000     ......p.........
 23ff078:	07000e00 007000e0 00000000 00000000     ......p.........
 23ff088:	1f000e00 007000f8 00000000 00000000     ......p.........
 23ff098:	7f000e00 00f000fc 00000000 00000000     ................
 23ff0a8:	7f000f00 00e000fe 00000000 00000000     ................
 23ff0b8:	ff000700 00e000ff 00000000 00000000     ................
 23ff0c8:	ff010700 00e080ff 00000000 00000000     ................
 23ff0d8:	ff010700 00e080ff 00000000 00000000     ................
 23ff0e8:	ff830700 00e0c1ff 00000000 00000000     ................
 23ff0f8:	ff830300 00c0c1ff 00000000 00000000     ................
 23ff108:	ff830300 00c0c1ff 00000000 00000000     ................
 23ff118:	ffc30300 00c0c3ff 00000000 00000000     ................
 23ff128:	ffc30100 0080c3ff 00000000 00000000     ................
 23ff138:	ffe30100 0080c7ff 00000000 00000000     ................
 23ff148:	ffe30000 0000c7ff 00000000 00000000     ................
 23ff158:	fff30000 0000cfff 00000000 00000000     ................
 23ff168:	ff790000 00009eff 00000000 00000000     ..y.............
 23ff178:	ff790000 00009eff 00000000 00000000     ..y.............
 23ff188:	fe3c0000 00003c7f 00000000 00000000     ..<..<..........
 23ff198:	fc1e0000 0000f83f 00000000 00000000     ....?...........
 23ff1a8:	f80f0000 0000f01f 00000000 00000000     ................
 23ff1b8:	f8070000 0000e01f 00000000 00000000     ................
 23ff1c8:	fc030000 0000c03f 00000000 00000000     ....?...........
 23ff1d8:	ff000000 000000ff 00000000 00000000     ................
 23ff1e8:	3f000000 000000fc 00000000 00000000     ...?............
 23ff1f8:	0f000000 000000f0 00000000 00000000     ................
	...

023ff244 <_ZL6closed>:
	...
 23ff354:	18000000 00000000 00000000 00000030     ............0...
 23ff364:	3c000000 00000000 00000000 00000078     ...<........x...
 23ff374:	3e000000 00000000 00000000 000000f8     ...>............
 23ff384:	3f000000 00000000 01000000 000000f0     ...?............
 23ff394:	1f000000 00000080 03000000 000000e0     ................
 23ff3a4:	0f000000 000000c0 07000000 000000e0     ................
 23ff3b4:	07000000 000000e0 0f000000 000000c0     ................
 23ff3c4:	0f000000 000000f0 1f000000 00000080     ................
 23ff3d4:	1f000000 000000f8 7f000000 00000080     ................
 23ff3e4:	3f000000 000000fc ff000000 000000c0     ...?............
 23ff3f4:	7f000000 0000007f ff010000 000000e0     ................
 23ff404:	fc000000 0000801f f3030000 000000f0     ................
 23ff414:	f8010000 0000e00f e10f0000 000000f8     ................
 23ff424:	f0030000 0000f007 c01f0000 000000fc     ................
 23ff434:	e0030000 0000fc07 007f0000 0000007f     ................
 23ff444:	c0070000 0000ff0f 00ff0100 0000003f     ............?...
 23ff454:	80070000 00c0ff0f 00ff0700 0000801f     ................
 23ff464:	00010000 00f09f1f 80ff3f00 0000800f     .........?......
 23ff474:	00000000 00fe071f 80cfff01 00000007     ................
 23ff484:	00000000 f8ff013e c007ff3f 00000000     ....>...?.......
 23ff494:	00000000 ffff003e e007fcff 00000000     ....>...........
 23ff4a4:	00000000 ffff007c e003fcff 00000000     ....|...........
 23ff4b4:	00000000 fff100fc f0013cff 00000000     .........<......
 23ff4c4:	00000000 07f000f8 f0013cc0 00000000     .........<......
 23ff4d4:	01000000 07f000f0 f8003c80 00000000     .........<......
 23ff4e4:	01000000 07f001f0 fc003c80 00000000     .........<......
 23ff4f4:	00000000 07e001e0 7c001e80 00000000     ...........|....
 23ff504:	00000000 07e00100 7c001e80 00000000     ...........|....
 23ff514:	00000000 07e00100 38001e80 00000000     ...........8....
 23ff524:	00000000 07e00100 00001e80 00000000     ................
 23ff534:	00000000 07e00100 00001e80 00000000     ................
 23ff544:	00000000 07c00300 00000f80 00000000     ................
 23ff554:	00000000 07c00300 00000f80 00000000     ................
 23ff564:	00000000 07c00300 00000f80 00000000     ................
 23ff574:	00000000 07800000 00000f80 00000000     ................
 23ff584:	00000000 07000000 00000680 00000000     ................
 23ff594:	00000000 07000000 00000080 00000000     ................
 23ff5a4:	00000000 07000000 00000080 00000000     ................
 23ff5b4:	00000000 03000000 00000080 00000000     ................
	...
 23ff644:	2f495053 31495053 746e6920 61667265     SPI/SPI1 interfa
 23ff654:	6e206563 6420746f 6e696665 00216465     ce not defined!.
 23ff664:	65786950 7974206c 6e206570 7320746f     Pixel type not s
 23ff674:	6f707075 64657472 00000021 20746f4e     upported!...Not 
 23ff684:	756f6e65 6d206867 726f6d65 76612079     enough memory av
 23ff694:	616c6961 21656c62 00000000              ailable!....

023ff6a0 <_ZTV16Adafruit_SSD1306>:
	...
 23ff6a8:	023fc57d 023fc60d 023fcb91 023fd8ad     }.?...?...?...?.
 23ff6b8:	023fc581 023fc815 023fc405 023fc291     ..?...?...?...?.
 23ff6c8:	023fc8d3 023fc971 023fc9a7 023fc9c3     ..?.q.?...?...?.

023ff6d8 <_ZL4font>:
 23ff6d8:	00000000 4f5b3e00 6b3e3e5b 1c3e6b4f     .....>[O[>>kOk>.
 23ff6e8:	1c3e7c3e 3c7e3c18 7d571c18 5e1c1c57     >|>..<~<..W}W..^
 23ff6f8:	001c5e7f 00183c18 e7c3e7ff 241800ff     .^...<.........$
 23ff708:	e7ff0018 30ffe7db 0e063a48 29792926     .......0H:..&)y)
 23ff718:	057f4026 7f400705 5a3f2505 5a3ce73c     &@....@..%?Z<.<Z
 23ff728:	1c1c3e7f 1c1c0808 22147f3e 5f14227f     .>......>.."."._
 23ff738:	5f5f005f 017f0906 8966007f 60606a95     _.__......f..j``
 23ff748:	94606060 94a2ffa2 047e0408 7e201008     ```.......~... ~
 23ff758:	08081020 08081c2a 08082a1c 1010101e      ...*....*......
 23ff768:	0c1e0c10 38300c1e 0630383e 060e3e0e     ......08>80..>..
 23ff778:	00000000 5f000000 07000000 14000700     ......._........
 23ff788:	147f147f 2a7f2a24 08132312 49366264     ....$*.*.#..db6I
 23ff798:	00502056 00030708 41221c00 22410000     V P......."A..A"
 23ff7a8:	1c2a001c 082a1c7f 08083e08 30708000     ..*...*..>....p0
 23ff7b8:	08080800 00000808 20006060 02040810     ........``. ....
 23ff7c8:	4549513e 7f42003e 49720040 21464949     >QIE>.B.@.rIIIF!
 23ff7d8:	334d4941 7f121418 45452710 4a3c3945     AIM3.....'EEE9<J
 23ff7e8:	41314949 07091121 49494936 49494636     II1A!...6III6FII
 23ff7f8:	00001e29 00000014 00003440 22140800     ).......@4....."
 23ff808:	14141441 41001414 02081422 06095901     A......A"....Y..
 23ff818:	595d413e 11127c4e 497f7c12 3e364949     >A]YN|...|.III6>
 23ff828:	22414141 4141417f 49497f3e 097f4149     AAA".AAA>.IIIA..
 23ff838:	3e010909 73514141 0808087f 7f41007f     ...>AAQs......A.
 23ff848:	40200041 7f013f41 41221408 4040407f     A. @A?...."A.@@@
 23ff858:	1c027f40 047f7f02 3e7f1008 3e414141     @..........>AAA>
 23ff868:	0909097f 51413e06 097f5e21 26462919     .....>AQ!^...)F&
 23ff878:	32494949 017f0103 40403f03 201f3f40     III2.....?@@@?. 
 23ff888:	3f1f2040 3f403840 14081463 78040363     @ .?@8@?c...c..x
 23ff898:	59610304 00434d49 4141417f 10080402     ..aYIMC..AAA....
 23ff8a8:	41410020 02047f41 40040201 40404040      .AAA......@@@@@
 23ff8b8:	08070300 54542000 287f4078 38384444     ..... TTx@.(DD88
 23ff8c8:	28444444 28444438 5454387f 08001854     DDD(8DD(.8TTT...
 23ff8d8:	1802097e 789ca4a4 0404087f 7d440078     ~......x....x.D}
 23ff8e8:	40200040 7f003d40 00442810 407f4100     @. @@=...(D..A.@
 23ff8f8:	78047c00 087c7804 38780404 38444444     .|.x.x|...x8DDD8
 23ff908:	242418fc 24241818 087cfc18 48080404     ..$$..$$..|....H
 23ff918:	24545454 443f0404 40403c24 201c7c20     TTT$..?D$<@@ |. 
 23ff928:	3c1c2040 3c403040 28102844 90904c44     @ .<@0@<D(.(DL..
 23ff938:	64447c90 00444c54 00413608 00770000     .|DdTLD..6A...w.
 23ff948:	36410000 01020008 3c020402 3c262326     ..A6.......<&#&<
 23ff958:	61a1a11e 40403a12 54387a20 21595554     ...a.:@@ z8TTUY!
 23ff968:	41795555 78545421 54552141 54204078     UUyA!TTxA!UTx@ T
 23ff978:	0c407955 1272521e 55555539 54543959     Uy@..Rr.9UUUY9TT
 23ff988:	55395954 00585454 417c4500 7d450200     TY9UTTX..E|A..E}
 23ff998:	45010042 29f0407c f0f02924 f0282528     B..E|@.)$)..(%(.
 23ff9a8:	4555547c 54542000 0a7c547c 32497f09     |TUE. TT|T|...I2
 23ff9b8:	32494949 48484832 484a3232 413a3048     III22HHH22JHH0:A
 23ff9c8:	3a7a2141 78204042 a0a09d00 4444397d     A!z:B@ x....}9DD
 23ff9d8:	403d3944 3c3d4040 2424ff24 43497e48     D9=@@@=<$.$$H~IC
 23ff9e8:	fc2f2b66 09ff2b2f c020f629 03097e88     f+/./+..). ..~..
 23ff9f8:	79545420 44000041 4830417d 38324a48      TTyA..D}A0HHJ28
 23ffa08:	7a224040 0a0a7a00 190d7d72 29267d31     @@"z.z..r}..1}&)
 23ffa18:	26282f29 26292929 404d4830 08083820     )/(&)))&0HM@ 8..
 23ffa28:	08080808 2f380808 baacc810 3428102f     ......8/..../.(4
 23ffa38:	7b0000fa 14080000 2222142a 08142a14     ...{....*."".*..
 23ffa48:	005500aa aa55aaaa 0000aa55 1000ff00     ..U...U.U.......
 23ffa58:	00ff1010 ff141414 ff101000 1010ff00     ................
 23ffa68:	14f010f0 00fc1414 00f71414 ff0000ff     ................
 23ffa78:	1414ff00 14fc04f4 1f101714 101f1010     ................
 23ffa88:	1414141f 1010001f 0000f010 101f0000     ................
 23ffa98:	1f101010 10101010 000010f0 1010ff00     ................
 23ffaa8:	10101010 ff101010 00000010 000014ff     ................
 23ffab8:	00ff00ff 17101f00 04fc0000 171414f4     ................
 23ffac8:	14141710 00f404f4 f700ff00 14141414     ................
 23ffad8:	f7141414 1414f700 10141714 1f101f10     ................
 23ffae8:	f4141414 f0101014 0000f010 001f101f     ................
 23ffaf8:	141f0000 fc000000 f0000014 1010f010     ................
 23ffb08:	14ff10ff 14ff1414 1f101010 00000000     ................
 23ffb18:	ffff10f0 f0ffffff f0f0f0f0 00ffffff     ................
 23ffb28:	00000000 0f0fffff 380f0f0f 44384444     ...........8DD8D
 23ffb38:	3e2a2a7c 02027e14 7e020606 63027e02     |**>.~.....~.~.c
 23ffb48:	63414955 3c444438 207e4004 0206201e     UIAc8DD<.@~ . ..
 23ffb58:	9902027e 99a5e7a5 2a492a1c 01724c1c     ~........*I*.Lr.
 23ffb68:	4a304c72 30304d4d 30487848 465a62bc     rL0JMM00HxH0.bZF
 23ffb78:	49493e3d 017e0049 2a7e0101 2a2a2a2a     =>III.~...~*****
 23ffb88:	445f4444 4a514044 44404044 0040514a     DD_DD@QJD@@DJQ@.
 23ffb98:	0301ff00 00ff80e0 6b080800 1236086b     ...........kk.6.
 23ffba8:	06362436 060f090f 18180000 10000000     6$6.............
 23ffbb8:	40300010 000101ff 1e01011f 171d1900     ..0@............
 23ffbc8:	3c3c0012 00003c3c 00000000              ..<<<<......

023ffbd4 <_ZTV12Adafruit_GFX>:
	...
 23ffbe4:	023fcb91 023fd8ad 023fba3d 023fc815     ..?...?.=.?...?.
 23ffbf4:	023fc93b 023fc957 023fc8d3 023fc971     ;.?.W.?...?.q.?.
 23ffc04:	023fc9a7 023fc9c3                       ..?...?.

023ffc0c <_ZTVN5spark13EthernetClassE>:
	...
 23ffc14:	023fd6ab 023fd6a1 023fd697 023fd68d     ..?...?...?...?.
 23ffc24:	023fd681 023fd675 023fe581 023fe589     ..?.u.?...?...?.
 23ffc34:	023fd669 023fd661 023fd657 023fd64d     i.?.a.?.W.?.M.?.
 23ffc44:	023fe6d5 023fe5b9 023fe5c1              ..?...?...?.

023ffc50 <_ZN12_GLOBAL__N_1L14clock_divisorsE>:
 23ffc50:	18100800 38302820                       .... (08

023ffc58 <_ZZNSt19_Sp_make_shared_tag5_S_tiEvE5__tag>:
	...
 23ffc60:	00707061 252d5925 64252d6d 3a482554     app.%Y-%m-%dT%H:
 23ffc70:	253a4d25 007a2553 74637361 00656d69     %M:%S%z.asctime.

023ffc80 <_ZTV9IPAddress>:
	...
 23ffc88:	023fdba5 023fdb95 023fdb97              ..?...?...?.

023ffc94 <_ZTV9USBSerial>:
	...
 23ffc9c:	023fdcb7 023fdd1f 023fdcf5 023fd8ad     ..?...?...?...?.
 23ffcac:	023fdce7 023fdcb9 023fdcc9 023fdd19     ..?...?...?...?.
 23ffcbc:	023fd9e3 023fdcd9 023fdcb1              ..?...?...?.

023ffcc8 <_ZTV11USARTSerial>:
	...
 23ffcd0:	023fddbd 023fde29 023fde01 023fd8ad     ..?.).?...?...?.
 23ffce0:	023fddd1 023fdded 023fdddf 023fddfb     ..?...?...?...?.
 23ffcf0:	023fd9e3 023fddbf 023fddc3              ..?...?...?.

023ffcfc <_ZTV7TwoWire>:
	...
 23ffd04:	023fde67 023fdeb1 023fde89 023fde69     g.?...?...?.i.?.
 23ffd14:	023fde91 023fde99 023fdea1 023fdea9     ..?...?...?...?.
 23ffd24:	023fd9e3 69726977 7200676e 20766365     ..?.wiring.recv 
 23ffd34:	6f727265 203d2072 00006425              error = %d..

023ffd40 <_ZTVSt23_Sp_counted_ptr_inplaceIN9TCPClient4DataESaIS1_ELN9__gnu_cxx12_Lock_policyE0EE>:
	...
 23ffd48:	023fdfb9 023fdfdd 023fe4bf 023fdfeb     ..?...?...?...?.
 23ffd58:	023fdfbd                                ..?.

023ffd5c <_ZTV9TCPClient>:
	...
 23ffd64:	023fba8d 023fbac1 023fdf35 023fdf4f     ..?...?.5.?.O.?.
 23ffd74:	023fe355 023fdf79 023fe1d3 023fdfad     U.?.y.?...?...?.
 23ffd84:	023fd9e3 023fe265 023fe0a5 023fe201     ..?.e.?...?...?.
 23ffd94:	023fe409 023fe1a1 023fdfaf 023fdf61     ..?...?...?.a.?.
 23ffda4:	023fdff1 023fe085                       ..?...?.

023ffdac <_ZTVN5spark9WiFiClassE>:
	...
 23ffdb4:	023fe523 023fe519 023fe50f 023fe4c5     #.?...?...?...?.
 23ffdc4:	023fe503 023fe4f7 023fe581 023fe589     ..?...?...?...?.
 23ffdd4:	023fe4eb 023fe4e3 023fe4d9 023fe4cf     ..?...?...?...?.
 23ffde4:	023fe6d5 023fe5b9 023fe5c1              ..?...?...?.

023ffdf0 <CSWTCH.165>:
 23ffdf0:	1007af14 1007af88 1007af90              ............

023ffdfc <_ZTVN5spark12NetworkClassE>:
	...
 23ffe04:	023fe541 023fe54b 023fe555 023fe55f     A.?.K.?.U.?._.?.
 23ffe14:	023fe569 023fe575 023fe581 023fe589     i.?.u.?...?...?.
 23ffe24:	023fe591 023fe59d 023fe5a5 023fe5af     ..?...?...?...?.
 23ffe34:	023fe6d5 023fe5b9 023fe5c1              ..?...?...?.

023ffe40 <_ZSt7nothrow>:
	...

023ffe41 <_ZTSSt19_Sp_make_shared_tag>:
 23ffe41:	39317453 5f70535f 656b616d 6168735f     St19_Sp_make_sha
 23ffe51:	5f646572 00676174                        red_tag....

023ffe5c <_ZTISt19_Sp_make_shared_tag>:
 23ffe5c:	023ffe9c 023ffe41                       ..?.A.?.

023ffe64 <_ZTIN10__cxxabiv117__class_type_infoE>:
 23ffe64:	023ffefc 023ffe70 023fff20              ..?.p.?. .?.

023ffe70 <_ZTSN10__cxxabiv117__class_type_infoE>:
 23ffe70:	5f30314e 7878635f 76696261 5f373131     N10__cxxabiv117_
 23ffe80:	616c635f 745f7373 5f657079 6f666e69     _class_type_info
 23ffe90:	00000045                                E...

023ffe94 <_ZTVN10__cxxabiv117__class_type_infoE>:
 23ffe94:	00000000 023ffe64 023feaad 023feac1     ....d.?...?...?.
 23ffea4:	023fec55 023fec55 023feb2b 023fea6d     U.?.U.?.+.?.m.?.
 23ffeb4:	023feb13 023fead5 023fea9f              ..?...?...?.

023ffec0 <_ZTIN10__cxxabiv120__si_class_type_infoE>:
 23ffec0:	023ffefc 023ffecc 023ffe64              ..?...?.d.?.

023ffecc <_ZTSN10__cxxabiv120__si_class_type_infoE>:
 23ffecc:	5f30314e 7878635f 76696261 5f303231     N10__cxxabiv120_
 23ffedc:	5f69735f 73616c63 79745f73 695f6570     _si_class_type_i
 23ffeec:	456f666e 00000000                       nfoE....

023ffef4 <_ZTVN10__cxxabiv120__si_class_type_infoE>:
 23ffef4:	00000000 023ffec0 023feb55 023feb69     ......?.U.?.i.?.
 23fff04:	023fec55 023fec55 023feb2b 023fea6d     U.?.U.?.+.?.m.?.
 23fff14:	023fec29 023febb5 023feb7d              ).?...?.}.?.

023fff20 <_ZTISt9type_info>:
 23fff20:	023ffe9c 023fff28                       ..?.(.?.

023fff28 <_ZTSSt9type_info>:
 23fff28:	74397453 5f657079 6f666e69 45455200     St9type_info.REE
 23fff38:	6d20544e 6f6c6c61 75732063 65656363     NT malloc succee
 23fff48:	00646564 746e6d2f 726f772f 6170736b     ded./mnt/workspa
 23fff58:	772f6563 736b726f 65636170 4343472f     ce/workspace/GCC
 23fff68:	2d30312d 65706970 656e696c 6e656a2f     -10-pipeline/jen
 23fff78:	736e696b 4343472d 2d30312d 65706970     kins-GCC-10-pipe
 23fff88:	656e696c 5f38342d 30323032 34323131     line-48_20201124
 23fff98:	3036315f 30383136 2f313436 2f637273     _1606180641/src/
 23fffa8:	6c77656e 6e2f6269 696c7765 696c2f62     newlib/newlib/li
 23fffb8:	732f6362 696c6474 61722f62 632e646e     bc/stdlib/rand.c
	...

023fffc9 <link_const_data_end>:
 23fffc9:	00          	.byte	0x00
	...

023fffcc <link_constructors_location>:
 23fffcc:	023fbd49 	.word	0x023fbd49
 23fffd0:	023fd6b5 	.word	0x023fd6b5
 23fffd4:	023fd6c9 	.word	0x023fd6c9
 23fffd8:	023fd7c9 	.word	0x023fd7c9
 23fffdc:	023fd89d 	.word	0x023fd89d
 23fffe0:	023fda0d 	.word	0x023fda0d
 23fffe4:	023fda1d 	.word	0x023fda1d
 23fffe8:	023fda39 	.word	0x023fda39
 23fffec:	023fdf19 	.word	0x023fdf19
 23ffff0:	023fe52d 	.word	0x023fe52d
 23ffff4:	023fe6e9 	.word	0x023fe6e9
